[INFO] [launch]: All log files can be found below /home/lrm/.ros/log/2026-03-11-22-09-26-471866-lrm-Lenovo-Legion-R9000X2021R-144461
[INFO] [launch]: Default logging verbosity is set to INFO
[INFO] [component_container_isolated-1]: process started with pid [144480]
[INFO] [rviz2-2]: process started with pid [144482]
[component_container_isolated-1] [INFO] [1773238167.821112935] [nav2_container]: Load Library: /opt/ros/humble/lib/libmap_server_core.so
[component_container_isolated-1] [INFO] [1773238167.835361815] [nav2_container]: Found class: rclcpp_components::NodeFactoryTemplate<nav2_map_server::CostmapFilterInfoServer>
[component_container_isolated-1] [INFO] [1773238167.835441253] [nav2_container]: Found class: rclcpp_components::NodeFactoryTemplate<nav2_map_server::MapSaver>
[component_container_isolated-1] [INFO] [1773238167.835447345] [nav2_container]: Found class: rclcpp_components::NodeFactoryTemplate<nav2_map_server::MapServer>
[component_container_isolated-1] [INFO] [1773238167.835457243] [nav2_container]: Instantiate class: rclcpp_components::NodeFactoryTemplate<nav2_map_server::MapServer>
[component_container_isolated-1] [INFO] [1773238167.845219238] [map_server]: 
[component_container_isolated-1] 	map_server lifecycle node launched. 
[INFO] [launch_ros.actions.load_composable_nodes]: Loaded node '/map_server' in container '/nav2_container'
[component_container_isolated-1] 	Waiting on external lifecycle transitions to activate
[component_container_isolated-1] 	See https://design.ros2.org/articles/node_lifecycle.html for more information.
[component_container_isolated-1] [INFO] [1773238167.845352256] [map_server]: Creating
[component_container_isolated-1] [INFO] [1773238167.845948611] [nav2_container]: Load Library: /opt/ros/humble/lib/libcontroller_server_core.so
[component_container_isolated-1] [INFO] [1773238167.850392446] [nav2_container]: Found class: rclcpp_components::NodeFactoryTemplate<nav2_controller::ControllerServer>
[component_container_isolated-1] [INFO] [1773238167.850441037] [nav2_container]: Instantiate class: rclcpp_components::NodeFactoryTemplate<nav2_controller::ControllerServer>
[component_container_isolated-1] [INFO] [1773238167.859041841] [controller_server]: 
[component_container_isolated-1] 	controller_server lifecycle node launched. 
[component_container_isolated-1] 	Waiting on external lifecycle transitions to activate
[component_container_isolated-1] 	See https://design.ros2.org/articles/node_lifecycle.html for more information.
[component_container_isolated-1] [INFO] [1773238167.864882276] [controller_server]: Creating controller server
[component_container_isolated-1] [INFO] [1773238167.878229842] [local_costmap.local_costmap]: 
[component_container_isolated-1] 	local_costmap lifecycle node launched. 
[component_container_isolated-1] 	Waiting on external lifecycle transitions to activate
[component_container_isolated-1] 	See https://design.ros2.org/articles/node_lifecycle.html for more information.
[component_container_isolated-1] [INFO] [1773238167.879124133] [local_costmap.local_costmap]: Creating Costmap
[component_container_isolated-1] [INFO] [1773238167.880545870] [nav2_container]: Load Library: /opt/ros/humble/lib/libamcl_core.so
[INFO] [launch_ros.actions.load_composable_nodes]: Loaded node '/controller_server' in container '/nav2_container'
[component_container_isolated-1] [INFO] [1773238167.883994886] [nav2_container]: Found class: rclcpp_components::NodeFactoryTemplate<nav2_amcl::AmclNode>
[component_container_isolated-1] [INFO] [1773238167.884048967] [nav2_container]: Instantiate class: rclcpp_components::NodeFactoryTemplate<nav2_amcl::AmclNode>
[component_container_isolated-1] [INFO] [1773238167.896971208] [amcl]: 
[component_container_isolated-1] 	amcl lifecycle node launched. 
[component_container_isolated-1] 	Waiting on external lifecycle transitions to activate
[component_container_isolated-1] 	See https://design.ros2.org/articles/node_lifecycle.html for more information.
[component_container_isolated-1] [INFO] [1773238167.897640158] [amcl]: Creating
[component_container_isolated-1] [INFO] [1773238167.899941960] [nav2_container]: Load Library: /opt/ros/humble/lib/libsmoother_server_core.so
[INFO] [launch_ros.actions.load_composable_nodes]: Loaded node '/amcl' in container '/nav2_container'
[component_container_isolated-1] [INFO] [1773238167.902467380] [nav2_container]: Found class: rclcpp_components::NodeFactoryTemplate<nav2_smoother::SmootherServer>
[component_container_isolated-1] [INFO] [1773238167.902520729] [nav2_container]: Instantiate class: rclcpp_components::NodeFactoryTemplate<nav2_smoother::SmootherServer>
[component_container_isolated-1] [INFO] [1773238167.912705414] [smoother_server]: 
[component_container_isolated-1] 	smoother_server lifecycle node launched. 
[component_container_isolated-1] 	Waiting on external lifecycle transitions to activate
[component_container_isolated-1] 	See https://design.ros2.org/articles/node_lifecycle.html for more information.
[component_container_isolated-1] [INFO] [1773238167.915112172] [smoother_server]: Creating smoother server
[component_container_isolated-1] [INFO] [1773238167.915666057] [nav2_container]: Load Library: /opt/ros/humble/lib/libnav2_lifecycle_manager_core.so
[INFO] [launch_ros.actions.load_composable_nodes]: Loaded node '/smoother_server' in container '/nav2_container'
[component_container_isolated-1] [INFO] [1773238167.916364953] [nav2_container]: Found class: rclcpp_components::NodeFactoryTemplate<nav2_lifecycle_manager::LifecycleManager>
[component_container_isolated-1] [INFO] [1773238167.916385862] [nav2_container]: Instantiate class: rclcpp_components::NodeFactoryTemplate<nav2_lifecycle_manager::LifecycleManager>
[component_container_isolated-1] [INFO] [1773238167.928322000] [lifecycle_manager_localization]: Creating
[component_container_isolated-1] [INFO] [1773238167.933028937] [lifecycle_manager_localization]: [34m[1mCreating and initializing lifecycle service clients[0m[0m
[component_container_isolated-1] [INFO] [1773238167.933197281] [nav2_container]: Load Library: /opt/ros/humble/lib/libplanner_server_core.so
[INFO] [launch_ros.actions.load_composable_nodes]: Loaded node '/lifecycle_manager_localization' in container '/nav2_container'
[component_container_isolated-1] [INFO] [1773238167.934443030] [nav2_container]: Found class: rclcpp_components::NodeFactoryTemplate<nav2_planner::PlannerServer>
[component_container_isolated-1] [INFO] [1773238167.934466794] [nav2_container]: Instantiate class: rclcpp_components::NodeFactoryTemplate<nav2_planner::PlannerServer>
[component_container_isolated-1] [INFO] [1773238167.939726584] [lifecycle_manager_localization]: [34m[1mStarting managed nodes bringup...[0m[0m
[component_container_isolated-1] [INFO] [1773238167.939794772] [lifecycle_manager_localization]: [34m[1mConfiguring map_server[0m[0m
[component_container_isolated-1] [INFO] [1773238167.940129116] [map_server]: Configuring
[component_container_isolated-1] [INFO] [1773238167.940274889] [map_io]: Loading yaml file: /home/lrm/BISHE_WS/install/fishbot_navigation2/share/fishbot_navigation2/maps/room.yaml
[component_container_isolated-1] [INFO] [1773238167.940728998] [map_io]: resolution: 0.05
[component_container_isolated-1] [INFO] [1773238167.940746961] [map_io]: origin[0]: -10.4
[component_container_isolated-1] [INFO] [1773238167.940752471] [map_io]: origin[1]: -6.53
[component_container_isolated-1] [INFO] [1773238167.940757641] [map_io]: origin[2]: 0
[component_container_isolated-1] [INFO] [1773238167.940762761] [map_io]: free_thresh: 0.25
[component_container_isolated-1] [INFO] [1773238167.940767860] [map_io]: occupied_thresh: 0.65
[component_container_isolated-1] [INFO] [1773238167.940775625] [map_io]: mode: trinary
[component_container_isolated-1] [INFO] [1773238167.940784702] [map_io]: negate: 0
[component_container_isolated-1] [INFO] [1773238167.941139725] [map_io]: Loading image_file: /home/lrm/BISHE_WS/install/fishbot_navigation2/share/fishbot_navigation2/maps/room.pgm
[component_container_isolated-1] [INFO] [1773238167.953358251] [map_io]: Read map /home/lrm/BISHE_WS/install/fishbot_navigation2/share/fishbot_navigation2/maps/room.pgm: 376 X 222 map @ 0.05 m/cell
[component_container_isolated-1] [INFO] [1773238167.957553792] [planner_server]: 
[component_container_isolated-1] 	planner_server lifecycle node launched. 
[component_container_isolated-1] 	Waiting on external lifecycle transitions to activate
[component_container_isolated-1] 	See https://design.ros2.org/articles/node_lifecycle.html for more information.
[component_container_isolated-1] [INFO] [1773238167.960266341] [planner_server]: Creating
[component_container_isolated-1] [INFO] [1773238167.960569267] [lifecycle_manager_localization]: [34m[1mConfiguring amcl[0m[0m
[component_container_isolated-1] [INFO] [1773238167.960687348] [amcl]: Configuring
[component_container_isolated-1] [INFO] [1773238167.960814365] [amcl]: initTransforms
[component_container_isolated-1] [INFO] [1773238167.972894482] [amcl]: initPubSub
[component_container_isolated-1] [INFO] [1773238167.978497504] [amcl]: Subscribed to map topic.
[component_container_isolated-1] [INFO] [1773238167.981403625] [global_costmap.global_costmap]: 
[component_container_isolated-1] 	global_costmap lifecycle node launched. 
[component_container_isolated-1] 	Waiting on external lifecycle transitions to activate
[component_container_isolated-1] 	See https://design.ros2.org/articles/node_lifecycle.html for more information.
[component_container_isolated-1] [INFO] [1773238167.982183002] [global_costmap.global_costmap]: Creating Costmap
[component_container_isolated-1] [INFO] [1773238167.984481998] [lifecycle_manager_localization]: [34m[1mActivating map_server[0m[0m
[INFO] [launch_ros.actions.load_composable_nodes]: Loaded node '/planner_server' in container '/nav2_container'
[component_container_isolated-1] [INFO] [1773238167.984668256] [map_server]: Activating
[component_container_isolated-1] [INFO] [1773238167.985112998] [map_server]: Creating bond (map_server) to lifecycle manager.
[component_container_isolated-1] [INFO] [1773238167.985355040] [amcl]: Received a 376 X 222 map @ 0.050 m/pix
[component_container_isolated-1] [INFO] [1773238167.989441447] [nav2_container]: Load Library: /opt/ros/humble/lib/libbehavior_server_core.so
[component_container_isolated-1] [INFO] [1773238167.992013574] [amcl]: Message Filter dropping message: frame 'laser_link' at time 1443.331 for reason 'the timestamp on the message is earlier than all the data in the transform cache'
[component_container_isolated-1] [INFO] [1773238167.995235185] [nav2_container]: Found class: rclcpp_components::NodeFactoryTemplate<behavior_server::BehaviorServer>
[component_container_isolated-1] [INFO] [1773238167.995309033] [nav2_container]: Instantiate class: rclcpp_components::NodeFactoryTemplate<behavior_server::BehaviorServer>
[component_container_isolated-1] [INFO] [1773238168.011518508] [behavior_server]: 
[component_container_isolated-1] 	behavior_server lifecycle node launched. 
[component_container_isolated-1] 	Waiting on external lifecycle transitions to activate
[component_container_isolated-1] 	See https://design.ros2.org/articles/node_lifecycle.html for more information.
[INFO] [launch_ros.actions.load_composable_nodes]: Loaded node '/behavior_server' in container '/nav2_container'
[component_container_isolated-1] [INFO] [1773238168.018607577] [nav2_container]: Load Library: /opt/ros/humble/lib/libbt_navigator_core.so
[component_container_isolated-1] [INFO] [1773238168.020999818] [nav2_container]: Found class: rclcpp_components::NodeFactoryTemplate<nav2_bt_navigator::BtNavigator>
[component_container_isolated-1] [INFO] [1773238168.021054500] [nav2_container]: Instantiate class: rclcpp_components::NodeFactoryTemplate<nav2_bt_navigator::BtNavigator>
[component_container_isolated-1] [INFO] [1773238168.039816875] [bt_navigator]: 
[component_container_isolated-1] 	bt_navigator lifecycle node launched. 
[INFO] [launch_ros.actions.load_composable_nodes]: Loaded node '/bt_navigator' in container '/nav2_container'
[component_container_isolated-1] 	Waiting on external lifecycle transitions to activate
[component_container_isolated-1] 	See https://design.ros2.org/articles/node_lifecycle.html for more information.
[component_container_isolated-1] [INFO] [1773238168.039945416] [bt_navigator]: Creating
[component_container_isolated-1] [INFO] [1773238168.043947385] [nav2_container]: Load Library: /opt/ros/humble/lib/libwaypoint_follower_core.so
[component_container_isolated-1] [INFO] [1773238168.044974815] [nav2_container]: Found class: rclcpp_components::NodeFactoryTemplate<nav2_waypoint_follower::WaypointFollower>
[component_container_isolated-1] [INFO] [1773238168.045041289] [nav2_container]: Instantiate class: rclcpp_components::NodeFactoryTemplate<nav2_waypoint_follower::WaypointFollower>
[component_container_isolated-1] [INFO] [1773238168.060775746] [waypoint_follower]: 
[component_container_isolated-1] 	waypoint_follower lifecycle node launched. 
[component_container_isolated-1] 	Waiting on external lifecycle transitions to activate
[component_container_isolated-1] 	See https://design.ros2.org/articles/node_lifecycle.html for more information.
[component_container_isolated-1] [INFO] [1773238168.061394442] [waypoint_follower]: Creating
[INFO] [launch_ros.actions.load_composable_nodes]: Loaded node '/waypoint_follower' in container '/nav2_container'
[component_container_isolated-1] [INFO] [1773238168.065430495] [nav2_container]: Load Library: /opt/ros/humble/lib/libvelocity_smoother_core.so
[rviz2-2] [INFO] [1773238168.066521074] [rviz2]: Stereo is NOT SUPPORTED
[component_container_isolated-1] [INFO] [1773238168.066670483] [nav2_container]: Found class: rclcpp_components::NodeFactoryTemplate<nav2_velocity_smoother::VelocitySmoother>
[component_container_isolated-1] [INFO] [1773238168.066698505] [nav2_container]: Instantiate class: rclcpp_components::NodeFactoryTemplate<nav2_velocity_smoother::VelocitySmoother>
[rviz2-2] [INFO] [1773238168.066737669] [rviz2]: OpenGl version: 4.6 (GLSL 4.6)
[component_container_isolated-1] [INFO] [1773238168.091083820] [velocity_smoother]: 
[component_container_isolated-1] 	velocity_smoother lifecycle node launched. 
[INFO] [launch_ros.actions.load_composable_nodes]: Loaded node '/velocity_smoother' in container '/nav2_container'
[component_container_isolated-1] 	Waiting on external lifecycle transitions to activate
[component_container_isolated-1] 	See https://design.ros2.org/articles/node_lifecycle.html for more information.
[component_container_isolated-1] [INFO] [1773238168.093818401] [nav2_container]: Found class: rclcpp_components::NodeFactoryTemplate<nav2_lifecycle_manager::LifecycleManager>
[component_container_isolated-1] [INFO] [1773238168.093871349] [nav2_container]: Instantiate class: rclcpp_components::NodeFactoryTemplate<nav2_lifecycle_manager::LifecycleManager>
[component_container_isolated-1] [INFO] [1773238168.102930260] [lifecycle_manager_localization]: Server map_server connected with bond.
[component_container_isolated-1] [INFO] [1773238168.103008697] [lifecycle_manager_localization]: [34m[1mActivating amcl[0m[0m
[component_container_isolated-1] [INFO] [1773238168.103320109] [amcl]: Activating
[component_container_isolated-1] [INFO] [1773238168.103373539] [amcl]: Creating bond (amcl) to lifecycle manager.
[rviz2-2] [INFO] [1773238168.104609378] [rviz2]: Stereo is NOT SUPPORTED
[component_container_isolated-1] [INFO] [1773238168.111203873] [lifecycle_manager_navigation]: Creating
[component_container_isolated-1] [INFO] [1773238168.113740053] [amcl]: createLaserObject
[component_container_isolated-1] [INFO] [1773238168.115094083] [lifecycle_manager_navigation]: [34m[1mCreating and initializing lifecycle service clients[0m[0m
[INFO] [launch_ros.actions.load_composable_nodes]: Loaded node '/lifecycle_manager_navigation' in container '/nav2_container'
[component_container_isolated-1] [INFO] [1773238168.137797885] [lifecycle_manager_navigation]: [34m[1mStarting managed nodes bringup...[0m[0m
[component_container_isolated-1] [INFO] [1773238168.137883285] [lifecycle_manager_navigation]: [34m[1mConfiguring controller_server[0m[0m
[component_container_isolated-1] [INFO] [1773238168.138082257] [controller_server]: Configuring controller interface
[component_container_isolated-1] [INFO] [1773238168.138608019] [controller_server]: getting goal checker plugins..
[component_container_isolated-1] [INFO] [1773238168.138931394] [controller_server]: Controller frequency set to 20.0000Hz
[component_container_isolated-1] [INFO] [1773238168.139026582] [local_costmap.local_costmap]: Configuring
[component_container_isolated-1] [WARN] [1773238168.140114435] [amcl]: AMCL cannot publish a pose or update the transform. Please set the initial pose...
[component_container_isolated-1] [INFO] [1773238168.145008191] [local_costmap.local_costmap]: Using plugin "voxel_layer"
[component_container_isolated-1] [INFO] [1773238168.150260647] [local_costmap.local_costmap]: Subscribed to Topics: scan
[component_container_isolated-1] [INFO] [1773238168.159292307] [local_costmap.local_costmap]: Initialized plugin "voxel_layer"
[component_container_isolated-1] [INFO] [1773238168.159371445] [local_costmap.local_costmap]: Using plugin "inflation_layer"
[component_container_isolated-1] [INFO] [1773238168.160302114] [local_costmap.local_costmap]: Initialized plugin "inflation_layer"
[component_container_isolated-1] [INFO] [1773238168.183362903] [controller_server]: Created progress_checker : progress_checker of type nav2_controller::SimpleProgressChecker
[component_container_isolated-1] [INFO] [1773238168.184749445] [controller_server]: Created goal checker : general_goal_checker of type nav2_controller::SimpleGoalChecker
[component_container_isolated-1] [INFO] [1773238168.185205928] [controller_server]: Controller Server has general_goal_checker  goal checkers available.
[component_container_isolated-1] [INFO] [1773238168.187826756] [controller_server]: Created controller : FollowPath of type dwb_core::DWBLocalPlanner
[component_container_isolated-1] [INFO] [1773238168.188866820] [controller_server]: Setting transform_tolerance to 0.500000
[component_container_isolated-1] [INFO] [1773238168.199746233] [controller_server]: Using critic "RotateToGoal" (dwb_critics::RotateToGoalCritic)
[component_container_isolated-1] [INFO] [1773238168.200316328] [controller_server]: Critic plugin initialized
[component_container_isolated-1] [INFO] [1773238168.200480675] [controller_server]: Using critic "Oscillation" (dwb_critics::OscillationCritic)
[component_container_isolated-1] [INFO] [1773238168.201014383] [controller_server]: Critic plugin initialized
[component_container_isolated-1] [INFO] [1773238168.201145317] [controller_server]: Using critic "BaseObstacle" (dwb_critics::BaseObstacleCritic)
[component_container_isolated-1] [INFO] [1773238168.201333900] [controller_server]: Critic plugin initialized
[component_container_isolated-1] [INFO] [1773238168.201476266] [controller_server]: Using critic "GoalAlign" (dwb_critics::GoalAlignCritic)
[component_container_isolated-1] [INFO] [1773238168.201932859] [controller_server]: Critic plugin initialized
[component_container_isolated-1] [INFO] [1773238168.202067170] [controller_server]: Using critic "PathAlign" (dwb_critics::PathAlignCritic)
[component_container_isolated-1] [INFO] [1773238168.202471226] [controller_server]: Critic plugin initialized
[component_container_isolated-1] [INFO] [1773238168.202604695] [controller_server]: Using critic "PathDist" (dwb_critics::PathDistCritic)
[component_container_isolated-1] [INFO] [1773238168.202879448] [controller_server]: Critic plugin initialized
[component_container_isolated-1] [INFO] [1773238168.202995936] [controller_server]: Using critic "GoalDist" (dwb_critics::GoalDistCritic)
[component_container_isolated-1] [INFO] [1773238168.203225766] [controller_server]: Critic plugin initialized
[component_container_isolated-1] [INFO] [1773238168.203248999] [controller_server]: Controller Server has FollowPath  controllers available.
[component_container_isolated-1] [INFO] [1773238168.210396397] [lifecycle_manager_localization]: Server amcl connected with bond.
[component_container_isolated-1] [INFO] [1773238168.210503688] [lifecycle_manager_localization]: [34m[1mManaged nodes are active[0m[0m
[component_container_isolated-1] [INFO] [1773238168.210531189] [lifecycle_manager_localization]: [34m[1mCreating bond timer...[0m[0m
[component_container_isolated-1] [INFO] [1773238168.214128943] [lifecycle_manager_navigation]: [34m[1mConfiguring smoother_server[0m[0m
[component_container_isolated-1] [INFO] [1773238168.214402073] [smoother_server]: Configuring smoother server
[component_container_isolated-1] [INFO] [1773238168.222250562] [smoother_server]: Created smoother : simple_smoother of type nav2_smoother::SimpleSmoother
[component_container_isolated-1] [INFO] [1773238168.223181582] [smoother_server]: Smoother Server has simple_smoother  smoothers available.
[component_container_isolated-1] [INFO] [1773238168.228521432] [lifecycle_manager_navigation]: [34m[1mConfiguring planner_server[0m[0m
[component_container_isolated-1] [INFO] [1773238168.228622480] [planner_server]: Configuring
[component_container_isolated-1] [INFO] [1773238168.228656053] [global_costmap.global_costmap]: Configuring
[component_container_isolated-1] [INFO] [1773238168.232257043] [global_costmap.global_costmap]: Using plugin "static_layer"
[component_container_isolated-1] [INFO] [1773238168.233151595] [global_costmap.global_costmap]: Subscribing to the map topic (/map) with transient local durability
[component_container_isolated-1] [INFO] [1773238168.233745084] [global_costmap.global_costmap]: Initialized plugin "static_layer"
[component_container_isolated-1] [INFO] [1773238168.233767125] [global_costmap.global_costmap]: Using plugin "obstacle_layer"
[component_container_isolated-1] [INFO] [1773238168.234443930] [global_costmap.global_costmap]: Subscribed to Topics: scan
[component_container_isolated-1] [INFO] [1773238168.237969149] [global_costmap.global_costmap]: Initialized plugin "obstacle_layer"
[component_container_isolated-1] [INFO] [1773238168.238016157] [global_costmap.global_costmap]: Using plugin "inflation_layer"
[component_container_isolated-1] [INFO] [1773238168.239134427] [global_costmap.global_costmap]: Initialized plugin "inflation_layer"
[component_container_isolated-1] [WARN] [1773238168.249580650] [amcl]: New subscription discovered on topic '/particle_cloud', requesting incompatible QoS. No messages will be sent to it. Last incompatible policy: RELIABILITY_QOS_POLICY
[component_container_isolated-1] [INFO] [1773238168.255332129] [planner_server]: Created global planner plugin GridBased of type nav2_rrt_dynamic_biased_planner/RRTDynamicBiasedPlanner
[component_container_isolated-1] [INFO] [1773238168.259895848] [planner_server]: Planner Server has GridBased  planners available.
[component_container_isolated-1] [INFO] [1773238168.267807655] [lifecycle_manager_navigation]: [34m[1mConfiguring behavior_server[0m[0m
[component_container_isolated-1] [INFO] [1773238168.267992460] [behavior_server]: Configuring
[component_container_isolated-1] [INFO] [1773238168.277228131] [behavior_server]: Creating behavior plugin spin of type nav2_behaviors/Spin
[component_container_isolated-1] [INFO] [1773238168.278024970] [behavior_server]: Configuring spin
[component_container_isolated-1] [INFO] [1773238168.284996289] [behavior_server]: Creating behavior plugin backup of type nav2_behaviors/BackUp
[component_container_isolated-1] [INFO] [1773238168.286616568] [behavior_server]: Configuring backup
[component_container_isolated-1] [INFO] [1773238168.291783775] [behavior_server]: Creating behavior plugin drive_on_heading of type nav2_behaviors/DriveOnHeading
[component_container_isolated-1] [INFO] [1773238168.293037428] [behavior_server]: Configuring drive_on_heading
[component_container_isolated-1] [INFO] [1773238168.303890411] [global_costmap.global_costmap]: StaticLayer: Resizing costmap to 376 X 222 at 0.050000 m/pix
[component_container_isolated-1] [INFO] [1773238168.304347606] [behavior_server]: Creating behavior plugin assisted_teleop of type nav2_behaviors/AssistedTeleop
[component_container_isolated-1] [INFO] [1773238168.306009051] [behavior_server]: Configuring assisted_teleop
[component_container_isolated-1] [INFO] [1773238168.311724833] [behavior_server]: Creating behavior plugin wait of type nav2_behaviors/Wait
[component_container_isolated-1] [INFO] [1773238168.312284429] [behavior_server]: Configuring wait
[component_container_isolated-1] [INFO] [1773238168.317082977] [lifecycle_manager_navigation]: [34m[1mConfiguring bt_navigator[0m[0m
[component_container_isolated-1] [INFO] [1773238168.317326051] [bt_navigator]: Configuring
[rviz2-2] [INFO] [1773238168.346664663] [rviz2]: Trying to create a map of size 376 x 222 using 1 swatches
[rviz2-2] [ERROR] [1773238168.349386590] [rviz2]: Vertex Program:rviz/glsl120/indexed_8bit_image.vert Fragment Program:rviz/glsl120/indexed_8bit_image.frag GLSL link result : 
[rviz2-2] active samplers with a different type refer to the same texture image unit
[component_container_isolated-1] [INFO] [1773238168.398929884] [lifecycle_manager_navigation]: [34m[1mConfiguring waypoint_follower[0m[0m
[component_container_isolated-1] [INFO] [1773238168.399109930] [waypoint_follower]: Configuring
[component_container_isolated-1] [INFO] [1773238168.406488831] [waypoint_follower]: Created waypoint_task_executor : wait_at_waypoint of type nav2_waypoint_follower::WaitAtWaypoint
[component_container_isolated-1] [INFO] [1773238168.407249703] [lifecycle_manager_navigation]: [34m[1mConfiguring velocity_smoother[0m[0m
[component_container_isolated-1] [INFO] [1773238168.407406917] [velocity_smoother]: Configuring velocity smoother
[component_container_isolated-1] [INFO] [1773238168.411247484] [lifecycle_manager_navigation]: [34m[1mActivating controller_server[0m[0m
[component_container_isolated-1] [INFO] [1773238168.411402384] [controller_server]: Activating
[component_container_isolated-1] [INFO] [1773238168.411436598] [local_costmap.local_costmap]: Activating
[component_container_isolated-1] [INFO] [1773238168.411455774] [local_costmap.local_costmap]: Checking transform
[component_container_isolated-1] [INFO] [1773238168.411566721] [local_costmap.local_costmap]: start
[component_container_isolated-1] [INFO] [1773238168.612916049] [controller_server]: Creating bond (controller_server) to lifecycle manager.
[rviz2-2] [INFO] [1773238168.635191551] [rviz2]: Message Filter dropping message: frame 'laser_link' at time 1443.630 for reason 'discarding message because the queue is full'
[rviz2-2] [INFO] [1773238168.667419402] [rviz2]: Message Filter dropping message: frame 'laser_link' at time 1443.650 for reason 'discarding message because the queue is full'
[rviz2-2] [INFO] [1773238168.699176384] [rviz2]: Message Filter dropping message: frame 'laser_link' at time 1443.690 for reason 'discarding message because the queue is full'
[component_container_isolated-1] [INFO] [1773238168.718781675] [lifecycle_manager_navigation]: Server controller_server connected with bond.
[component_container_isolated-1] [INFO] [1773238168.718865051] [lifecycle_manager_navigation]: [34m[1mActivating smoother_server[0m[0m
[component_container_isolated-1] [INFO] [1773238168.719206970] [smoother_server]: Activating
[component_container_isolated-1] [INFO] [1773238168.719246233] [smoother_server]: Creating bond (smoother_server) to lifecycle manager.
[rviz2-2] [INFO] [1773238168.731756745] [rviz2]: Message Filter dropping message: frame 'laser_link' at time 1443.710 for reason 'discarding message because the queue is full'
[rviz2-2] [INFO] [1773238168.763382852] [rviz2]: Message Filter dropping message: frame 'laser_link' at time 1443.740 for reason 'discarding message because the queue is full'
[rviz2-2] [INFO] [1773238168.795887321] [rviz2]: Message Filter dropping message: frame 'laser_link' at time 1443.780 for reason 'discarding message because the queue is full'
[component_container_isolated-1] [INFO] [1773238168.822484589] [lifecycle_manager_navigation]: Server smoother_server connected with bond.
[component_container_isolated-1] [INFO] [1773238168.822527760] [lifecycle_manager_navigation]: [34m[1mActivating planner_server[0m[0m
[component_container_isolated-1] [INFO] [1773238168.822772517] [planner_server]: Activating
[component_container_isolated-1] [INFO] [1773238168.822811570] [global_costmap.global_costmap]: Activating
[component_container_isolated-1] [INFO] [1773238168.822821368] [global_costmap.global_costmap]: Checking transform
[component_container_isolated-1] [INFO] [1773238168.822832659] [global_costmap.global_costmap]: Timed out waiting for transform from base_link to map to become available, tf error: Invalid frame ID "map" passed to canTransform argument target_frame - frame does not exist
[rviz2-2] [INFO] [1773238168.827206123] [rviz2]: Message Filter dropping message: frame 'laser_link' at time 1443.810 for reason 'discarding message because the queue is full'
[rviz2-2] [INFO] [1773238168.859633588] [rviz2]: Message Filter dropping message: frame 'laser_link' at time 1443.840 for reason 'discarding message because the queue is full'
[rviz2-2] [INFO] [1773238168.892034673] [rviz2]: Message Filter dropping message: frame 'laser_link' at time 1443.870 for reason 'discarding message because the queue is full'
[rviz2-2] [INFO] [1773238168.924055468] [rviz2]: Message Filter dropping message: frame 'laser_link' at time 1443.900 for reason 'discarding message because the queue is full'
[rviz2-2] [INFO] [1773238168.955570267] [rviz2]: Message Filter dropping message: frame 'laser_link' at time 1443.940 for reason 'discarding message because the queue is full'
[rviz2-2] [INFO] [1773238168.987385878] [rviz2]: Message Filter dropping message: frame 'laser_link' at time 1443.970 for reason 'discarding message because the queue is full'
[rviz2-2] [INFO] [1773238169.020199936] [rviz2]: Message Filter dropping message: frame 'laser_link' at time 1444.000 for reason 'discarding message because the queue is full'
[rviz2-2] [INFO] [1773238169.051995721] [rviz2]: Message Filter dropping message: frame 'laser_link' at time 1444.030 for reason 'discarding message because the queue is full'
[rviz2-2] [INFO] [1773238169.083348057] [rviz2]: Message Filter dropping message: frame 'laser_link' at time 1444.060 for reason 'discarding message because the queue is full'
[rviz2-2] [INFO] [1773238169.116018847] [rviz2]: Message Filter dropping message: frame 'laser_link' at time 1444.100 for reason 'discarding message because the queue is full'
[rviz2-2] [INFO] [1773238169.147136664] [rviz2]: Message Filter dropping message: frame 'laser_link' at time 1444.130 for reason 'discarding message because the queue is full'
[rviz2-2] [INFO] [1773238169.179228482] [rviz2]: Message Filter dropping message: frame 'laser_link' at time 1444.160 for reason 'discarding message because the queue is full'
[rviz2-2] [INFO] [1773238169.212172412] [rviz2]: Message Filter dropping message: frame 'laser_link' at time 1444.190 for reason 'discarding message because the queue is full'
[rviz2-2] [INFO] [1773238169.243804251] [rviz2]: Message Filter dropping message: frame 'laser_link' at time 1444.220 for reason 'discarding message because the queue is full'
[rviz2-2] [INFO] [1773238169.275691175] [rviz2]: Message Filter dropping message: frame 'laser_link' at time 1444.260 for reason 'discarding message because the queue is full'
[rviz2-2] [INFO] [1773238169.307629517] [rviz2]: Message Filter dropping message: frame 'laser_link' at time 1444.290 for reason 'discarding message because the queue is full'
[component_container_isolated-1] [INFO] [1773238169.322863178] [global_costmap.global_costmap]: Timed out waiting for transform from base_link to map to become available, tf error: Invalid frame ID "map" passed to canTransform argument target_frame - frame does not exist
[rviz2-2] [INFO] [1773238169.340131150] [rviz2]: Message Filter dropping message: frame 'laser_link' at time 1444.320 for reason 'discarding message because the queue is full'
[rviz2-2] [INFO] [1773238169.371123483] [rviz2]: Message Filter dropping message: frame 'laser_link' at time 1444.350 for reason 'discarding message because the queue is full'
[rviz2-2] [INFO] [1773238169.403967096] [rviz2]: Message Filter dropping message: frame 'laser_link' at time 1444.380 for reason 'discarding message because the queue is full'
[rviz2-2] [INFO] [1773238169.435749897] [rviz2]: Message Filter dropping message: frame 'laser_link' at time 1444.420 for reason 'discarding message because the queue is full'
[rviz2-2] [INFO] [1773238169.467631662] [rviz2]: Message Filter dropping message: frame 'laser_link' at time 1444.450 for reason 'discarding message because the queue is full'
[rviz2-2] [INFO] [1773238169.499655934] [rviz2]: Message Filter dropping message: frame 'laser_link' at time 1444.480 for reason 'discarding message because the queue is full'
[rviz2-2] [INFO] [1773238169.531175121] [rviz2]: Message Filter dropping message: frame 'laser_link' at time 1444.510 for reason 'discarding message because the queue is full'
[rviz2-2] [INFO] [1773238169.564017442] [rviz2]: Message Filter dropping message: frame 'laser_link' at time 1444.540 for reason 'discarding message because the queue is full'
[rviz2-2] [INFO] [1773238169.595739899] [rviz2]: Message Filter dropping message: frame 'laser_link' at time 1444.580 for reason 'discarding message because the queue is full'
[rviz2-2] [INFO] [1773238169.627301757] [rviz2]: Message Filter dropping message: frame 'laser_link' at time 1444.610 for reason 'discarding message because the queue is full'
[rviz2-2] [INFO] [1773238169.659953391] [rviz2]: Message Filter dropping message: frame 'laser_link' at time 1444.640 for reason 'discarding message because the queue is full'
[rviz2-2] [INFO] [1773238169.692039488] [rviz2]: Message Filter dropping message: frame 'laser_link' at time 1444.670 for reason 'discarding message because the queue is full'
[rviz2-2] [INFO] [1773238169.723607417] [rviz2]: Message Filter dropping message: frame 'laser_link' at time 1444.700 for reason 'discarding message because the queue is full'
[rviz2-2] [INFO] [1773238169.755370370] [rviz2]: Message Filter dropping message: frame 'laser_link' at time 1444.740 for reason 'discarding message because the queue is full'
[rviz2-2] [INFO] [1773238169.787633308] [rviz2]: Message Filter dropping message: frame 'laser_link' at time 1444.770 for reason 'discarding message because the queue is full'
[rviz2-2] [INFO] [1773238169.820303627] [rviz2]: Message Filter dropping message: frame 'laser_link' at time 1444.800 for reason 'discarding message because the queue is full'
[component_container_isolated-1] [INFO] [1773238169.822870935] [global_costmap.global_costmap]: Timed out waiting for transform from base_link to map to become available, tf error: Invalid frame ID "map" passed to canTransform argument target_frame - frame does not exist
[rviz2-2] [INFO] [1773238169.852118557] [rviz2]: Message Filter dropping message: frame 'laser_link' at time 1444.830 for reason 'discarding message because the queue is full'
[rviz2-2] [INFO] [1773238169.883567995] [rviz2]: Message Filter dropping message: frame 'laser_link' at time 1444.860 for reason 'discarding message because the queue is full'
[rviz2-2] [INFO] [1773238169.915817918] [rviz2]: Message Filter dropping message: frame 'laser_link' at time 1444.900 for reason 'discarding message because the queue is full'
[rviz2-2] [INFO] [1773238169.947603313] [rviz2]: Message Filter dropping message: frame 'laser_link' at time 1444.930 for reason 'discarding message because the queue is full'
[rviz2-2] [INFO] [1773238169.979845041] [rviz2]: Message Filter dropping message: frame 'laser_link' at time 1444.960 for reason 'discarding message because the queue is full'
[rviz2-2] [INFO] [1773238170.012057004] [rviz2]: Message Filter dropping message: frame 'laser_link' at time 1444.990 for reason 'discarding message because the queue is full'
[rviz2-2] [INFO] [1773238170.043602150] [rviz2]: Message Filter dropping message: frame 'laser_link' at time 1445.020 for reason 'discarding message because the queue is full'
[rviz2-2] [INFO] [1773238170.075806178] [rviz2]: Message Filter dropping message: frame 'laser_link' at time 1445.060 for reason 'discarding message because the queue is full'
[rviz2-2] [INFO] [1773238170.108007191] [rviz2]: Message Filter dropping message: frame 'laser_link' at time 1445.090 for reason 'discarding message because the queue is full'
[rviz2-2] [INFO] [1773238170.139611809] [rviz2]: Message Filter dropping message: frame 'laser_link' at time 1445.120 for reason 'discarding message because the queue is full'
[rviz2-2] [INFO] [1773238170.171350006] [rviz2]: Message Filter dropping message: frame 'laser_link' at time 1445.150 for reason 'discarding message because the queue is full'
[component_container_isolated-1] [WARN] [1773238170.194350643] [amcl]: AMCL cannot publish a pose or update the transform. Please set the initial pose...
[rviz2-2] [INFO] [1773238170.203789825] [rviz2]: Message Filter dropping message: frame 'laser_link' at time 1445.180 for reason 'discarding message because the queue is full'
[rviz2-2] [INFO] [1773238170.235402518] [rviz2]: Message Filter dropping message: frame 'laser_link' at time 1445.220 for reason 'discarding message because the queue is full'
[rviz2-2] [INFO] [1773238170.267498183] [rviz2]: Message Filter dropping message: frame 'laser_link' at time 1445.250 for reason 'discarding message because the queue is full'
[rviz2-2] [INFO] [1773238170.299362556] [rviz2]: Message Filter dropping message: frame 'laser_link' at time 1445.280 for reason 'discarding message because the queue is full'
[component_container_isolated-1] [INFO] [1773238170.322854311] [global_costmap.global_costmap]: Timed out waiting for transform from base_link to map to become available, tf error: Invalid frame ID "map" passed to canTransform argument target_frame - frame does not exist
[rviz2-2] [INFO] [1773238170.331708890] [rviz2]: Message Filter dropping message: frame 'laser_link' at time 1445.310 for reason 'discarding message because the queue is full'
[rviz2-2] [INFO] [1773238170.363213521] [rviz2]: Message Filter dropping message: frame 'laser_link' at time 1445.340 for reason 'discarding message because the queue is full'
[rviz2-2] [INFO] [1773238170.395454057] [rviz2]: Message Filter dropping message: frame 'laser_link' at time 1445.380 for reason 'discarding message because the queue is full'
[rviz2-2] [INFO] [1773238170.428081547] [rviz2]: Message Filter dropping message: frame 'laser_link' at time 1445.410 for reason 'discarding message because the queue is full'
[rviz2-2] [INFO] [1773238170.460251191] [rviz2]: Message Filter dropping message: frame 'laser_link' at time 1445.440 for reason 'discarding message because the queue is full'
[rviz2-2] [INFO] [1773238170.491787531] [rviz2]: Message Filter dropping message: frame 'laser_link' at time 1445.470 for reason 'discarding message because the queue is full'
[rviz2-2] [INFO] [1773238170.523567035] [rviz2]: Message Filter dropping message: frame 'laser_link' at time 1445.500 for reason 'discarding message because the queue is full'
[rviz2-2] [INFO] [1773238170.555959145] [rviz2]: Message Filter dropping message: frame 'laser_link' at time 1445.531 for reason 'discarding message because the queue is full'
[rviz2-2] [INFO] [1773238170.587682695] [rviz2]: Message Filter dropping message: frame 'laser_link' at time 1445.571 for reason 'discarding message because the queue is full'
[rviz2-2] [INFO] [1773238170.619750438] [rviz2]: Message Filter dropping message: frame 'odom' at time 1443.940 for reason 'discarding message because the queue is full'
[rviz2-2] [INFO] [1773238170.619853260] [rviz2]: Message Filter dropping message: frame 'laser_link' at time 1445.601 for reason 'discarding message because the queue is full'
[rviz2-2] [INFO] [1773238170.651236725] [rviz2]: Message Filter dropping message: frame 'laser_link' at time 1445.631 for reason 'discarding message because the queue is full'
[rviz2-2] [INFO] [1773238170.683937301] [rviz2]: Message Filter dropping message: frame 'laser_link' at time 1445.661 for reason 'discarding message because the queue is full'
[rviz2-2] [INFO] [1773238170.715842490] [rviz2]: Message Filter dropping message: frame 'laser_link' at time 1445.691 for reason 'discarding message because the queue is full'
[rviz2-2] [INFO] [1773238170.748190027] [rviz2]: Message Filter dropping message: frame 'laser_link' at time 1445.731 for reason 'discarding message because the queue is full'
[rviz2-2] [INFO] [1773238170.779483222] [rviz2]: Message Filter dropping message: frame 'laser_link' at time 1445.761 for reason 'discarding message because the queue is full'
[rviz2-2] [INFO] [1773238170.811699604] [rviz2]: Message Filter dropping message: frame 'laser_link' at time 1445.791 for reason 'discarding message because the queue is full'
[component_container_isolated-1] [INFO] [1773238170.822854993] [global_costmap.global_costmap]: Timed out waiting for transform from base_link to map to become available, tf error: Invalid frame ID "map" passed to canTransform argument target_frame - frame does not exist
[rviz2-2] [INFO] [1773238170.843359755] [rviz2]: Message Filter dropping message: frame 'odom' at time 1444.140 for reason 'discarding message because the queue is full'
[rviz2-2] [INFO] [1773238170.843482534] [rviz2]: Message Filter dropping message: frame 'laser_link' at time 1445.821 for reason 'discarding message because the queue is full'
[rviz2-2] [INFO] [1773238170.876110695] [rviz2]: Message Filter dropping message: frame 'laser_link' at time 1445.861 for reason 'discarding message because the queue is full'
[rviz2-2] [INFO] [1773238170.908196833] [rviz2]: Message Filter dropping message: frame 'laser_link' at time 1445.891 for reason 'discarding message because the queue is full'
[rviz2-2] [INFO] [1773238170.939981667] [rviz2]: Message Filter dropping message: frame 'laser_link' at time 1445.921 for reason 'discarding message because the queue is full'
[rviz2-2] [INFO] [1773238170.971477632] [rviz2]: Message Filter dropping message: frame 'laser_link' at time 1445.951 for reason 'discarding message because the queue is full'
[rviz2-2] [INFO] [1773238171.003466017] [rviz2]: Message Filter dropping message: frame 'laser_link' at time 1445.981 for reason 'discarding message because the queue is full'
[rviz2-2] [INFO] [1773238171.035649778] [rviz2]: Message Filter dropping message: frame 'odom' at time 1444.340 for reason 'discarding message because the queue is full'
[rviz2-2] [INFO] [1773238171.035852937] [rviz2]: Message Filter dropping message: frame 'laser_link' at time 1446.011 for reason 'discarding message because the queue is full'
[rviz2-2] [INFO] [1773238171.067929037] [rviz2]: Message Filter dropping message: frame 'laser_link' at time 1446.051 for reason 'discarding message because the queue is full'
[rviz2-2] [INFO] [1773238171.099290090] [rviz2]: Message Filter dropping message: frame 'laser_link' at time 1446.081 for reason 'discarding message because the queue is full'
[rviz2-2] [INFO] [1773238171.131577514] [rviz2]: Message Filter dropping message: frame 'laser_link' at time 1446.111 for reason 'discarding message because the queue is full'
[rviz2-2] [INFO] [1773238171.163481892] [rviz2]: Message Filter dropping message: frame 'laser_link' at time 1446.141 for reason 'discarding message because the queue is full'
[rviz2-2] [INFO] [1773238171.195304769] [rviz2]: Message Filter dropping message: frame 'laser_link' at time 1446.171 for reason 'discarding message because the queue is full'
[rviz2-2] [INFO] [1773238171.228216029] [rviz2]: Message Filter dropping message: frame 'odom' at time 1444.540 for reason 'discarding message because the queue is full'
[rviz2-2] [INFO] [1773238171.228358826] [rviz2]: Message Filter dropping message: frame 'laser_link' at time 1446.211 for reason 'discarding message because the queue is full'
[rviz2-2] [INFO] [1773238171.259271190] [rviz2]: Message Filter dropping message: frame 'laser_link' at time 1446.241 for reason 'discarding message because the queue is full'
[rviz2-2] [INFO] [1773238171.292004167] [rviz2]: Message Filter dropping message: frame 'laser_link' at time 1446.271 for reason 'discarding message because the queue is full'
[component_container_isolated-1] [INFO] [1773238171.322853494] [global_costmap.global_costmap]: Timed out waiting for transform from base_link to map to become available, tf error: Invalid frame ID "map" passed to canTransform argument target_frame - frame does not exist
[rviz2-2] [INFO] [1773238171.323234265] [rviz2]: Message Filter dropping message: frame 'laser_link' at time 1446.301 for reason 'discarding message because the queue is full'
[rviz2-2] [INFO] [1773238171.356134375] [rviz2]: Message Filter dropping message: frame 'laser_link' at time 1446.331 for reason 'discarding message because the queue is full'
[rviz2-2] [INFO] [1773238171.387240882] [rviz2]: Message Filter dropping message: frame 'laser_link' at time 1446.371 for reason 'discarding message because the queue is full'
[rviz2-2] [INFO] [1773238171.420112368] [rviz2]: Message Filter dropping message: frame 'odom' at time 1444.740 for reason 'discarding message because the queue is full'
[rviz2-2] [INFO] [1773238171.420224177] [rviz2]: Message Filter dropping message: frame 'laser_link' at time 1446.401 for reason 'discarding message because the queue is full'
[rviz2-2] [INFO] [1773238171.451199228] [rviz2]: Message Filter dropping message: frame 'laser_link' at time 1446.431 for reason 'discarding message because the queue is full'
[rviz2-2] [INFO] [1773238171.483973052] [rviz2]: Message Filter dropping message: frame 'laser_link' at time 1446.461 for reason 'discarding message because the queue is full'
[rviz2-2] [INFO] [1773238171.515171250] [rviz2]: Message Filter dropping message: frame 'laser_link' at time 1446.491 for reason 'discarding message because the queue is full'
[rviz2-2] [INFO] [1773238171.547938882] [rviz2]: Message Filter dropping message: frame 'laser_link' at time 1446.531 for reason 'discarding message because the queue is full'
[rviz2-2] [INFO] [1773238171.580190419] [rviz2]: Message Filter dropping message: frame 'laser_link' at time 1446.561 for reason 'discarding message because the queue is full'
[rviz2-2] [INFO] [1773238171.611315942] [rviz2]: Message Filter dropping message: frame 'laser_link' at time 1446.591 for reason 'discarding message because the queue is full'
[rviz2-2] [INFO] [1773238171.643690589] [rviz2]: Message Filter dropping message: frame 'odom' at time 1444.940 for reason 'discarding message because the queue is full'
[rviz2-2] [INFO] [1773238171.643806416] [rviz2]: Message Filter dropping message: frame 'laser_link' at time 1446.621 for reason 'discarding message because the queue is full'
[rviz2-2] [INFO] [1773238171.675982292] [rviz2]: Message Filter dropping message: frame 'laser_link' at time 1446.651 for reason 'discarding message because the queue is full'
[rviz2-2] [INFO] [1773238171.708059653] [rviz2]: Message Filter dropping message: frame 'laser_link' at time 1446.691 for reason 'discarding message because the queue is full'
[rviz2-2] [INFO] [1773238171.739536613] [rviz2]: Message Filter dropping message: frame 'laser_link' at time 1446.721 for reason 'discarding message because the queue is full'
[rviz2-2] [INFO] [1773238171.771400375] [rviz2]: Message Filter dropping message: frame 'laser_link' at time 1446.751 for reason 'discarding message because the queue is full'
[rviz2-2] [INFO] [1773238171.803504187] [rviz2]: Message Filter dropping message: frame 'laser_link' at time 1446.781 for reason 'discarding message because the queue is full'
[component_container_isolated-1] [INFO] [1773238171.822850614] [global_costmap.global_costmap]: Timed out waiting for transform from base_link to map to become available, tf error: Invalid frame ID "map" passed to canTransform argument target_frame - frame does not exist
[rviz2-2] [INFO] [1773238171.835267521] [rviz2]: Message Filter dropping message: frame 'odom' at time 1445.140 for reason 'discarding message because the queue is full'
[rviz2-2] [INFO] [1773238171.835387365] [rviz2]: Message Filter dropping message: frame 'laser_link' at time 1446.811 for reason 'discarding message because the queue is full'
[rviz2-2] [INFO] [1773238171.867532484] [rviz2]: Message Filter dropping message: frame 'laser_link' at time 1446.851 for reason 'discarding message because the queue is full'
[rviz2-2] [INFO] [1773238171.899503797] [rviz2]: Message Filter dropping message: frame 'laser_link' at time 1446.881 for reason 'discarding message because the queue is full'
[rviz2-2] [INFO] [1773238171.932182863] [rviz2]: Message Filter dropping message: frame 'laser_link' at time 1446.911 for reason 'discarding message because the queue is full'
[rviz2-2] [INFO] [1773238171.963286065] [rviz2]: Message Filter dropping message: frame 'laser_link' at time 1446.941 for reason 'discarding message because the queue is full'
[rviz2-2] [INFO] [1773238171.995518095] [rviz2]: Message Filter dropping message: frame 'laser_link' at time 1446.971 for reason 'discarding message because the queue is full'
[rviz2-2] [INFO] [1773238172.027329250] [rviz2]: Message Filter dropping message: frame 'odom' at time 1445.340 for reason 'discarding message because the queue is full'
[rviz2-2] [INFO] [1773238172.027426251] [rviz2]: Message Filter dropping message: frame 'laser_link' at time 1447.011 for reason 'discarding message because the queue is full'
[rviz2-2] [INFO] [1773238172.059827358] [rviz2]: Message Filter dropping message: frame 'laser_link' at time 1447.041 for reason 'discarding message because the queue is full'
[rviz2-2] [INFO] [1773238172.091724604] [rviz2]: Message Filter dropping message: frame 'laser_link' at time 1447.071 for reason 'discarding message because the queue is full'
[rviz2-2] [INFO] [1773238172.123334602] [rviz2]: Message Filter dropping message: frame 'laser_link' at time 1447.101 for reason 'discarding message because the queue is full'
[rviz2-2] [INFO] [1773238172.155956041] [rviz2]: Message Filter dropping message: frame 'laser_link' at time 1447.131 for reason 'discarding message because the queue is full'
[rviz2-2] [INFO] [1773238172.188153598] [rviz2]: Message Filter dropping message: frame 'laser_link' at time 1447.171 for reason 'discarding message because the queue is full'
[rviz2-2] [INFO] [1773238172.219310540] [rviz2]: Message Filter dropping message: frame 'odom' at time 1445.540 for reason 'discarding message because the queue is full'
[rviz2-2] [INFO] [1773238172.219465921] [rviz2]: Message Filter dropping message: frame 'laser_link' at time 1447.201 for reason 'discarding message because the queue is full'
[rviz2-2] [INFO] [1773238172.251851298] [rviz2]: Message Filter dropping message: frame 'laser_link' at time 1447.231 for reason 'discarding message because the queue is full'
[rviz2-2] [INFO] [1773238172.284248318] [rviz2]: Message Filter dropping message: frame 'laser_link' at time 1447.261 for reason 'discarding message because the queue is full'
[component_container_isolated-1] [WARN] [1773238172.295116641] [amcl]: AMCL cannot publish a pose or update the transform. Please set the initial pose...
[rviz2-2] [INFO] [1773238172.315353633] [rviz2]: Message Filter dropping message: frame 'laser_link' at time 1447.291 for reason 'discarding message because the queue is full'
[component_container_isolated-1] [INFO] [1773238172.322853721] [global_costmap.global_costmap]: Timed out waiting for transform from base_link to map to become available, tf error: Invalid frame ID "map" passed to canTransform argument target_frame - frame does not exist
[rviz2-2] [INFO] [1773238172.347709376] [rviz2]: Message Filter dropping message: frame 'laser_link' at time 1447.331 for reason 'discarding message because the queue is full'
[rviz2-2] [INFO] [1773238172.380114090] [rviz2]: Message Filter dropping message: frame 'laser_link' at time 1447.361 for reason 'discarding message because the queue is full'
[rviz2-2] [INFO] [1773238172.412011856] [rviz2]: Message Filter dropping message: frame 'laser_link' at time 1447.391 for reason 'discarding message because the queue is full'
[rviz2-2] [INFO] [1773238172.443783577] [rviz2]: Message Filter dropping message: frame 'odom' at time 1445.740 for reason 'discarding message because the queue is full'
[rviz2-2] [INFO] [1773238172.443938487] [rviz2]: Message Filter dropping message: frame 'laser_link' at time 1447.421 for reason 'discarding message because the queue is full'
[rviz2-2] [INFO] [1773238172.475466983] [rviz2]: Message Filter dropping message: frame 'laser_link' at time 1447.451 for reason 'discarding message because the queue is full'
[rviz2-2] [INFO] [1773238172.508273688] [rviz2]: Message Filter dropping message: frame 'laser_link' at time 1447.491 for reason 'discarding message because the queue is full'
[rviz2-2] [INFO] [1773238172.539257637] [rviz2]: Message Filter dropping message: frame 'laser_link' at time 1447.521 for reason 'discarding message because the queue is full'
[rviz2-2] [INFO] [1773238172.571227207] [rviz2]: Message Filter dropping message: frame 'laser_link' at time 1447.551 for reason 'discarding message because the queue is full'
[rviz2-2] [INFO] [1773238172.604086250] [rviz2]: Message Filter dropping message: frame 'laser_link' at time 1447.581 for reason 'discarding message because the queue is full'
[rviz2-2] [INFO] [1773238172.635584100] [rviz2]: Message Filter dropping message: frame 'odom' at time 1445.940 for reason 'discarding message because the queue is full'
[rviz2-2] [INFO] [1773238172.635671453] [rviz2]: Message Filter dropping message: frame 'laser_link' at time 1447.611 for reason 'discarding message because the queue is full'
[rviz2-2] [INFO] [1773238172.667849964] [rviz2]: Message Filter dropping message: frame 'laser_link' at time 1447.651 for reason 'discarding message because the queue is full'
[rviz2-2] [INFO] [1773238172.700232036] [rviz2]: Message Filter dropping message: frame 'laser_link' at time 1447.681 for reason 'discarding message because the queue is full'
[rviz2-2] [INFO] [1773238172.731682767] [rviz2]: Message Filter dropping message: frame 'laser_link' at time 1447.711 for reason 'discarding message because the queue is full'
[rviz2-2] [INFO] [1773238172.763833746] [rviz2]: Message Filter dropping message: frame 'laser_link' at time 1447.741 for reason 'discarding message because the queue is full'
[rviz2-2] [INFO] [1773238172.795530647] [rviz2]: Message Filter dropping message: frame 'laser_link' at time 1447.771 for reason 'discarding message because the queue is full'
[component_container_isolated-1] [INFO] [1773238172.822849275] [global_costmap.global_costmap]: Timed out waiting for transform from base_link to map to become available, tf error: Invalid frame ID "map" passed to canTransform argument target_frame - frame does not exist
[rviz2-2] [INFO] [1773238172.827397025] [rviz2]: Message Filter dropping message: frame 'odom' at time 1446.140 for reason 'discarding message because the queue is full'
[rviz2-2] [INFO] [1773238172.827505107] [rviz2]: Message Filter dropping message: frame 'laser_link' at time 1447.811 for reason 'discarding message because the queue is full'
[rviz2-2] [INFO] [1773238172.859290904] [rviz2]: Message Filter dropping message: frame 'laser_link' at time 1447.841 for reason 'discarding message because the queue is full'
[rviz2-2] [INFO] [1773238172.891451913] [rviz2]: Message Filter dropping message: frame 'laser_link' at time 1447.871 for reason 'discarding message because the queue is full'
[rviz2-2] [INFO] [1773238172.924167939] [rviz2]: Message Filter dropping message: frame 'laser_link' at time 1447.901 for reason 'discarding message because the queue is full'
[rviz2-2] [INFO] [1773238172.956220013] [rviz2]: Message Filter dropping message: frame 'laser_link' at time 1447.931 for reason 'discarding message because the queue is full'
[rviz2-2] [INFO] [1773238172.987691924] [rviz2]: Message Filter dropping message: frame 'laser_link' at time 1447.971 for reason 'discarding message because the queue is full'
[rviz2-2] [INFO] [1773238173.019959933] [rviz2]: Message Filter dropping message: frame 'odom' at time 1446.340 for reason 'discarding message because the queue is full'
[rviz2-2] [INFO] [1773238173.020075499] [rviz2]: Message Filter dropping message: frame 'laser_link' at time 1448.001 for reason 'discarding message because the queue is full'
[rviz2-2] [INFO] [1773238173.052078793] [rviz2]: Message Filter dropping message: frame 'laser_link' at time 1448.031 for reason 'discarding message because the queue is full'
[rviz2-2] [INFO] [1773238173.083594796] [rviz2]: Message Filter dropping message: frame 'laser_link' at time 1448.061 for reason 'discarding message because the queue is full'
[rviz2-2] [INFO] [1773238173.115602208] [rviz2]: Message Filter dropping message: frame 'laser_link' at time 1448.091 for reason 'discarding message because the queue is full'
[rviz2-2] [INFO] [1773238173.148059050] [rviz2]: Message Filter dropping message: frame 'laser_link' at time 1448.131 for reason 'discarding message because the queue is full'
[rviz2-2] [INFO] [1773238173.179387322] [rviz2]: Message Filter dropping message: frame 'laser_link' at time 1448.161 for reason 'discarding message because the queue is full'
[rviz2-2] [INFO] [1773238173.211438987] [rviz2]: Message Filter dropping message: frame 'laser_link' at time 1448.191 for reason 'discarding message because the queue is full'
[rviz2-2] [INFO] [1773238173.243494218] [rviz2]: Message Filter dropping message: frame 'odom' at time 1446.540 for reason 'discarding message because the queue is full'
[rviz2-2] [INFO] [1773238173.243568557] [rviz2]: Message Filter dropping message: frame 'laser_link' at time 1448.221 for reason 'discarding message because the queue is full'
[rviz2-2] [INFO] [1773238173.276349184] [rviz2]: Message Filter dropping message: frame 'laser_link' at time 1448.251 for reason 'discarding message because the queue is full'
[rviz2-2] [INFO] [1773238173.307768226] [rviz2]: Message Filter dropping message: frame 'laser_link' at time 1448.291 for reason 'discarding message because the queue is full'
[component_container_isolated-1] [INFO] [1773238173.322865252] [global_costmap.global_costmap]: Timed out waiting for transform from base_link to map to become available, tf error: Invalid frame ID "map" passed to canTransform argument target_frame - frame does not exist
[rviz2-2] [INFO] [1773238173.339140371] [rviz2]: Message Filter dropping message: frame 'laser_link' at time 1448.321 for reason 'discarding message because the queue is full'
[rviz2-2] [INFO] [1773238173.372221038] [rviz2]: Message Filter dropping message: frame 'laser_link' at time 1448.351 for reason 'discarding message because the queue is full'
[rviz2-2] [INFO] [1773238173.403961471] [rviz2]: Message Filter dropping message: frame 'laser_link' at time 1448.381 for reason 'discarding message because the queue is full'
[rviz2-2] [INFO] [1773238173.436115407] [rviz2]: Message Filter dropping message: frame 'odom' at time 1446.740 for reason 'discarding message because the queue is full'
[rviz2-2] [INFO] [1773238173.436319989] [rviz2]: Message Filter dropping message: frame 'laser_link' at time 1448.411 for reason 'discarding message because the queue is full'
[rviz2-2] [INFO] [1773238173.467753488] [rviz2]: Message Filter dropping message: frame 'laser_link' at time 1448.451 for reason 'discarding message because the queue is full'
[rviz2-2] [INFO] [1773238173.499388534] [rviz2]: Message Filter dropping message: frame 'laser_link' at time 1448.481 for reason 'discarding message because the queue is full'
[rviz2-2] [INFO] [1773238173.531362504] [rviz2]: Message Filter dropping message: frame 'laser_link' at time 1448.511 for reason 'discarding message because the queue is full'
[rviz2-2] [INFO] [1773238173.563995104] [rviz2]: Message Filter dropping message: frame 'laser_link' at time 1448.541 for reason 'discarding message because the queue is full'
[rviz2-2] [INFO] [1773238173.595373590] [rviz2]: Message Filter dropping message: frame 'laser_link' at time 1448.571 for reason 'discarding message because the queue is full'
[rviz2-2] [INFO] [1773238173.627749180] [rviz2]: Message Filter dropping message: frame 'odom' at time 1446.940 for reason 'discarding message because the queue is full'
[rviz2-2] [INFO] [1773238173.627886196] [rviz2]: Message Filter dropping message: frame 'laser_link' at time 1448.611 for reason 'discarding message because the queue is full'
[rviz2-2] [INFO] [1773238173.659727337] [rviz2]: Message Filter dropping message: frame 'laser_link' at time 1448.641 for reason 'discarding message because the queue is full'
[rviz2-2] [INFO] [1773238173.691993533] [rviz2]: Message Filter dropping message: frame 'laser_link' at time 1448.671 for reason 'discarding message because the queue is full'
[rviz2-2] [INFO] [1773238173.723414669] [rviz2]: Message Filter dropping message: frame 'laser_link' at time 1448.701 for reason 'discarding message because the queue is full'
[rviz2-2] [INFO] [1773238173.755535713] [rviz2]: Message Filter dropping message: frame 'laser_link' at time 1448.731 for reason 'discarding message because the queue is full'
[rviz2-2] [INFO] [1773238173.788248904] [rviz2]: Message Filter dropping message: frame 'laser_link' at time 1448.771 for reason 'discarding message because the queue is full'
[rviz2-2] [INFO] [1773238173.819442825] [rviz2]: Message Filter dropping message: frame 'odom' at time 1447.140 for reason 'discarding message because the queue is full'
[rviz2-2] [INFO] [1773238173.819562529] [rviz2]: Message Filter dropping message: frame 'laser_link' at time 1448.801 for reason 'discarding message because the queue is full'
[component_container_isolated-1] [INFO] [1773238173.822854151] [global_costmap.global_costmap]: Timed out waiting for transform from base_link to map to become available, tf error: Invalid frame ID "map" passed to canTransform argument target_frame - frame does not exist
[rviz2-2] [INFO] [1773238173.852105923] [rviz2]: Message Filter dropping message: frame 'laser_link' at time 1448.831 for reason 'discarding message because the queue is full'
[rviz2-2] [INFO] [1773238173.883569197] [rviz2]: Message Filter dropping message: frame 'laser_link' at time 1448.861 for reason 'discarding message because the queue is full'
[rviz2-2] [INFO] [1773238173.916092113] [rviz2]: Message Filter dropping message: frame 'laser_link' at time 1448.891 for reason 'discarding message because the queue is full'
[rviz2-2] [INFO] [1773238173.948340655] [rviz2]: Message Filter dropping message: frame 'laser_link' at time 1448.931 for reason 'discarding message because the queue is full'
[rviz2-2] [INFO] [1773238173.979535568] [rviz2]: Message Filter dropping message: frame 'laser_link' at time 1448.961 for reason 'discarding message because the queue is full'
[rviz2-2] [INFO] [1773238174.012261353] [rviz2]: Message Filter dropping message: frame 'odom' at time 1447.340 for reason 'discarding message because the queue is full'
[rviz2-2] [INFO] [1773238174.012382219] [rviz2]: Message Filter dropping message: frame 'laser_link' at time 1448.991 for reason 'discarding message because the queue is full'
[rviz2-2] [INFO] [1773238174.044180090] [rviz2]: Message Filter dropping message: frame 'laser_link' at time 1449.021 for reason 'discarding message because the queue is full'
[rviz2-2] [INFO] [1773238174.076539339] [rviz2]: Message Filter dropping message: frame 'laser_link' at time 1449.051 for reason 'discarding message because the queue is full'
[rviz2-2] [INFO] [1773238174.107955296] [rviz2]: Message Filter dropping message: frame 'laser_link' at time 1449.091 for reason 'discarding message because the queue is full'
[rviz2-2] [INFO] [1773238174.139670001] [rviz2]: Message Filter dropping message: frame 'laser_link' at time 1449.121 for reason 'discarding message because the queue is full'
[rviz2-2] [INFO] [1773238174.171539085] [rviz2]: Message Filter dropping message: frame 'laser_link' at time 1449.151 for reason 'discarding message because the queue is full'
[rviz2-2] [INFO] [1773238174.204200029] [rviz2]: Message Filter dropping message: frame 'laser_link' at time 1449.181 for reason 'discarding message because the queue is full'
[rviz2-2] [INFO] [1773238174.236239651] [rviz2]: Message Filter dropping message: frame 'odom' at time 1447.540 for reason 'discarding message because the queue is full'
[rviz2-2] [INFO] [1773238174.236356359] [rviz2]: Message Filter dropping message: frame 'laser_link' at time 1449.211 for reason 'discarding message because the queue is full'
[rviz2-2] [INFO] [1773238174.267962331] [rviz2]: Message Filter dropping message: frame 'laser_link' at time 1449.251 for reason 'discarding message because the queue is full'
[rviz2-2] [INFO] [1773238174.299419946] [rviz2]: Message Filter dropping message: frame 'laser_link' at time 1449.281 for reason 'discarding message because the queue is full'
[component_container_isolated-1] [INFO] [1773238174.322859715] [global_costmap.global_costmap]: Timed out waiting for transform from base_link to map to become available, tf error: Invalid frame ID "map" passed to canTransform argument target_frame - frame does not exist
[rviz2-2] [INFO] [1773238174.332231521] [rviz2]: Message Filter dropping message: frame 'laser_link' at time 1449.311 for reason 'discarding message because the queue is full'
[rviz2-2] [INFO] [1773238174.364249052] [rviz2]: Message Filter dropping message: frame 'laser_link' at time 1449.341 for reason 'discarding message because the queue is full'
[rviz2-2] [INFO] [1773238174.395949260] [rviz2]: Message Filter dropping message: frame 'laser_link' at time 1449.371 for reason 'discarding message because the queue is full'
[component_container_isolated-1] [WARN] [1773238174.396293233] [amcl]: AMCL cannot publish a pose or update the transform. Please set the initial pose...
[rviz2-2] [INFO] [1773238174.428095582] [rviz2]: Message Filter dropping message: frame 'odom' at time 1447.740 for reason 'discarding message because the queue is full'
[rviz2-2] [INFO] [1773238174.428289044] [rviz2]: Message Filter dropping message: frame 'laser_link' at time 1449.411 for reason 'discarding message because the queue is full'
[rviz2-2] [INFO] [1773238174.459658744] [rviz2]: Message Filter dropping message: frame 'laser_link' at time 1449.441 for reason 'discarding message because the queue is full'
[rviz2-2] [INFO] [1773238174.492339495] [rviz2]: Message Filter dropping message: frame 'laser_link' at time 1449.471 for reason 'discarding message because the queue is full'
[rviz2-2] [INFO] [1773238174.524191777] [rviz2]: Message Filter dropping message: frame 'laser_link' at time 1449.501 for reason 'discarding message because the queue is full'
[rviz2-2] [INFO] [1773238174.556164444] [rviz2]: Message Filter dropping message: frame 'laser_link' at time 1449.531 for reason 'discarding message because the queue is full'
[rviz2-2] [INFO] [1773238174.587445279] [rviz2]: Message Filter dropping message: frame 'laser_link' at time 1449.571 for reason 'discarding message because the queue is full'
[rviz2-2] [INFO] [1773238174.619995135] [rviz2]: Message Filter dropping message: frame 'odom' at time 1447.940 for reason 'discarding message because the queue is full'
[rviz2-2] [INFO] [1773238174.620071037] [rviz2]: Message Filter dropping message: frame 'odom' at time 1443.938 for reason 'discarding message because the queue is full'
[rviz2-2] [INFO] [1773238174.620102335] [rviz2]: Message Filter dropping message: frame 'laser_link' at time 1449.601 for reason 'discarding message because the queue is full'
[rviz2-2] [INFO] [1773238174.651611426] [rviz2]: Message Filter dropping message: frame 'laser_link' at time 1449.631 for reason 'discarding message because the queue is full'
[rviz2-2] [INFO] [1773238174.683629679] [rviz2]: Message Filter dropping message: frame 'laser_link' at time 1449.661 for reason 'discarding message because the queue is full'
[rviz2-2] [INFO] [1773238174.716024605] [rviz2]: Message Filter dropping message: frame 'laser_link' at time 1449.691 for reason 'discarding message because the queue is full'
[rviz2-2] [INFO] [1773238174.747743318] [rviz2]: Message Filter dropping message: frame 'laser_link' at time 1449.731 for reason 'discarding message because the queue is full'
[rviz2-2] [INFO] [1773238174.779932450] [rviz2]: Message Filter dropping message: frame 'laser_link' at time 1449.761 for reason 'discarding message because the queue is full'
[rviz2-2] [INFO] [1773238174.811980578] [rviz2]: Message Filter dropping message: frame 'laser_link' at time 1449.791 for reason 'discarding message because the queue is full'
[component_container_isolated-1] [INFO] [1773238174.822853630] [global_costmap.global_costmap]: Timed out waiting for transform from base_link to map to become available, tf error: Invalid frame ID "map" passed to canTransform argument target_frame - frame does not exist
[rviz2-2] [INFO] [1773238174.843844352] [rviz2]: Message Filter dropping message: frame 'odom' at time 1448.140 for reason 'discarding message because the queue is full'
[rviz2-2] [INFO] [1773238174.843926916] [rviz2]: Message Filter dropping message: frame 'laser_link' at time 1449.821 for reason 'discarding message because the queue is full'
[rviz2-2] [INFO] [1773238174.875989091] [rviz2]: Message Filter dropping message: frame 'laser_link' at time 1449.851 for reason 'discarding message because the queue is full'
[rviz2-2] [INFO] [1773238174.907584022] [rviz2]: Message Filter dropping message: frame 'laser_link' at time 1449.881 for reason 'discarding message because the queue is full'
[rviz2-2] [INFO] [1773238174.939538495] [rviz2]: Message Filter dropping message: frame 'laser_link' at time 1449.921 for reason 'discarding message because the queue is full'
[rviz2-2] [INFO] [1773238174.972336174] [rviz2]: Message Filter dropping message: frame 'laser_link' at time 1449.951 for reason 'discarding message because the queue is full'
[rviz2-2] [INFO] [1773238175.003614073] [rviz2]: Message Filter dropping message: frame 'laser_link' at time 1449.981 for reason 'discarding message because the queue is full'
[rviz2-2] [INFO] [1773238175.036153871] [rviz2]: Message Filter dropping message: frame 'odom' at time 1448.340 for reason 'discarding message because the queue is full'
[rviz2-2] [INFO] [1773238175.036319721] [rviz2]: Message Filter dropping message: frame 'laser_link' at time 1450.011 for reason 'discarding message because the queue is full'
[rviz2-2] [INFO] [1773238175.067621294] [rviz2]: Message Filter dropping message: frame 'laser_link' at time 1450.041 for reason 'discarding message because the queue is full'
[rviz2-2] [INFO] [1773238175.100522397] [rviz2]: Message Filter dropping message: frame 'laser_link' at time 1450.081 for reason 'discarding message because the queue is full'
[rviz2-2] [INFO] [1773238175.132087704] [rviz2]: Message Filter dropping message: frame 'laser_link' at time 1450.111 for reason 'discarding message because the queue is full'
[rviz2-2] [INFO] [1773238175.164199932] [rviz2]: Message Filter dropping message: frame 'laser_link' at time 1450.141 for reason 'discarding message because the queue is full'
[rviz2-2] [INFO] [1773238175.195339152] [rviz2]: Message Filter dropping message: frame 'laser_link' at time 1450.171 for reason 'discarding message because the queue is full'
[rviz2-2] [INFO] [1773238175.228035182] [rviz2]: Message Filter dropping message: frame 'odom' at time 1448.540 for reason 'discarding message because the queue is full'
[rviz2-2] [INFO] [1773238175.228174983] [rviz2]: Message Filter dropping message: frame 'odom' at time 1444.538 for reason 'discarding message because the queue is full'
[rviz2-2] [INFO] [1773238175.228226640] [rviz2]: Message Filter dropping message: frame 'laser_link' at time 1450.201 for reason 'discarding message because the queue is full'
[rviz2-2] [INFO] [1773238175.259603384] [rviz2]: Message Filter dropping message: frame 'laser_link' at time 1450.241 for reason 'discarding message because the queue is full'
[rviz2-2] [INFO] [1773238175.292312468] [rviz2]: Message Filter dropping message: frame 'laser_link' at time 1450.271 for reason 'discarding message because the queue is full'
[component_container_isolated-1] [INFO] [1773238175.322858118] [global_costmap.global_costmap]: Timed out waiting for transform from base_link to map to become available, tf error: Invalid frame ID "map" passed to canTransform argument target_frame - frame does not exist
[rviz2-2] [INFO] [1773238175.323482906] [rviz2]: Message Filter dropping message: frame 'laser_link' at time 1450.301 for reason 'discarding message because the queue is full'
[rviz2-2] [INFO] [1773238175.355908701] [rviz2]: Message Filter dropping message: frame 'laser_link' at time 1450.331 for reason 'discarding message because the queue is full'
[rviz2-2] [INFO] [1773238175.387460792] [rviz2]: Message Filter dropping message: frame 'laser_link' at time 1450.361 for reason 'discarding message because the queue is full'
[rviz2-2] [INFO] [1773238175.419779948] [rviz2]: Message Filter dropping message: frame 'odom' at time 1448.740 for reason 'discarding message because the queue is full'
[rviz2-2] [INFO] [1773238175.419887379] [rviz2]: Message Filter dropping message: frame 'laser_link' at time 1450.401 for reason 'discarding message because the queue is full'
[rviz2-2] [INFO] [1773238175.452417097] [rviz2]: Message Filter dropping message: frame 'laser_link' at time 1450.431 for reason 'discarding message because the queue is full'
[rviz2-2] [INFO] [1773238175.483564503] [rviz2]: Message Filter dropping message: frame 'laser_link' at time 1450.461 for reason 'discarding message because the queue is full'
[rviz2-2] [INFO] [1773238175.516337576] [rviz2]: Message Filter dropping message: frame 'laser_link' at time 1450.491 for reason 'discarding message because the queue is full'
[rviz2-2] [INFO] [1773238175.548313871] [rviz2]: Message Filter dropping message: frame 'laser_link' at time 1450.521 for reason 'discarding message because the queue is full'
[rviz2-2] [INFO] [1773238175.579704541] [rviz2]: Message Filter dropping message: frame 'laser_link' at time 1450.561 for reason 'discarding message because the queue is full'
[rviz2-2] [INFO] [1773238175.611294243] [rviz2]: Message Filter dropping message: frame 'laser_link' at time 1450.591 for reason 'discarding message because the queue is full'
[rviz2-2] [INFO] [1773238175.643425387] [rviz2]: Message Filter dropping message: frame 'odom' at time 1448.940 for reason 'discarding message because the queue is full'
[rviz2-2] [INFO] [1773238175.643521817] [rviz2]: Message Filter dropping message: frame 'laser_link' at time 1450.621 for reason 'discarding message because the queue is full'
[rviz2-2] [INFO] [1773238175.675571659] [rviz2]: Message Filter dropping message: frame 'laser_link' at time 1450.651 for reason 'discarding message because the queue is full'
[rviz2-2] [INFO] [1773238175.707985231] [rviz2]: Message Filter dropping message: frame 'laser_link' at time 1450.681 for reason 'discarding message because the queue is full'
[rviz2-2] [INFO] [1773238175.739944113] [rviz2]: Message Filter dropping message: frame 'laser_link' at time 1450.721 for reason 'discarding message because the queue is full'
[rviz2-2] [INFO] [1773238175.771639813] [rviz2]: Message Filter dropping message: frame 'laser_link' at time 1450.751 for reason 'discarding message because the queue is full'
[rviz2-2] [INFO] [1773238175.803891632] [rviz2]: Message Filter dropping message: frame 'laser_link' at time 1450.781 for reason 'discarding message because the queue is full'
[component_container_isolated-1] [INFO] [1773238175.822852100] [global_costmap.global_costmap]: Timed out waiting for transform from base_link to map to become available, tf error: Invalid frame ID "map" passed to canTransform argument target_frame - frame does not exist
[rviz2-2] [INFO] [1773238175.835857858] [rviz2]: Message Filter dropping message: frame 'odom' at time 1449.140 for reason 'discarding message because the queue is full'
[rviz2-2] [INFO] [1773238175.835991778] [rviz2]: Message Filter dropping message: frame 'odom' at time 1445.138 for reason 'discarding message because the queue is full'
[rviz2-2] [INFO] [1773238175.836056439] [rviz2]: Message Filter dropping message: frame 'laser_link' at time 1450.811 for reason 'discarding message because the queue is full'
[rviz2-2] [INFO] [1773238175.868150403] [rviz2]: Message Filter dropping message: frame 'laser_link' at time 1450.841 for reason 'discarding message because the queue is full'
[rviz2-2] [INFO] [1773238175.900217307] [rviz2]: Message Filter dropping message: frame 'laser_link' at time 1450.881 for reason 'discarding message because the queue is full'
[rviz2-2] [INFO] [1773238175.931864116] [rviz2]: Message Filter dropping message: frame 'laser_link' at time 1450.911 for reason 'discarding message because the queue is full'
[rviz2-2] [INFO] [1773238175.964184984] [rviz2]: Message Filter dropping message: frame 'laser_link' at time 1450.941 for reason 'discarding message because the queue is full'
[rviz2-2] [INFO] [1773238175.996328181] [rviz2]: Message Filter dropping message: frame 'laser_link' at time 1450.971 for reason 'discarding message because the queue is full'
[rviz2-2] [INFO] [1773238176.027327299] [rviz2]: Message Filter dropping message: frame 'odom' at time 1449.340 for reason 'discarding message because the queue is full'
[rviz2-2] [INFO] [1773238176.027442444] [rviz2]: Message Filter dropping message: frame 'laser_link' at time 1451.001 for reason 'discarding message because the queue is full'
[rviz2-2] [INFO] [1773238176.059797968] [rviz2]: Message Filter dropping message: frame 'laser_link' at time 1451.041 for reason 'discarding message because the queue is full'
[rviz2-2] [INFO] [1773238176.091961613] [rviz2]: Message Filter dropping message: frame 'laser_link' at time 1451.071 for reason 'discarding message because the queue is full'
[rviz2-2] [INFO] [1773238176.123726052] [rviz2]: Message Filter dropping message: frame 'laser_link' at time 1451.101 for reason 'discarding message because the queue is full'
[rviz2-2] [INFO] [1773238176.155851466] [rviz2]: Message Filter dropping message: frame 'laser_link' at time 1451.131 for reason 'discarding message because the queue is full'
[rviz2-2] [INFO] [1773238176.187548098] [rviz2]: Message Filter dropping message: frame 'laser_link' at time 1451.161 for reason 'discarding message because the queue is full'
[rviz2-2] [INFO] [1773238176.220275797] [rviz2]: Message Filter dropping message: frame 'odom' at time 1449.540 for reason 'discarding message because the queue is full'
[rviz2-2] [INFO] [1773238176.220424405] [rviz2]: Message Filter dropping message: frame 'laser_link' at time 1451.201 for reason 'discarding message because the queue is full'
[rviz2-2] [INFO] [1773238176.252195356] [rviz2]: Message Filter dropping message: frame 'laser_link' at time 1451.231 for reason 'discarding message because the queue is full'
[rviz2-2] [INFO] [1773238176.283583271] [rviz2]: Message Filter dropping message: frame 'laser_link' at time 1451.261 for reason 'discarding message because the queue is full'
[rviz2-2] [INFO] [1773238176.316232895] [rviz2]: Message Filter dropping message: frame 'laser_link' at time 1451.291 for reason 'discarding message because the queue is full'
[component_container_isolated-1] [INFO] [1773238176.322856044] [global_costmap.global_costmap]: Timed out waiting for transform from base_link to map to become available, tf error: Invalid frame ID "map" passed to canTransform argument target_frame - frame does not exist
[rviz2-2] [INFO] [1773238176.348273310] [rviz2]: Message Filter dropping message: frame 'laser_link' at time 1451.321 for reason 'discarding message because the queue is full'
[rviz2-2] [INFO] [1773238176.379780748] [rviz2]: Message Filter dropping message: frame 'laser_link' at time 1451.361 for reason 'discarding message because the queue is full'
[rviz2-2] [INFO] [1773238176.411857281] [rviz2]: Message Filter dropping message: frame 'laser_link' at time 1451.391 for reason 'discarding message because the queue is full'
[rviz2-2] [INFO] [1773238176.443443606] [rviz2]: Message Filter dropping message: frame 'odom' at time 1449.740 for reason 'discarding message because the queue is full'
[rviz2-2] [INFO] [1773238176.443546198] [rviz2]: Message Filter dropping message: frame 'odom' at time 1445.738 for reason 'discarding message because the queue is full'
[rviz2-2] [INFO] [1773238176.443588537] [rviz2]: Message Filter dropping message: frame 'laser_link' at time 1451.421 for reason 'discarding message because the queue is full'
[rviz2-2] [INFO] [1773238176.476396266] [rviz2]: Message Filter dropping message: frame 'laser_link' at time 1451.451 for reason 'discarding message because the queue is full'
[component_container_isolated-1] [WARN] [1773238176.497663716] [amcl]: AMCL cannot publish a pose or update the transform. Please set the initial pose...
[rviz2-2] [INFO] [1773238176.507939512] [rviz2]: Message Filter dropping message: frame 'laser_link' at time 1451.481 for reason 'discarding message because the queue is full'
[rviz2-2] [INFO] [1773238176.539787607] [rviz2]: Message Filter dropping message: frame 'laser_link' at time 1451.521 for reason 'discarding message because the queue is full'
[rviz2-2] [INFO] [1773238176.572108185] [rviz2]: Message Filter dropping message: frame 'laser_link' at time 1451.551 for reason 'discarding message because the queue is full'
[rviz2-2] [INFO] [1773238176.604190899] [rviz2]: Message Filter dropping message: frame 'laser_link' at time 1451.581 for reason 'discarding message because the queue is full'
[rviz2-2] [INFO] [1773238176.636439844] [rviz2]: Message Filter dropping message: frame 'odom' at time 1449.940 for reason 'discarding message because the queue is full'
[rviz2-2] [INFO] [1773238176.636588682] [rviz2]: Message Filter dropping message: frame 'laser_link' at time 1451.611 for reason 'discarding message because the queue is full'
[rviz2-2] [INFO] [1773238176.667362049] [rviz2]: Message Filter dropping message: frame 'laser_link' at time 1451.641 for reason 'discarding message because the queue is full'
[rviz2-2] [INFO] [1773238176.700628184] [rviz2]: Message Filter dropping message: frame 'laser_link' at time 1451.681 for reason 'discarding message because the queue is full'
[rviz2-2] [INFO] [1773238176.731666496] [rviz2]: Message Filter dropping message: frame 'laser_link' at time 1451.711 for reason 'discarding message because the queue is full'
[rviz2-2] [INFO] [1773238176.764518648] [rviz2]: Message Filter dropping message: frame 'laser_link' at time 1451.741 for reason 'discarding message because the queue is full'
[rviz2-2] [INFO] [1773238176.796678065] [rviz2]: Message Filter dropping message: frame 'laser_link' at time 1451.771 for reason 'discarding message because the queue is full'
[component_container_isolated-1] [INFO] [1773238176.822851204] [global_costmap.global_costmap]: Timed out waiting for transform from base_link to map to become available, tf error: Invalid frame ID "map" passed to canTransform argument target_frame - frame does not exist
[rviz2-2] [INFO] [1773238176.827979789] [rviz2]: Message Filter dropping message: frame 'odom' at time 1450.140 for reason 'discarding message because the queue is full'
[rviz2-2] [INFO] [1773238176.828181647] [rviz2]: Message Filter dropping message: frame 'laser_link' at time 1451.801 for reason 'discarding message because the queue is full'
[rviz2-2] [INFO] [1773238176.859458915] [rviz2]: Message Filter dropping message: frame 'laser_link' at time 1451.841 for reason 'discarding message because the queue is full'
[rviz2-2] [INFO] [1773238176.892305517] [rviz2]: Message Filter dropping message: frame 'laser_link' at time 1451.871 for reason 'discarding message because the queue is full'
[rviz2-2] [INFO] [1773238176.924311958] [rviz2]: Message Filter dropping message: frame 'laser_link' at time 1451.901 for reason 'discarding message because the queue is full'
[rviz2-2] [INFO] [1773238176.955755016] [rviz2]: Message Filter dropping message: frame 'laser_link' at time 1451.931 for reason 'discarding message because the queue is full'
[rviz2-2] [INFO] [1773238176.987350850] [rviz2]: Message Filter dropping message: frame 'laser_link' at time 1451.961 for reason 'discarding message because the queue is full'
[rviz2-2] [INFO] [1773238177.019413486] [rviz2]: Message Filter dropping message: frame 'odom' at time 1450.340 for reason 'discarding message because the queue is full'
[rviz2-2] [INFO] [1773238177.019552997] [rviz2]: Message Filter dropping message: frame 'odom' at time 1446.338 for reason 'discarding message because the queue is full'
[rviz2-2] [INFO] [1773238177.019613691] [rviz2]: Message Filter dropping message: frame 'laser_link' at time 1452.001 for reason 'discarding message because the queue is full'
[rviz2-2] [INFO] [1773238177.052212279] [rviz2]: Message Filter dropping message: frame 'laser_link' at time 1452.031 for reason 'discarding message because the queue is full'
[rviz2-2] [INFO] [1773238177.083430608] [rviz2]: Message Filter dropping message: frame 'laser_link' at time 1452.061 for reason 'discarding message because the queue is full'
[rviz2-2] [INFO] [1773238177.116696734] [rviz2]: Message Filter dropping message: frame 'laser_link' at time 1452.092 for reason 'discarding message because the queue is full'
[rviz2-2] [INFO] [1773238177.148463658] [rviz2]: Message Filter dropping message: frame 'laser_link' at time 1452.121 for reason 'discarding message because the queue is full'
[rviz2-2] [INFO] [1773238177.180504674] [rviz2]: Message Filter dropping message: frame 'laser_link' at time 1452.161 for reason 'discarding message because the queue is full'
[rviz2-2] [INFO] [1773238177.211362900] [rviz2]: Message Filter dropping message: frame 'laser_link' at time 1452.191 for reason 'discarding message because the queue is full'
[rviz2-2] [INFO] [1773238177.243718875] [rviz2]: Message Filter dropping message: frame 'odom' at time 1450.540 for reason 'discarding message because the queue is full'
[rviz2-2] [INFO] [1773238177.243821376] [rviz2]: Message Filter dropping message: frame 'laser_link' at time 1452.221 for reason 'discarding message because the queue is full'
[rviz2-2] [INFO] [1773238177.276241080] [rviz2]: Message Filter dropping message: frame 'laser_link' at time 1452.251 for reason 'discarding message because the queue is full'
[rviz2-2] [INFO] [1773238177.307785719] [rviz2]: Message Filter dropping message: frame 'laser_link' at time 1452.281 for reason 'discarding message because the queue is full'
[component_container_isolated-1] [INFO] [1773238177.322857669] [global_costmap.global_costmap]: Timed out waiting for transform from base_link to map to become available, tf error: Invalid frame ID "map" passed to canTransform argument target_frame - frame does not exist
[rviz2-2] [INFO] [1773238177.339466311] [rviz2]: Message Filter dropping message: frame 'laser_link' at time 1452.321 for reason 'discarding message because the queue is full'
[rviz2-2] [INFO] [1773238177.371813280] [rviz2]: Message Filter dropping message: frame 'laser_link' at time 1452.351 for reason 'discarding message because the queue is full'
[rviz2-2] [INFO] [1773238177.404155619] [rviz2]: Message Filter dropping message: frame 'laser_link' at time 1452.381 for reason 'discarding message because the queue is full'
[rviz2-2] [INFO] [1773238177.435984479] [rviz2]: Message Filter dropping message: frame 'odom' at time 1450.740 for reason 'discarding message because the queue is full'
[rviz2-2] [INFO] [1773238177.436125863] [rviz2]: Message Filter dropping message: frame 'laser_link' at time 1452.411 for reason 'discarding message because the queue is full'
[rviz2-2] [INFO] [1773238177.468285261] [rviz2]: Message Filter dropping message: frame 'laser_link' at time 1452.441 for reason 'discarding message because the queue is full'
[rviz2-2] [INFO] [1773238177.499976163] [rviz2]: Message Filter dropping message: frame 'laser_link' at time 1452.481 for reason 'discarding message because the queue is full'
[rviz2-2] [INFO] [1773238177.531661504] [rviz2]: Message Filter dropping message: frame 'laser_link' at time 1452.511 for reason 'discarding message because the queue is full'
[rviz2-2] [INFO] [1773238177.564066922] [rviz2]: Message Filter dropping message: frame 'laser_link' at time 1452.541 for reason 'discarding message because the queue is full'
[rviz2-2] [INFO] [1773238177.596114250] [rviz2]: Message Filter dropping message: frame 'laser_link' at time 1452.571 for reason 'discarding message because the queue is full'
[rviz2-2] [INFO] [1773238177.628144356] [rviz2]: Message Filter dropping message: frame 'odom' at time 1450.940 for reason 'discarding message because the queue is full'
[rviz2-2] [INFO] [1773238177.628279799] [rviz2]: Message Filter dropping message: frame 'odom' at time 1446.938 for reason 'discarding message because the queue is full'
[rviz2-2] [INFO] [1773238177.628329892] [rviz2]: Message Filter dropping message: frame 'laser_link' at time 1452.601 for reason 'discarding message because the queue is full'
[rviz2-2] [INFO] [1773238177.660335062] [rviz2]: Message Filter dropping message: frame 'laser_link' at time 1452.631 for reason 'discarding message because the queue is full'
[rviz2-2] [INFO] [1773238177.691876474] [rviz2]: Message Filter dropping message: frame 'laser_link' at time 1452.671 for reason 'discarding message because the queue is full'
[rviz2-2] [INFO] [1773238177.724366780] [rviz2]: Message Filter dropping message: frame 'laser_link' at time 1452.701 for reason 'discarding message because the queue is full'
[rviz2-2] [INFO] [1773238177.755676119] [rviz2]: Message Filter dropping message: frame 'laser_link' at time 1452.731 for reason 'discarding message because the queue is full'
[rviz2-2] [INFO] [1773238177.787432583] [rviz2]: Message Filter dropping message: frame 'laser_link' at time 1452.761 for reason 'discarding message because the queue is full'
[rviz2-2] [INFO] [1773238177.820465003] [rviz2]: Message Filter dropping message: frame 'odom' at time 1451.140 for reason 'discarding message because the queue is full'
[rviz2-2] [INFO] [1773238177.820624230] [rviz2]: Message Filter dropping message: frame 'laser_link' at time 1452.801 for reason 'discarding message because the queue is full'
[component_container_isolated-1] [INFO] [1773238177.822867022] [global_costmap.global_costmap]: Timed out waiting for transform from base_link to map to become available, tf error: Invalid frame ID "map" passed to canTransform argument target_frame - frame does not exist
[rviz2-2] [INFO] [1773238177.852625823] [rviz2]: Message Filter dropping message: frame 'laser_link' at time 1452.831 for reason 'discarding message because the queue is full'
[rviz2-2] [INFO] [1773238177.883889106] [rviz2]: Message Filter dropping message: frame 'laser_link' at time 1452.861 for reason 'discarding message because the queue is full'
[rviz2-2] [INFO] [1773238177.916647362] [rviz2]: Message Filter dropping message: frame 'laser_link' at time 1452.891 for reason 'discarding message because the queue is full'
[rviz2-2] [INFO] [1773238177.948206638] [rviz2]: Message Filter dropping message: frame 'laser_link' at time 1452.921 for reason 'discarding message because the queue is full'
[rviz2-2] [INFO] [1773238177.979497482] [rviz2]: Message Filter dropping message: frame 'laser_link' at time 1452.961 for reason 'discarding message because the queue is full'
[rviz2-2] [INFO] [1773238178.011683790] [rviz2]: Message Filter dropping message: frame 'laser_link' at time 1452.991 for reason 'discarding message because the queue is full'
[rviz2-2] [INFO] [1773238178.044306474] [rviz2]: Message Filter dropping message: frame 'odom' at time 1451.340 for reason 'discarding message because the queue is full'
[rviz2-2] [INFO] [1773238178.044429544] [rviz2]: Message Filter dropping message: frame 'laser_link' at time 1453.021 for reason 'discarding message because the queue is full'
[rviz2-2] [INFO] [1773238178.075996445] [rviz2]: Message Filter dropping message: frame 'laser_link' at time 1453.051 for reason 'discarding message because the queue is full'
[rviz2-2] [INFO] [1773238178.107604593] [rviz2]: Message Filter dropping message: frame 'laser_link' at time 1453.081 for reason 'discarding message because the queue is full'
[rviz2-2] [INFO] [1773238178.139467416] [rviz2]: Message Filter dropping message: frame 'laser_link' at time 1453.121 for reason 'discarding message because the queue is full'
[rviz2-2] [INFO] [1773238178.171762247] [rviz2]: Message Filter dropping message: frame 'laser_link' at time 1453.151 for reason 'discarding message because the queue is full'
[rviz2-2] [INFO] [1773238178.204384430] [rviz2]: Message Filter dropping message: frame 'laser_link' at time 1453.181 for reason 'discarding message because the queue is full'
[rviz2-2] [INFO] [1773238178.236112923] [rviz2]: Message Filter dropping message: frame 'odom' at time 1451.540 for reason 'discarding message because the queue is full'
[rviz2-2] [INFO] [1773238178.236297548] [rviz2]: Message Filter dropping message: frame 'odom' at time 1447.538 for reason 'discarding message because the queue is full'
[rviz2-2] [INFO] [1773238178.236347111] [rviz2]: Message Filter dropping message: frame 'laser_link' at time 1453.211 for reason 'discarding message because the queue is full'
[rviz2-2] [INFO] [1773238178.267779560] [rviz2]: Message Filter dropping message: frame 'laser_link' at time 1453.241 for reason 'discarding message because the queue is full'
[rviz2-2] [INFO] [1773238178.300331501] [rviz2]: Message Filter dropping message: frame 'laser_link' at time 1453.271 for reason 'discarding message because the queue is full'
[component_container_isolated-1] [INFO] [1773238178.322856031] [global_costmap.global_costmap]: Timed out waiting for transform from base_link to map to become available, tf error: Invalid frame ID "map" passed to canTransform argument target_frame - frame does not exist
[rviz2-2] [INFO] [1773238178.331805829] [rviz2]: Message Filter dropping message: frame 'laser_link' at time 1453.311 for reason 'discarding message because the queue is full'
[rviz2-2] [INFO] [1773238178.363755545] [rviz2]: Message Filter dropping message: frame 'laser_link' at time 1453.341 for reason 'discarding message because the queue is full'
[rviz2-2] [INFO] [1773238178.396680915] [rviz2]: Message Filter dropping message: frame 'laser_link' at time 1453.371 for reason 'discarding message because the queue is full'
[rviz2-2] [INFO] [1773238178.427567874] [rviz2]: Message Filter dropping message: frame 'odom' at time 1451.740 for reason 'discarding message because the queue is full'
[rviz2-2] [INFO] [1773238178.427732442] [rviz2]: Message Filter dropping message: frame 'laser_link' at time 1453.401 for reason 'discarding message because the queue is full'
[rviz2-2] [INFO] [1773238178.460126849] [rviz2]: Message Filter dropping message: frame 'laser_link' at time 1453.431 for reason 'discarding message because the queue is full'
[rviz2-2] [INFO] [1773238178.491939088] [rviz2]: Message Filter dropping message: frame 'laser_link' at time 1453.471 for reason 'discarding message because the queue is full'
[rviz2-2] [INFO] [1773238178.523295235] [rviz2]: Message Filter dropping message: frame 'laser_link' at time 1453.501 for reason 'discarding message because the queue is full'
[rviz2-2] [INFO] [1773238178.556802212] [rviz2]: Message Filter dropping message: frame 'laser_link' at time 1453.531 for reason 'discarding message because the queue is full'
[rviz2-2] [INFO] [1773238178.588284574] [rviz2]: Message Filter dropping message: frame 'laser_link' at time 1453.561 for reason 'discarding message because the queue is full'
[component_container_isolated-1] [WARN] [1773238178.599036069] [amcl]: AMCL cannot publish a pose or update the transform. Please set the initial pose...
[rviz2-2] [INFO] [1773238178.619779200] [rviz2]: Message Filter dropping message: frame 'odom' at time 1451.940 for reason 'discarding message because the queue is full'
[rviz2-2] [INFO] [1773238178.619903692] [rviz2]: Message Filter dropping message: frame 'laser_link' at time 1453.591 for reason 'discarding message because the queue is full'
[rviz2-2] [INFO] [1773238178.652133131] [rviz2]: Message Filter dropping message: frame 'laser_link' at time 1453.631 for reason 'discarding message because the queue is full'
[rviz2-2] [INFO] [1773238178.683522841] [rviz2]: Message Filter dropping message: frame 'laser_link' at time 1453.661 for reason 'discarding message because the queue is full'
[rviz2-2] [INFO] [1773238178.716645529] [rviz2]: Message Filter dropping message: frame 'laser_link' at time 1453.691 for reason 'discarding message because the queue is full'
[rviz2-2] [INFO] [1773238178.748376967] [rviz2]: Message Filter dropping message: frame 'laser_link' at time 1453.721 for reason 'discarding message because the queue is full'
[rviz2-2] [INFO] [1773238178.779970938] [rviz2]: Message Filter dropping message: frame 'laser_link' at time 1453.751 for reason 'discarding message because the queue is full'
[rviz2-2] [INFO] [1773238178.811811029] [rviz2]: Message Filter dropping message: frame 'laser_link' at time 1453.791 for reason 'discarding message because the queue is full'
[component_container_isolated-1] [INFO] [1773238178.822854440] [global_costmap.global_costmap]: Timed out waiting for transform from base_link to map to become available, tf error: Invalid frame ID "map" passed to canTransform argument target_frame - frame does not exist
[rviz2-2] [INFO] [1773238178.843631805] [rviz2]: Message Filter dropping message: frame 'odom' at time 1452.140 for reason 'discarding message because the queue is full'
[rviz2-2] [INFO] [1773238178.843744465] [rviz2]: Message Filter dropping message: frame 'odom' at time 1448.138 for reason 'discarding message because the queue is full'
[rviz2-2] [INFO] [1773238178.843832419] [rviz2]: Message Filter dropping message: frame 'laser_link' at time 1453.821 for reason 'discarding message because the queue is full'
[rviz2-2] [INFO] [1773238178.876242626] [rviz2]: Message Filter dropping message: frame 'laser_link' at time 1453.851 for reason 'discarding message because the queue is full'
[rviz2-2] [INFO] [1773238178.908114016] [rviz2]: Message Filter dropping message: frame 'laser_link' at time 1453.881 for reason 'discarding message because the queue is full'
[rviz2-2] [INFO] [1773238178.940250922] [rviz2]: Message Filter dropping message: frame 'laser_link' at time 1453.911 for reason 'discarding message because the queue is full'
[rviz2-2] [INFO] [1773238178.971642465] [rviz2]: Message Filter dropping message: frame 'laser_link' at time 1453.951 for reason 'discarding message because the queue is full'
[rviz2-2] [INFO] [1773238179.004427612] [rviz2]: Message Filter dropping message: frame 'laser_link' at time 1453.981 for reason 'discarding message because the queue is full'
[rviz2-2] [INFO] [1773238179.036123725] [rviz2]: Message Filter dropping message: frame 'odom' at time 1452.340 for reason 'discarding message because the queue is full'
[rviz2-2] [INFO] [1773238179.036282732] [rviz2]: Message Filter dropping message: frame 'laser_link' at time 1454.011 for reason 'discarding message because the queue is full'
[rviz2-2] [INFO] [1773238179.067721864] [rviz2]: Message Filter dropping message: frame 'laser_link' at time 1454.041 for reason 'discarding message because the queue is full'
[rviz2-2] [INFO] [1773238179.099739518] [rviz2]: Message Filter dropping message: frame 'laser_link' at time 1454.071 for reason 'discarding message because the queue is full'
[rviz2-2] [INFO] [1773238179.131623060] [rviz2]: Message Filter dropping message: frame 'laser_link' at time 1454.111 for reason 'discarding message because the queue is full'
[rviz2-2] [INFO] [1773238179.164634642] [rviz2]: Message Filter dropping message: frame 'laser_link' at time 1454.141 for reason 'discarding message because the queue is full'
[rviz2-2] [INFO] [1773238179.195647697] [rviz2]: Message Filter dropping message: frame 'laser_link' at time 1454.171 for reason 'discarding message because the queue is full'
[rviz2-2] [INFO] [1773238179.228165055] [rviz2]: Message Filter dropping message: frame 'odom' at time 1452.540 for reason 'discarding message because the queue is full'
[rviz2-2] [INFO] [1773238179.228327539] [rviz2]: Message Filter dropping message: frame 'laser_link' at time 1454.201 for reason 'discarding message because the queue is full'
[rviz2-2] [INFO] [1773238179.260115022] [rviz2]: Message Filter dropping message: frame 'laser_link' at time 1454.231 for reason 'discarding message because the queue is full'
[rviz2-2] [INFO] [1773238179.292449608] [rviz2]: Message Filter dropping message: frame 'laser_link' at time 1454.271 for reason 'discarding message because the queue is full'
[component_container_isolated-1] [INFO] [1773238179.322852874] [global_costmap.global_costmap]: Timed out waiting for transform from base_link to map to become available, tf error: Invalid frame ID "map" passed to canTransform argument target_frame - frame does not exist
[rviz2-2] [INFO] [1773238179.324701950] [rviz2]: Message Filter dropping message: frame 'laser_link' at time 1454.301 for reason 'discarding message because the queue is full'
[rviz2-2] [INFO] [1773238179.356098372] [rviz2]: Message Filter dropping message: frame 'laser_link' at time 1454.331 for reason 'discarding message because the queue is full'
[rviz2-2] [INFO] [1773238179.387383206] [rviz2]: Message Filter dropping message: frame 'laser_link' at time 1454.361 for reason 'discarding message because the queue is full'
[rviz2-2] [INFO] [1773238179.420615910] [rviz2]: Message Filter dropping message: frame 'odom' at time 1452.740 for reason 'discarding message because the queue is full'
[rviz2-2] [INFO] [1773238179.420728551] [rviz2]: Message Filter dropping message: frame 'odom' at time 1448.738 for reason 'discarding message because the queue is full'
[rviz2-2] [INFO] [1773238179.420775970] [rviz2]: Message Filter dropping message: frame 'laser_link' at time 1454.391 for reason 'discarding message because the queue is full'
[rviz2-2] [INFO] [1773238179.451635088] [rviz2]: Message Filter dropping message: frame 'laser_link' at time 1454.431 for reason 'discarding message because the queue is full'
[rviz2-2] [INFO] [1773238179.483695210] [rviz2]: Message Filter dropping message: frame 'laser_link' at time 1454.461 for reason 'discarding message because the queue is full'
[rviz2-2] [INFO] [1773238179.516402623] [rviz2]: Message Filter dropping message: frame 'laser_link' at time 1454.491 for reason 'discarding message because the queue is full'
[rviz2-2] [INFO] [1773238179.548358902] [rviz2]: Message Filter dropping message: frame 'laser_link' at time 1454.521 for reason 'discarding message because the queue is full'
[rviz2-2] [INFO] [1773238179.580502140] [rviz2]: Message Filter dropping message: frame 'laser_link' at time 1454.551 for reason 'discarding message because the queue is full'
[rviz2-2] [INFO] [1773238179.611744705] [rviz2]: Message Filter dropping message: frame 'laser_link' at time 1454.591 for reason 'discarding message because the queue is full'
[rviz2-2] [INFO] [1773238179.644634639] [rviz2]: Message Filter dropping message: frame 'odom' at time 1452.940 for reason 'discarding message because the queue is full'
[rviz2-2] [INFO] [1773238179.644767317] [rviz2]: Message Filter dropping message: frame 'laser_link' at time 1454.621 for reason 'discarding message because the queue is full'
[rviz2-2] [INFO] [1773238179.675981999] [rviz2]: Message Filter dropping message: frame 'laser_link' at time 1454.651 for reason 'discarding message because the queue is full'
[rviz2-2] [INFO] [1773238179.708316805] [rviz2]: Message Filter dropping message: frame 'laser_link' at time 1454.681 for reason 'discarding message because the queue is full'
[rviz2-2] [INFO] [1773238179.740187875] [rviz2]: Message Filter dropping message: frame 'laser_link' at time 1454.721 for reason 'discarding message because the queue is full'
[rviz2-2] [INFO] [1773238179.771767630] [rviz2]: Message Filter dropping message: frame 'laser_link' at time 1454.751 for reason 'discarding message because the queue is full'
[rviz2-2] [INFO] [1773238179.804630463] [rviz2]: Message Filter dropping message: frame 'laser_link' at time 1454.781 for reason 'discarding message because the queue is full'
[component_container_isolated-1] [INFO] [1773238179.822856008] [global_costmap.global_costmap]: Timed out waiting for transform from base_link to map to become available, tf error: Invalid frame ID "map" passed to canTransform argument target_frame - frame does not exist
[rviz2-2] [INFO] [1773238179.836423316] [rviz2]: Message Filter dropping message: frame 'odom' at time 1453.140 for reason 'discarding message because the queue is full'
[rviz2-2] [INFO] [1773238179.836589307] [rviz2]: Message Filter dropping message: frame 'laser_link' at time 1454.811 for reason 'discarding message because the queue is full'
[rviz2-2] [INFO] [1773238179.868223754] [rviz2]: Message Filter dropping message: frame 'laser_link' at time 1454.841 for reason 'discarding message because the queue is full'
[rviz2-2] [INFO] [1773238179.899758415] [rviz2]: Message Filter dropping message: frame 'laser_link' at time 1454.881 for reason 'discarding message because the queue is full'
[rviz2-2] [INFO] [1773238179.932167029] [rviz2]: Message Filter dropping message: frame 'laser_link' at time 1454.911 for reason 'discarding message because the queue is full'
[rviz2-2] [INFO] [1773238179.963861518] [rviz2]: Message Filter dropping message: frame 'laser_link' at time 1454.941 for reason 'discarding message because the queue is full'
[rviz2-2] [INFO] [1773238179.995970232] [rviz2]: Message Filter dropping message: frame 'laser_link' at time 1454.971 for reason 'discarding message because the queue is full'
[rviz2-2] [INFO] [1773238180.028574121] [rviz2]: Message Filter dropping message: frame 'odom' at time 1453.340 for reason 'discarding message because the queue is full'
[rviz2-2] [INFO] [1773238180.028807067] [rviz2]: Message Filter dropping message: frame 'odom' at time 1449.338 for reason 'discarding message because the queue is full'
[rviz2-2] [INFO] [1773238180.028914628] [rviz2]: Message Filter dropping message: frame 'laser_link' at time 1455.001 for reason 'discarding message because the queue is full'
[rviz2-2] [INFO] [1773238180.059796329] [rviz2]: Message Filter dropping message: frame 'laser_link' at time 1455.031 for reason 'discarding message because the queue is full'
[rviz2-2] [INFO] [1773238180.091741407] [rviz2]: Message Filter dropping message: frame 'laser_link' at time 1455.071 for reason 'discarding message because the queue is full'
[rviz2-2] [INFO] [1773238180.124734404] [rviz2]: Message Filter dropping message: frame 'laser_link' at time 1455.101 for reason 'discarding message because the queue is full'
[rviz2-2] [INFO] [1773238180.156486351] [rviz2]: Message Filter dropping message: frame 'laser_link' at time 1455.131 for reason 'discarding message because the queue is full'
[rviz2-2] [INFO] [1773238180.188735878] [rviz2]: Message Filter dropping message: frame 'laser_link' at time 1455.161 for reason 'discarding message because the queue is full'
[rviz2-2] [INFO] [1773238180.220531327] [rviz2]: Message Filter dropping message: frame 'odom' at time 1453.540 for reason 'discarding message because the queue is full'
[rviz2-2] [INFO] [1773238180.220726932] [rviz2]: Message Filter dropping message: frame 'laser_link' at time 1455.191 for reason 'discarding message because the queue is full'
[rviz2-2] [INFO] [1773238180.251688031] [rviz2]: Message Filter dropping message: frame 'laser_link' at time 1455.231 for reason 'discarding message because the queue is full'
[rviz2-2] [INFO] [1773238180.284014312] [rviz2]: Message Filter dropping message: frame 'laser_link' at time 1455.261 for reason 'discarding message because the queue is full'
[rviz2-2] [INFO] [1773238180.315730843] [rviz2]: Message Filter dropping message: frame 'laser_link' at time 1455.291 for reason 'discarding message because the queue is full'
[component_container_isolated-1] [INFO] [1773238180.322853446] [global_costmap.global_costmap]: Timed out waiting for transform from base_link to map to become available, tf error: Invalid frame ID "map" passed to canTransform argument target_frame - frame does not exist
[rviz2-2] [INFO] [1773238180.348366542] [rviz2]: Message Filter dropping message: frame 'laser_link' at time 1455.321 for reason 'discarding message because the queue is full'
[rviz2-2] [INFO] [1773238180.380064869] [rviz2]: Message Filter dropping message: frame 'laser_link' at time 1455.351 for reason 'discarding message because the queue is full'
[rviz2-2] [INFO] [1773238180.411896836] [rviz2]: Message Filter dropping message: frame 'laser_link' at time 1455.391 for reason 'discarding message because the queue is full'
[rviz2-2] [INFO] [1773238180.444445943] [rviz2]: Message Filter dropping message: frame 'odom' at time 1453.740 for reason 'discarding message because the queue is full'
[rviz2-2] [INFO] [1773238180.444599951] [rviz2]: Message Filter dropping message: frame 'laser_link' at time 1455.421 for reason 'discarding message because the queue is full'
[rviz2-2] [INFO] [1773238180.476089648] [rviz2]: Message Filter dropping message: frame 'laser_link' at time 1455.451 for reason 'discarding message because the queue is full'
[rviz2-2] [INFO] [1773238180.507492012] [rviz2]: Message Filter dropping message: frame 'laser_link' at time 1455.481 for reason 'discarding message because the queue is full'
[rviz2-2] [INFO] [1773238180.539705312] [rviz2]: Message Filter dropping message: frame 'laser_link' at time 1455.511 for reason 'discarding message because the queue is full'
[rviz2-2] [INFO] [1773238180.572453912] [rviz2]: Message Filter dropping message: frame 'laser_link' at time 1455.551 for reason 'discarding message because the queue is full'
[rviz2-2] [INFO] [1773238180.604197233] [rviz2]: Message Filter dropping message: frame 'laser_link' at time 1455.581 for reason 'discarding message because the queue is full'
[rviz2-2] [INFO] [1773238180.635964238] [rviz2]: Message Filter dropping message: frame 'odom' at time 1453.940 for reason 'discarding message because the queue is full'
[rviz2-2] [INFO] [1773238180.636055268] [rviz2]: Message Filter dropping message: frame 'odom' at time 1449.938 for reason 'discarding message because the queue is full'
[rviz2-2] [INFO] [1773238180.636093369] [rviz2]: Message Filter dropping message: frame 'laser_link' at time 1455.611 for reason 'discarding message because the queue is full'
[rviz2-2] [INFO] [1773238180.668969899] [rviz2]: Message Filter dropping message: frame 'laser_link' at time 1455.641 for reason 'discarding message because the queue is full'
[rviz2-2] [INFO] [1773238180.699594940] [rviz2]: Message Filter dropping message: frame 'laser_link' at time 1455.671 for reason 'discarding message because the queue is full'
[component_container_isolated-1] [WARN] [1773238180.700191054] [amcl]: AMCL cannot publish a pose or update the transform. Please set the initial pose...
[rviz2-2] [INFO] [1773238180.732198709] [rviz2]: Message Filter dropping message: frame 'laser_link' at time 1455.711 for reason 'discarding message because the queue is full'
[rviz2-2] [INFO] [1773238180.763731417] [rviz2]: Message Filter dropping message: frame 'laser_link' at time 1455.741 for reason 'discarding message because the queue is full'
[rviz2-2] [INFO] [1773238180.796179465] [rviz2]: Message Filter dropping message: frame 'laser_link' at time 1455.771 for reason 'discarding message because the queue is full'
[component_container_isolated-1] [INFO] [1773238180.822849323] [global_costmap.global_costmap]: Timed out waiting for transform from base_link to map to become available, tf error: Invalid frame ID "map" passed to canTransform argument target_frame - frame does not exist
[rviz2-2] [INFO] [1773238180.828286536] [rviz2]: Message Filter dropping message: frame 'odom' at time 1454.140 for reason 'discarding message because the queue is full'
[rviz2-2] [INFO] [1773238180.828448108] [rviz2]: Message Filter dropping message: frame 'laser_link' at time 1455.801 for reason 'discarding message because the queue is full'
[rviz2-2] [INFO] [1773238180.860690873] [rviz2]: Message Filter dropping message: frame 'laser_link' at time 1455.831 for reason 'discarding message because the queue is full'
[rviz2-2] [INFO] [1773238180.892551443] [rviz2]: Message Filter dropping message: frame 'laser_link' at time 1455.871 for reason 'discarding message because the queue is full'
[rviz2-2] [INFO] [1773238180.924808885] [rviz2]: Message Filter dropping message: frame 'laser_link' at time 1455.901 for reason 'discarding message because the queue is full'
[rviz2-2] [INFO] [1773238180.956830236] [rviz2]: Message Filter dropping message: frame 'laser_link' at time 1455.931 for reason 'discarding message because the queue is full'
[rviz2-2] [INFO] [1773238180.987507073] [rviz2]: Message Filter dropping message: frame 'laser_link' at time 1455.961 for reason 'discarding message because the queue is full'
[rviz2-2] [INFO] [1773238181.019601240] [rviz2]: Message Filter dropping message: frame 'odom' at time 1454.340 for reason 'discarding message because the queue is full'
[rviz2-2] [INFO] [1773238181.019696008] [rviz2]: Message Filter dropping message: frame 'laser_link' at time 1455.991 for reason 'discarding message because the queue is full'
[rviz2-2] [INFO] [1773238181.052237281] [rviz2]: Message Filter dropping message: frame 'laser_link' at time 1456.031 for reason 'discarding message because the queue is full'
[rviz2-2] [INFO] [1773238181.083392253] [rviz2]: Message Filter dropping message: frame 'laser_link' at time 1456.061 for reason 'discarding message because the queue is full'
[rviz2-2] [INFO] [1773238181.116744541] [rviz2]: Message Filter dropping message: frame 'laser_link' at time 1456.091 for reason 'discarding message because the queue is full'
[rviz2-2] [INFO] [1773238181.148001854] [rviz2]: Message Filter dropping message: frame 'laser_link' at time 1456.121 for reason 'discarding message because the queue is full'
[rviz2-2] [INFO] [1773238181.180177905] [rviz2]: Message Filter dropping message: frame 'laser_link' at time 1456.151 for reason 'discarding message because the queue is full'
[rviz2-2] [INFO] [1773238181.212026874] [rviz2]: Message Filter dropping message: frame 'laser_link' at time 1456.191 for reason 'discarding message because the queue is full'
[rviz2-2] [INFO] [1773238181.243823545] [rviz2]: Message Filter dropping message: frame 'odom' at time 1454.540 for reason 'discarding message because the queue is full'
[rviz2-2] [INFO] [1773238181.243931096] [rviz2]: Message Filter dropping message: frame 'odom' at time 1450.538 for reason 'discarding message because the queue is full'
[rviz2-2] [INFO] [1773238181.243974076] [rviz2]: Message Filter dropping message: frame 'laser_link' at time 1456.221 for reason 'discarding message because the queue is full'
[rviz2-2] [INFO] [1773238181.276251216] [rviz2]: Message Filter dropping message: frame 'laser_link' at time 1456.251 for reason 'discarding message because the queue is full'
[rviz2-2] [INFO] [1773238181.307697372] [rviz2]: Message Filter dropping message: frame 'laser_link' at time 1456.281 for reason 'discarding message because the queue is full'
[component_container_isolated-1] [INFO] [1773238181.322853881] [global_costmap.global_costmap]: Timed out waiting for transform from base_link to map to become available, tf error: Invalid frame ID "map" passed to canTransform argument target_frame - frame does not exist
[rviz2-2] [INFO] [1773238181.340572268] [rviz2]: Message Filter dropping message: frame 'laser_link' at time 1456.311 for reason 'discarding message because the queue is full'
[rviz2-2] [INFO] [1773238181.372500115] [rviz2]: Message Filter dropping message: frame 'laser_link' at time 1456.351 for reason 'discarding message because the queue is full'
[rviz2-2] [INFO] [1773238181.404339857] [rviz2]: Message Filter dropping message: frame 'laser_link' at time 1456.381 for reason 'discarding message because the queue is full'
[rviz2-2] [INFO] [1773238181.436630271] [rviz2]: Message Filter dropping message: frame 'odom' at time 1454.740 for reason 'discarding message because the queue is full'
[rviz2-2] [INFO] [1773238181.436783848] [rviz2]: Message Filter dropping message: frame 'laser_link' at time 1456.411 for reason 'discarding message because the queue is full'
[rviz2-2] [INFO] [1773238181.468199276] [rviz2]: Message Filter dropping message: frame 'laser_link' at time 1456.441 for reason 'discarding message because the queue is full'
[rviz2-2] [INFO] [1773238181.500165895] [rviz2]: Message Filter dropping message: frame 'laser_link' at time 1456.471 for reason 'discarding message because the queue is full'
[rviz2-2] [INFO] [1773238181.531696529] [rviz2]: Message Filter dropping message: frame 'laser_link' at time 1456.511 for reason 'discarding message because the queue is full'
[rviz2-2] [INFO] [1773238181.564401689] [rviz2]: Message Filter dropping message: frame 'laser_link' at time 1456.541 for reason 'discarding message because the queue is full'
[rviz2-2] [INFO] [1773238181.596480968] [rviz2]: Message Filter dropping message: frame 'laser_link' at time 1456.571 for reason 'discarding message because the queue is full'
[rviz2-2] [INFO] [1773238181.628210965] [rviz2]: Message Filter dropping message: frame 'odom' at time 1454.940 for reason 'discarding message because the queue is full'
[rviz2-2] [INFO] [1773238181.628352640] [rviz2]: Message Filter dropping message: frame 'laser_link' at time 1456.601 for reason 'discarding message because the queue is full'
[rviz2-2] [INFO] [1773238181.660091232] [rviz2]: Message Filter dropping message: frame 'laser_link' at time 1456.631 for reason 'discarding message because the queue is full'
[rviz2-2] [INFO] [1773238181.692222539] [rviz2]: Message Filter dropping message: frame 'laser_link' at time 1456.671 for reason 'discarding message because the queue is full'
[rviz2-2] [INFO] [1773238181.724153351] [rviz2]: Message Filter dropping message: frame 'laser_link' at time 1456.701 for reason 'discarding message because the queue is full'
[rviz2-2] [INFO] [1773238181.755872848] [rviz2]: Message Filter dropping message: frame 'laser_link' at time 1456.731 for reason 'discarding message because the queue is full'
[rviz2-2] [INFO] [1773238181.787609176] [rviz2]: Message Filter dropping message: frame 'laser_link' at time 1456.761 for reason 'discarding message because the queue is full'
[rviz2-2] [INFO] [1773238181.820291152] [rviz2]: Message Filter dropping message: frame 'odom' at time 1455.140 for reason 'discarding message because the queue is full'
[rviz2-2] [INFO] [1773238181.820390418] [rviz2]: Message Filter dropping message: frame 'odom' at time 1451.138 for reason 'discarding message because the queue is full'
[rviz2-2] [INFO] [1773238181.820423900] [rviz2]: Message Filter dropping message: frame 'laser_link' at time 1456.791 for reason 'discarding message because the queue is full'
[component_container_isolated-1] [INFO] [1773238181.822864212] [global_costmap.global_costmap]: Timed out waiting for transform from base_link to map to become available, tf error: Invalid frame ID "map" passed to canTransform argument target_frame - frame does not exist
[rviz2-2] [INFO] [1773238181.851745904] [rviz2]: Message Filter dropping message: frame 'laser_link' at time 1456.831 for reason 'discarding message because the queue is full'
[rviz2-2] [INFO] [1773238181.883766374] [rviz2]: Message Filter dropping message: frame 'laser_link' at time 1456.861 for reason 'discarding message because the queue is full'
[rviz2-2] [INFO] [1773238181.916408075] [rviz2]: Message Filter dropping message: frame 'laser_link' at time 1456.891 for reason 'discarding message because the queue is full'
[rviz2-2] [INFO] [1773238181.947896209] [rviz2]: Message Filter dropping message: frame 'laser_link' at time 1456.921 for reason 'discarding message because the queue is full'
[rviz2-2] [INFO] [1773238181.981030381] [rviz2]: Message Filter dropping message: frame 'laser_link' at time 1456.951 for reason 'discarding message because the queue is full'
[rviz2-2] [INFO] [1773238182.012211010] [rviz2]: Message Filter dropping message: frame 'laser_link' at time 1456.991 for reason 'discarding message because the queue is full'
[rviz2-2] [INFO] [1773238182.043989368] [rviz2]: Message Filter dropping message: frame 'odom' at time 1455.340 for reason 'discarding message because the queue is full'
[rviz2-2] [INFO] [1773238182.044078635] [rviz2]: Message Filter dropping message: frame 'laser_link' at time 1457.021 for reason 'discarding message because the queue is full'
[rviz2-2] [INFO] [1773238182.076470279] [rviz2]: Message Filter dropping message: frame 'laser_link' at time 1457.051 for reason 'discarding message because the queue is full'
[rviz2-2] [INFO] [1773238182.107726400] [rviz2]: Message Filter dropping message: frame 'laser_link' at time 1457.081 for reason 'discarding message because the queue is full'
[rviz2-2] [INFO] [1773238182.139969997] [rviz2]: Message Filter dropping message: frame 'laser_link' at time 1457.111 for reason 'discarding message because the queue is full'
[rviz2-2] [INFO] [1773238182.172559580] [rviz2]: Message Filter dropping message: frame 'laser_link' at time 1457.151 for reason 'discarding message because the queue is full'
[rviz2-2] [INFO] [1773238182.204188879] [rviz2]: Message Filter dropping message: frame 'laser_link' at time 1457.181 for reason 'discarding message because the queue is full'
[rviz2-2] [INFO] [1773238182.236118199] [rviz2]: Message Filter dropping message: frame 'odom' at time 1455.540 for reason 'discarding message because the queue is full'
[rviz2-2] [INFO] [1773238182.236241620] [rviz2]: Message Filter dropping message: frame 'laser_link' at time 1457.211 for reason 'discarding message because the queue is full'
[rviz2-2] [INFO] [1773238182.268072726] [rviz2]: Message Filter dropping message: frame 'laser_link' at time 1457.241 for reason 'discarding message because the queue is full'
[rviz2-2] [INFO] [1773238182.300731208] [rviz2]: Message Filter dropping message: frame 'laser_link' at time 1457.271 for reason 'discarding message because the queue is full'
[component_container_isolated-1] [INFO] [1773238182.322852646] [global_costmap.global_costmap]: Timed out waiting for transform from base_link to map to become available, tf error: Invalid frame ID "map" passed to canTransform argument target_frame - frame does not exist
[rviz2-2] [INFO] [1773238182.332695473] [rviz2]: Message Filter dropping message: frame 'laser_link' at time 1457.311 for reason 'discarding message because the queue is full'
[rviz2-2] [INFO] [1773238182.363431923] [rviz2]: Message Filter dropping message: frame 'laser_link' at time 1457.341 for reason 'discarding message because the queue is full'
[rviz2-2] [INFO] [1773238182.396856417] [rviz2]: Message Filter dropping message: frame 'laser_link' at time 1457.371 for reason 'discarding message because the queue is full'
[rviz2-2] [INFO] [1773238182.427519500] [rviz2]: Message Filter dropping message: frame 'odom' at time 1455.740 for reason 'discarding message because the queue is full'
[rviz2-2] [INFO] [1773238182.427609619] [rviz2]: Message Filter dropping message: frame 'odom' at time 1451.738 for reason 'discarding message because the queue is full'
[rviz2-2] [INFO] [1773238182.427645526] [rviz2]: Message Filter dropping message: frame 'laser_link' at time 1457.401 for reason 'discarding message because the queue is full'
[rviz2-2] [INFO] [1773238182.460830522] [rviz2]: Message Filter dropping message: frame 'laser_link' at time 1457.431 for reason 'discarding message because the queue is full'
[rviz2-2] [INFO] [1773238182.491870700] [rviz2]: Message Filter dropping message: frame 'laser_link' at time 1457.471 for reason 'discarding message because the queue is full'
[rviz2-2] [INFO] [1773238182.524425659] [rviz2]: Message Filter dropping message: frame 'laser_link' at time 1457.501 for reason 'discarding message because the queue is full'
[rviz2-2] [INFO] [1773238182.555598044] [rviz2]: Message Filter dropping message: frame 'laser_link' at time 1457.531 for reason 'discarding message because the queue is full'
[rviz2-2] [INFO] [1773238182.588067042] [rviz2]: Message Filter dropping message: frame 'laser_link' at time 1457.561 for reason 'discarding message because the queue is full'
[rviz2-2] [INFO] [1773238182.619874364] [rviz2]: Message Filter dropping message: frame 'odom' at time 1455.940 for reason 'discarding message because the queue is full'
[rviz2-2] [INFO] [1773238182.620162442] [rviz2]: Message Filter dropping message: frame 'laser_link' at time 1457.591 for reason 'discarding message because the queue is full'
[rviz2-2] [INFO] [1773238182.652453177] [rviz2]: Message Filter dropping message: frame 'laser_link' at time 1457.631 for reason 'discarding message because the queue is full'
[rviz2-2] [INFO] [1773238182.684343404] [rviz2]: Message Filter dropping message: frame 'laser_link' at time 1457.661 for reason 'discarding message because the queue is full'
[rviz2-2] [INFO] [1773238182.716092436] [rviz2]: Message Filter dropping message: frame 'laser_link' at time 1457.691 for reason 'discarding message because the queue is full'
[rviz2-2] [INFO] [1773238182.747497596] [rviz2]: Message Filter dropping message: frame 'laser_link' at time 1457.721 for reason 'discarding message because the queue is full'
[rviz2-2] [INFO] [1773238182.779710356] [rviz2]: Message Filter dropping message: frame 'laser_link' at time 1457.751 for reason 'discarding message because the queue is full'
[component_container_isolated-1] [WARN] [1773238182.801318223] [amcl]: AMCL cannot publish a pose or update the transform. Please set the initial pose...
[rviz2-2] [INFO] [1773238182.812341918] [rviz2]: Message Filter dropping message: frame 'odom' at time 1456.140 for reason 'discarding message because the queue is full'
[rviz2-2] [INFO] [1773238182.812493401] [rviz2]: Message Filter dropping message: frame 'laser_link' at time 1457.781 for reason 'discarding message because the queue is full'
[component_container_isolated-1] [INFO] [1773238182.822856491] [global_costmap.global_costmap]: Timed out waiting for transform from base_link to map to become available, tf error: Invalid frame ID "map" passed to canTransform argument target_frame - frame does not exist
[rviz2-2] [INFO] [1773238182.844515234] [rviz2]: Message Filter dropping message: frame 'laser_link' at time 1457.821 for reason 'discarding message because the queue is full'
[rviz2-2] [INFO] [1773238182.876167565] [rviz2]: Message Filter dropping message: frame 'laser_link' at time 1457.851 for reason 'discarding message because the queue is full'
[rviz2-2] [INFO] [1773238182.907926016] [rviz2]: Message Filter dropping message: frame 'laser_link' at time 1457.881 for reason 'discarding message because the queue is full'
[rviz2-2] [INFO] [1773238182.940581883] [rviz2]: Message Filter dropping message: frame 'laser_link' at time 1457.911 for reason 'discarding message because the queue is full'
[rviz2-2] [INFO] [1773238182.972604607] [rviz2]: Message Filter dropping message: frame 'laser_link' at time 1457.951 for reason 'discarding message because the queue is full'
[rviz2-2] [INFO] [1773238183.003918877] [rviz2]: Message Filter dropping message: frame 'laser_link' at time 1457.981 for reason 'discarding message because the queue is full'
[rviz2-2] [INFO] [1773238183.036589182] [rviz2]: Message Filter dropping message: frame 'odom' at time 1456.340 for reason 'discarding message because the queue is full'
[rviz2-2] [INFO] [1773238183.036715148] [rviz2]: Message Filter dropping message: frame 'odom' at time 1452.338 for reason 'discarding message because the queue is full'
[rviz2-2] [INFO] [1773238183.036762897] [rviz2]: Message Filter dropping message: frame 'laser_link' at time 1458.011 for reason 'discarding message because the queue is full'
[rviz2-2] [INFO] [1773238183.067854712] [rviz2]: Message Filter dropping message: frame 'laser_link' at time 1458.041 for reason 'discarding message because the queue is full'
[rviz2-2] [INFO] [1773238183.100353065] [rviz2]: Message Filter dropping message: frame 'laser_link' at time 1458.071 for reason 'discarding message because the queue is full'
[rviz2-2] [INFO] [1773238183.133051112] [rviz2]: Message Filter dropping message: frame 'laser_link' at time 1458.101 for reason 'discarding message because the queue is full'
[rviz2-2] [INFO] [1773238183.164440974] [rviz2]: Message Filter dropping message: frame 'laser_link' at time 1458.141 for reason 'discarding message because the queue is full'
[rviz2-2] [INFO] [1773238183.195788436] [rviz2]: Message Filter dropping message: frame 'laser_link' at time 1458.171 for reason 'discarding message because the queue is full'
[rviz2-2] [INFO] [1773238183.227948227] [rviz2]: Message Filter dropping message: frame 'odom' at time 1456.540 for reason 'discarding message because the queue is full'
[rviz2-2] [INFO] [1773238183.228092777] [rviz2]: Message Filter dropping message: frame 'laser_link' at time 1458.201 for reason 'discarding message because the queue is full'
[rviz2-2] [INFO] [1773238183.260997440] [rviz2]: Message Filter dropping message: frame 'laser_link' at time 1458.231 for reason 'discarding message because the queue is full'
[rviz2-2] [INFO] [1773238183.292725364] [rviz2]: Message Filter dropping message: frame 'laser_link' at time 1458.261 for reason 'discarding message because the queue is full'
[component_container_isolated-1] [INFO] [1773238183.322863486] [global_costmap.global_costmap]: Timed out waiting for transform from base_link to map to become available, tf error: Invalid frame ID "map" passed to canTransform argument target_frame - frame does not exist
[rviz2-2] [INFO] [1773238183.323969243] [rviz2]: Message Filter dropping message: frame 'laser_link' at time 1458.301 for reason 'discarding message because the queue is full'
[rviz2-2] [INFO] [1773238183.356995002] [rviz2]: Message Filter dropping message: frame 'laser_link' at time 1458.331 for reason 'discarding message because the queue is full'
[rviz2-2] [INFO] [1773238183.389321785] [rviz2]: Message Filter dropping message: frame 'laser_link' at time 1458.361 for reason 'discarding message because the queue is full'
[rviz2-2] [INFO] [1773238183.420490984] [rviz2]: Message Filter dropping message: frame 'odom' at time 1456.740 for reason 'discarding message because the queue is full'
[rviz2-2] [INFO] [1773238183.420652877] [rviz2]: Message Filter dropping message: frame 'laser_link' at time 1458.391 for reason 'discarding message because the queue is full'
[rviz2-2] [INFO] [1773238183.453125252] [rviz2]: Message Filter dropping message: frame 'laser_link' at time 1458.421 for reason 'discarding message because the queue is full'
[rviz2-2] [INFO] [1773238183.484814643] [rviz2]: Message Filter dropping message: frame 'laser_link' at time 1458.461 for reason 'discarding message because the queue is full'
[rviz2-2] [INFO] [1773238183.516568846] [rviz2]: Message Filter dropping message: frame 'laser_link' at time 1458.491 for reason 'discarding message because the queue is full'
[rviz2-2] [INFO] [1773238183.548586832] [rviz2]: Message Filter dropping message: frame 'laser_link' at time 1458.521 for reason 'discarding message because the queue is full'
[rviz2-2] [INFO] [1773238183.580680920] [rviz2]: Message Filter dropping message: frame 'laser_link' at time 1458.551 for reason 'discarding message because the queue is full'
[rviz2-2] [INFO] [1773238183.611945307] [rviz2]: Message Filter dropping message: frame 'laser_link' at time 1458.581 for reason 'discarding message because the queue is full'
[rviz2-2] [INFO] [1773238183.644258735] [rviz2]: Message Filter dropping message: frame 'odom' at time 1456.940 for reason 'discarding message because the queue is full'
[rviz2-2] [INFO] [1773238183.644380583] [rviz2]: Message Filter dropping message: frame 'odom' at time 1452.938 for reason 'discarding message because the queue is full'
[rviz2-2] [INFO] [1773238183.644421299] [rviz2]: Message Filter dropping message: frame 'laser_link' at time 1458.621 for reason 'discarding message because the queue is full'
[rviz2-2] [INFO] [1773238183.676452870] [rviz2]: Message Filter dropping message: frame 'laser_link' at time 1458.651 for reason 'discarding message because the queue is full'
[rviz2-2] [INFO] [1773238183.708922139] [rviz2]: Message Filter dropping message: frame 'laser_link' at time 1458.681 for reason 'discarding message because the queue is full'
[rviz2-2] [INFO] [1773238183.740393624] [rviz2]: Message Filter dropping message: frame 'laser_link' at time 1458.711 for reason 'discarding message because the queue is full'
[rviz2-2] [INFO] [1773238183.773084136] [rviz2]: Message Filter dropping message: frame 'laser_link' at time 1458.741 for reason 'discarding message because the queue is full'
[rviz2-2] [INFO] [1773238183.803957192] [rviz2]: Message Filter dropping message: frame 'laser_link' at time 1458.781 for reason 'discarding message because the queue is full'
[component_container_isolated-1] [INFO] [1773238183.822856086] [global_costmap.global_costmap]: Timed out waiting for transform from base_link to map to become available, tf error: Invalid frame ID "map" passed to canTransform argument target_frame - frame does not exist
[rviz2-2] [INFO] [1773238183.835880200] [rviz2]: Message Filter dropping message: frame 'odom' at time 1457.140 for reason 'discarding message because the queue is full'
[rviz2-2] [INFO] [1773238183.835986579] [rviz2]: Message Filter dropping message: frame 'laser_link' at time 1458.811 for reason 'discarding message because the queue is full'
[rviz2-2] [INFO] [1773238183.868772220] [rviz2]: Message Filter dropping message: frame 'laser_link' at time 1458.841 for reason 'discarding message because the queue is full'
[rviz2-2] [INFO] [1773238183.900912153] [rviz2]: Message Filter dropping message: frame 'laser_link' at time 1458.871 for reason 'discarding message because the queue is full'
[rviz2-2] [INFO] [1773238183.931665295] [rviz2]: Message Filter dropping message: frame 'laser_link' at time 1458.901 for reason 'discarding message because the queue is full'
[rviz2-2] [INFO] [1773238183.964605875] [rviz2]: Message Filter dropping message: frame 'laser_link' at time 1458.941 for reason 'discarding message because the queue is full'
[rviz2-2] [INFO] [1773238183.996677100] [rviz2]: Message Filter dropping message: frame 'laser_link' at time 1458.971 for reason 'discarding message because the queue is full'
[rviz2-2] [INFO] [1773238184.027768695] [rviz2]: Message Filter dropping message: frame 'odom' at time 1457.340 for reason 'discarding message because the queue is full'
[rviz2-2] [INFO] [1773238184.027946798] [rviz2]: Message Filter dropping message: frame 'laser_link' at time 1459.001 for reason 'discarding message because the queue is full'
[rviz2-2] [INFO] [1773238184.060538737] [rviz2]: Message Filter dropping message: frame 'laser_link' at time 1459.031 for reason 'discarding message because the queue is full'
[rviz2-2] [INFO] [1773238184.092365355] [rviz2]: Message Filter dropping message: frame 'laser_link' at time 1459.061 for reason 'discarding message because the queue is full'
[rviz2-2] [INFO] [1773238184.124876964] [rviz2]: Message Filter dropping message: frame 'laser_link' at time 1459.101 for reason 'discarding message because the queue is full'
[rviz2-2] [INFO] [1773238184.156969770] [rviz2]: Message Filter dropping message: frame 'laser_link' at time 1459.131 for reason 'discarding message because the queue is full'
[rviz2-2] [INFO] [1773238184.187730666] [rviz2]: Message Filter dropping message: frame 'laser_link' at time 1459.161 for reason 'discarding message because the queue is full'
[rviz2-2] [INFO] [1773238184.220300224] [rviz2]: Message Filter dropping message: frame 'odom' at time 1457.540 for reason 'discarding message because the queue is full'
[rviz2-2] [INFO] [1773238184.220450154] [rviz2]: Message Filter dropping message: frame 'odom' at time 1453.538 for reason 'discarding message because the queue is full'
[rviz2-2] [INFO] [1773238184.220493114] [rviz2]: Message Filter dropping message: frame 'laser_link' at time 1459.191 for reason 'discarding message because the queue is full'
[rviz2-2] [INFO] [1773238184.252026995] [rviz2]: Message Filter dropping message: frame 'laser_link' at time 1459.221 for reason 'discarding message because the queue is full'
[rviz2-2] [INFO] [1773238184.284657156] [rviz2]: Message Filter dropping message: frame 'laser_link' at time 1459.261 for reason 'discarding message because the queue is full'
[rviz2-2] [INFO] [1773238184.316926622] [rviz2]: Message Filter dropping message: frame 'laser_link' at time 1459.291 for reason 'discarding message because the queue is full'
[component_container_isolated-1] [INFO] [1773238184.322857217] [global_costmap.global_costmap]: Timed out waiting for transform from base_link to map to become available, tf error: Invalid frame ID "map" passed to canTransform argument target_frame - frame does not exist
[rviz2-2] [INFO] [1773238184.347945741] [rviz2]: Message Filter dropping message: frame 'laser_link' at time 1459.321 for reason 'discarding message because the queue is full'
[rviz2-2] [INFO] [1773238184.380505620] [rviz2]: Message Filter dropping message: frame 'laser_link' at time 1459.351 for reason 'discarding message because the queue is full'
[rviz2-2] [INFO] [1773238184.412189842] [rviz2]: Message Filter dropping message: frame 'odom' at time 1457.740 for reason 'discarding message because the queue is full'
[rviz2-2] [INFO] [1773238184.412287685] [rviz2]: Message Filter dropping message: frame 'laser_link' at time 1459.381 for reason 'discarding message because the queue is full'
[rviz2-2] [INFO] [1773238184.444961728] [rviz2]: Message Filter dropping message: frame 'laser_link' at time 1459.421 for reason 'discarding message because the queue is full'
[rviz2-2] [INFO] [1773238184.476809135] [rviz2]: Message Filter dropping message: frame 'laser_link' at time 1459.451 for reason 'discarding message because the queue is full'
[rviz2-2] [INFO] [1773238184.507953448] [rviz2]: Message Filter dropping message: frame 'laser_link' at time 1459.481 for reason 'discarding message because the queue is full'
[rviz2-2] [INFO] [1773238184.540244805] [rviz2]: Message Filter dropping message: frame 'laser_link' at time 1459.511 for reason 'discarding message because the queue is full'
[rviz2-2] [INFO] [1773238184.572209662] [rviz2]: Message Filter dropping message: frame 'laser_link' at time 1459.541 for reason 'discarding message because the queue is full'
[rviz2-2] [INFO] [1773238184.604081726] [rviz2]: Message Filter dropping message: frame 'laser_link' at time 1459.581 for reason 'discarding message because the queue is full'
[rviz2-2] [INFO] [1773238184.635760828] [rviz2]: Message Filter dropping message: frame 'odom' at time 1457.940 for reason 'discarding message because the queue is full'
[rviz2-2] [INFO] [1773238184.635893426] [rviz2]: Message Filter dropping message: frame 'laser_link' at time 1459.611 for reason 'discarding message because the queue is full'
[rviz2-2] [INFO] [1773238184.668762473] [rviz2]: Message Filter dropping message: frame 'laser_link' at time 1459.641 for reason 'discarding message because the queue is full'
[rviz2-2] [INFO] [1773238184.699772205] [rviz2]: Message Filter dropping message: frame 'laser_link' at time 1459.671 for reason 'discarding message because the queue is full'
[rviz2-2] [INFO] [1773238184.732786824] [rviz2]: Message Filter dropping message: frame 'laser_link' at time 1459.701 for reason 'discarding message because the queue is full'
[rviz2-2] [INFO] [1773238184.764207944] [rviz2]: Message Filter dropping message: frame 'laser_link' at time 1459.741 for reason 'discarding message because the queue is full'
[rviz2-2] [INFO] [1773238184.795956146] [rviz2]: Message Filter dropping message: frame 'laser_link' at time 1459.771 for reason 'discarding message because the queue is full'
[component_container_isolated-1] [INFO] [1773238184.822861105] [global_costmap.global_costmap]: Timed out waiting for transform from base_link to map to become available, tf error: Invalid frame ID "map" passed to canTransform argument target_frame - frame does not exist
[rviz2-2] [INFO] [1773238184.828305021] [rviz2]: Message Filter dropping message: frame 'odom' at time 1458.140 for reason 'discarding message because the queue is full'
[rviz2-2] [INFO] [1773238184.828481751] [rviz2]: Message Filter dropping message: frame 'odom' at time 1454.138 for reason 'discarding message because the queue is full'
[rviz2-2] [INFO] [1773238184.828532305] [rviz2]: Message Filter dropping message: frame 'laser_link' at time 1459.801 for reason 'discarding message because the queue is full'
[rviz2-2] [INFO] [1773238184.859959357] [rviz2]: Message Filter dropping message: frame 'laser_link' at time 1459.831 for reason 'discarding message because the queue is full'
[rviz2-2] [INFO] [1773238184.891994395] [rviz2]: Message Filter dropping message: frame 'laser_link' at time 1459.861 for reason 'discarding message because the queue is full'
[component_container_isolated-1] [WARN] [1773238184.902140239] [amcl]: AMCL cannot publish a pose or update the transform. Please set the initial pose...
[rviz2-2] [INFO] [1773238184.924026447] [rviz2]: Message Filter dropping message: frame 'laser_link' at time 1459.901 for reason 'discarding message because the queue is full'
[rviz2-2] [INFO] [1773238184.956961738] [rviz2]: Message Filter dropping message: frame 'laser_link' at time 1459.931 for reason 'discarding message because the queue is full'
[rviz2-2] [INFO] [1773238184.988810298] [rviz2]: Message Filter dropping message: frame 'laser_link' at time 1459.961 for reason 'discarding message because the queue is full'
[rviz2-2] [INFO] [1773238185.020485283] [rviz2]: Message Filter dropping message: frame 'odom' at time 1458.340 for reason 'discarding message because the queue is full'
[rviz2-2] [INFO] [1773238185.020696728] [rviz2]: Message Filter dropping message: frame 'laser_link' at time 1459.991 for reason 'discarding message because the queue is full'
[rviz2-2] [INFO] [1773238185.051974160] [rviz2]: Message Filter dropping message: frame 'laser_link' at time 1460.021 for reason 'discarding message because the queue is full'
[rviz2-2] [INFO] [1773238185.083681286] [rviz2]: Message Filter dropping message: frame 'laser_link' at time 1460.061 for reason 'discarding message because the queue is full'
[rviz2-2] [INFO] [1773238185.116890269] [rviz2]: Message Filter dropping message: frame 'laser_link' at time 1460.091 for reason 'discarding message because the queue is full'
[rviz2-2] [INFO] [1773238185.147919547] [rviz2]: Message Filter dropping message: frame 'laser_link' at time 1460.121 for reason 'discarding message because the queue is full'
[rviz2-2] [INFO] [1773238185.179823431] [rviz2]: Message Filter dropping message: frame 'laser_link' at time 1460.151 for reason 'discarding message because the queue is full'
[rviz2-2] [INFO] [1773238185.212883705] [rviz2]: Message Filter dropping message: frame 'odom' at time 1458.540 for reason 'discarding message because the queue is full'
[rviz2-2] [INFO] [1773238185.213101021] [rviz2]: Message Filter dropping message: frame 'laser_link' at time 1460.181 for reason 'discarding message because the queue is full'
[rviz2-2] [INFO] [1773238185.244089444] [rviz2]: Message Filter dropping message: frame 'laser_link' at time 1460.221 for reason 'discarding message because the queue is full'
[rviz2-2] [INFO] [1773238185.276877510] [rviz2]: Message Filter dropping message: frame 'laser_link' at time 1460.251 for reason 'discarding message because the queue is full'
[rviz2-2] [INFO] [1773238185.309014308] [rviz2]: Message Filter dropping message: frame 'laser_link' at time 1460.281 for reason 'discarding message because the queue is full'
[component_container_isolated-1] [INFO] [1773238185.322856702] [global_costmap.global_costmap]: Timed out waiting for transform from base_link to map to become available, tf error: Invalid frame ID "map" passed to canTransform argument target_frame - frame does not exist
[rviz2-2] [INFO] [1773238185.340430720] [rviz2]: Message Filter dropping message: frame 'laser_link' at time 1460.311 for reason 'discarding message because the queue is full'
[rviz2-2] [INFO] [1773238185.371885464] [rviz2]: Message Filter dropping message: frame 'laser_link' at time 1460.341 for reason 'discarding message because the queue is full'
[rviz2-2] [INFO] [1773238185.404132439] [rviz2]: Message Filter dropping message: frame 'laser_link' at time 1460.381 for reason 'discarding message because the queue is full'
[rviz2-2] [INFO] [1773238185.436639640] [rviz2]: Message Filter dropping message: frame 'odom' at time 1458.740 for reason 'discarding message because the queue is full'
[rviz2-2] [INFO] [1773238185.436775964] [rviz2]: Message Filter dropping message: frame 'odom' at time 1454.738 for reason 'discarding message because the queue is full'
[rviz2-2] [INFO] [1773238185.436825587] [rviz2]: Message Filter dropping message: frame 'laser_link' at time 1460.411 for reason 'discarding message because the queue is full'
[rviz2-2] [INFO] [1773238185.468922231] [rviz2]: Message Filter dropping message: frame 'laser_link' at time 1460.441 for reason 'discarding message because the queue is full'
[rviz2-2] [INFO] [1773238185.500176560] [rviz2]: Message Filter dropping message: frame 'laser_link' at time 1460.471 for reason 'discarding message because the queue is full'
[rviz2-2] [INFO] [1773238185.532653394] [rviz2]: Message Filter dropping message: frame 'laser_link' at time 1460.501 for reason 'discarding message because the queue is full'
[rviz2-2] [INFO] [1773238185.564164062] [rviz2]: Message Filter dropping message: frame 'laser_link' at time 1460.541 for reason 'discarding message because the queue is full'
[rviz2-2] [INFO] [1773238185.596925188] [rviz2]: Message Filter dropping message: frame 'laser_link' at time 1460.571 for reason 'discarding message because the queue is full'
[rviz2-2] [INFO] [1773238185.628707795] [rviz2]: Message Filter dropping message: frame 'odom' at time 1458.940 for reason 'discarding message because the queue is full'
[rviz2-2] [INFO] [1773238185.628860220] [rviz2]: Message Filter dropping message: frame 'laser_link' at time 1460.601 for reason 'discarding message because the queue is full'
[rviz2-2] [INFO] [1773238185.660375426] [rviz2]: Message Filter dropping message: frame 'laser_link' at time 1460.631 for reason 'discarding message because the queue is full'
[rviz2-2] [INFO] [1773238185.692440070] [rviz2]: Message Filter dropping message: frame 'laser_link' at time 1460.661 for reason 'discarding message because the queue is full'
[rviz2-2] [INFO] [1773238185.725107531] [rviz2]: Message Filter dropping message: frame 'laser_link' at time 1460.701 for reason 'discarding message because the queue is full'
[rviz2-2] [INFO] [1773238185.756321595] [rviz2]: Message Filter dropping message: frame 'laser_link' at time 1460.731 for reason 'discarding message because the queue is full'
[rviz2-2] [INFO] [1773238185.788018912] [rviz2]: Message Filter dropping message: frame 'laser_link' at time 1460.761 for reason 'discarding message because the queue is full'
[rviz2-2] [INFO] [1773238185.820739922] [rviz2]: Message Filter dropping message: frame 'odom' at time 1459.140 for reason 'discarding message because the queue is full'
[rviz2-2] [INFO] [1773238185.820980933] [rviz2]: Message Filter dropping message: frame 'laser_link' at time 1460.791 for reason 'discarding message because the queue is full'
[component_container_isolated-1] [INFO] [1773238185.822857530] [global_costmap.global_costmap]: Timed out waiting for transform from base_link to map to become available, tf error: Invalid frame ID "map" passed to canTransform argument target_frame - frame does not exist
[rviz2-2] [INFO] [1773238185.852522709] [rviz2]: Message Filter dropping message: frame 'laser_link' at time 1460.821 for reason 'discarding message because the queue is full'
[rviz2-2] [INFO] [1773238185.884332657] [rviz2]: Message Filter dropping message: frame 'laser_link' at time 1460.851 for reason 'discarding message because the queue is full'
[rviz2-2] [INFO] [1773238185.916806115] [rviz2]: Message Filter dropping message: frame 'laser_link' at time 1460.891 for reason 'discarding message because the queue is full'
[rviz2-2] [INFO] [1773238185.947743512] [rviz2]: Message Filter dropping message: frame 'laser_link' at time 1460.921 for reason 'discarding message because the queue is full'
[rviz2-2] [INFO] [1773238185.980689292] [rviz2]: Message Filter dropping message: frame 'laser_link' at time 1460.951 for reason 'discarding message because the queue is full'
[rviz2-2] [INFO] [1773238186.011845258] [rviz2]: Message Filter dropping message: frame 'laser_link' at time 1460.981 for reason 'discarding message because the queue is full'
[rviz2-2] [INFO] [1773238186.044751195] [rviz2]: Message Filter dropping message: frame 'odom' at time 1459.340 for reason 'discarding message because the queue is full'
[rviz2-2] [INFO] [1773238186.044888221] [rviz2]: Message Filter dropping message: frame 'odom' at time 1455.338 for reason 'discarding message because the queue is full'
[rviz2-2] [INFO] [1773238186.045000551] [rviz2]: Message Filter dropping message: frame 'laser_link' at time 1461.021 for reason 'discarding message because the queue is full'
[rviz2-2] [INFO] [1773238186.077002488] [rviz2]: Message Filter dropping message: frame 'laser_link' at time 1461.051 for reason 'discarding message because the queue is full'
[rviz2-2] [INFO] [1773238186.108851419] [rviz2]: Message Filter dropping message: frame 'laser_link' at time 1461.081 for reason 'discarding message because the queue is full'
[rviz2-2] [INFO] [1773238186.141325909] [rviz2]: Message Filter dropping message: frame 'laser_link' at time 1461.111 for reason 'discarding message because the queue is full'
[rviz2-2] [INFO] [1773238186.172440898] [rviz2]: Message Filter dropping message: frame 'laser_link' at time 1461.141 for reason 'discarding message because the queue is full'
[rviz2-2] [INFO] [1773238186.205106565] [rviz2]: Message Filter dropping message: frame 'laser_link' at time 1461.171 for reason 'discarding message because the queue is full'
[rviz2-2] [INFO] [1773238186.236893841] [rviz2]: Message Filter dropping message: frame 'odom' at time 1459.540 for reason 'discarding message because the queue is full'
[rviz2-2] [INFO] [1773238186.237035676] [rviz2]: Message Filter dropping message: frame 'laser_link' at time 1461.211 for reason 'discarding message because the queue is full'
[rviz2-2] [INFO] [1773238186.268168058] [rviz2]: Message Filter dropping message: frame 'laser_link' at time 1461.241 for reason 'discarding message because the queue is full'
[rviz2-2] [INFO] [1773238186.300293666] [rviz2]: Message Filter dropping message: frame 'laser_link' at time 1461.271 for reason 'discarding message because the queue is full'
[component_container_isolated-1] [INFO] [1773238186.322851561] [global_costmap.global_costmap]: Timed out waiting for transform from base_link to map to become available, tf error: Invalid frame ID "map" passed to canTransform argument target_frame - frame does not exist
[rviz2-2] [INFO] [1773238186.332393486] [rviz2]: Message Filter dropping message: frame 'laser_link' at time 1461.301 for reason 'discarding message because the queue is full'
[rviz2-2] [INFO] [1773238186.364843821] [rviz2]: Message Filter dropping message: frame 'laser_link' at time 1461.341 for reason 'discarding message because the queue is full'
[rviz2-2] [INFO] [1773238186.396817485] [rviz2]: Message Filter dropping message: frame 'laser_link' at time 1461.371 for reason 'discarding message because the queue is full'
[rviz2-2] [INFO] [1773238186.427859227] [rviz2]: Message Filter dropping message: frame 'odom' at time 1459.740 for reason 'discarding message because the queue is full'
[rviz2-2] [INFO] [1773238186.427960537] [rviz2]: Message Filter dropping message: frame 'laser_link' at time 1461.401 for reason 'discarding message because the queue is full'
[rviz2-2] [INFO] [1773238186.460666219] [rviz2]: Message Filter dropping message: frame 'laser_link' at time 1461.431 for reason 'discarding message because the queue is full'
[rviz2-2] [INFO] [1773238186.492554794] [rviz2]: Message Filter dropping message: frame 'laser_link' at time 1461.461 for reason 'discarding message because the queue is full'
[rviz2-2] [INFO] [1773238186.524609961] [rviz2]: Message Filter dropping message: frame 'laser_link' at time 1461.501 for reason 'discarding message because the queue is full'
[rviz2-2] [INFO] [1773238186.556894265] [rviz2]: Message Filter dropping message: frame 'laser_link' at time 1461.531 for reason 'discarding message because the queue is full'
[rviz2-2] [INFO] [1773238186.589004174] [rviz2]: Message Filter dropping message: frame 'laser_link' at time 1461.561 for reason 'discarding message because the queue is full'
[rviz2-2] [INFO] [1773238186.620558364] [rviz2]: Message Filter dropping message: frame 'odom' at time 1459.940 for reason 'discarding message because the queue is full'
[rviz2-2] [INFO] [1773238186.620728593] [rviz2]: Message Filter dropping message: frame 'odom' at time 1455.938 for reason 'discarding message because the queue is full'
[rviz2-2] [INFO] [1773238186.620797461] [rviz2]: Message Filter dropping message: frame 'laser_link' at time 1461.591 for reason 'discarding message because the queue is full'
[rviz2-2] [INFO] [1773238186.651665429] [rviz2]: Message Filter dropping message: frame 'laser_link' at time 1461.621 for reason 'discarding message because the queue is full'
[rviz2-2] [INFO] [1773238186.684985890] [rviz2]: Message Filter dropping message: frame 'laser_link' at time 1461.661 for reason 'discarding message because the queue is full'
[rviz2-2] [INFO] [1773238186.716110247] [rviz2]: Message Filter dropping message: frame 'laser_link' at time 1461.691 for reason 'discarding message because the queue is full'
[rviz2-2] [INFO] [1773238186.748664085] [rviz2]: Message Filter dropping message: frame 'laser_link' at time 1461.721 for reason 'discarding message because the queue is full'
[rviz2-2] [INFO] [1773238186.780559083] [rviz2]: Message Filter dropping message: frame 'laser_link' at time 1461.751 for reason 'discarding message because the queue is full'
[rviz2-2] [INFO] [1773238186.813111458] [rviz2]: Message Filter dropping message: frame 'odom' at time 1460.140 for reason 'discarding message because the queue is full'
[rviz2-2] [INFO] [1773238186.813300542] [rviz2]: Message Filter dropping message: frame 'laser_link' at time 1461.781 for reason 'discarding message because the queue is full'
[component_container_isolated-1] [INFO] [1773238186.822894795] [global_costmap.global_costmap]: Timed out waiting for transform from base_link to map to become available, tf error: Invalid frame ID "map" passed to canTransform argument target_frame - frame does not exist
[rviz2-2] [INFO] [1773238186.843811742] [rviz2]: Message Filter dropping message: frame 'laser_link' at time 1461.821 for reason 'discarding message because the queue is full'
[rviz2-2] [INFO] [1773238186.877585120] [rviz2]: Message Filter dropping message: frame 'laser_link' at time 1461.851 for reason 'discarding message because the queue is full'
[rviz2-2] [INFO] [1773238186.908311824] [rviz2]: Message Filter dropping message: frame 'laser_link' at time 1461.881 for reason 'discarding message because the queue is full'
[rviz2-2] [INFO] [1773238186.941121721] [rviz2]: Message Filter dropping message: frame 'laser_link' at time 1461.911 for reason 'discarding message because the queue is full'
[rviz2-2] [INFO] [1773238186.972908135] [rviz2]: Message Filter dropping message: frame 'laser_link' at time 1461.941 for reason 'discarding message because the queue is full'
[component_container_isolated-1] [WARN] [1773238187.004097663] [amcl]: AMCL cannot publish a pose or update the transform. Please set the initial pose...
[rviz2-2] [INFO] [1773238187.005568923] [rviz2]: Message Filter dropping message: frame 'laser_link' at time 1461.981 for reason 'discarding message because the queue is full'
[rviz2-2] [INFO] [1773238187.036813636] [rviz2]: Message Filter dropping message: frame 'odom' at time 1460.340 for reason 'discarding message because the queue is full'
[rviz2-2] [INFO] [1773238187.037008029] [rviz2]: Message Filter dropping message: frame 'laser_link' at time 1462.011 for reason 'discarding message because the queue is full'
[rviz2-2] [INFO] [1773238187.068898257] [rviz2]: Message Filter dropping message: frame 'laser_link' at time 1462.041 for reason 'discarding message because the queue is full'
[rviz2-2] [INFO] [1773238187.100151195] [rviz2]: Message Filter dropping message: frame 'laser_link' at time 1462.071 for reason 'discarding message because the queue is full'
[rviz2-2] [INFO] [1773238187.132759976] [rviz2]: Message Filter dropping message: frame 'laser_link' at time 1462.101 for reason 'discarding message because the queue is full'
[rviz2-2] [INFO] [1773238187.163750153] [rviz2]: Message Filter dropping message: frame 'laser_link' at time 1462.131 for reason 'discarding message because the queue is full'
[rviz2-2] [INFO] [1773238187.196620022] [rviz2]: Message Filter dropping message: frame 'laser_link' at time 1462.171 for reason 'discarding message because the queue is full'
[rviz2-2] [INFO] [1773238187.229409963] [rviz2]: Message Filter dropping message: frame 'odom' at time 1460.540 for reason 'discarding message because the queue is full'
[rviz2-2] [INFO] [1773238187.229686169] [rviz2]: Message Filter dropping message: frame 'odom' at time 1456.538 for reason 'discarding message because the queue is full'
[rviz2-2] [INFO] [1773238187.229777820] [rviz2]: Message Filter dropping message: frame 'laser_link' at time 1462.201 for reason 'discarding message because the queue is full'
[rviz2-2] [INFO] [1773238187.259785901] [rviz2]: Message Filter dropping message: frame 'laser_link' at time 1462.231 for reason 'discarding message because the queue is full'
[rviz2-2] [INFO] [1773238187.292167999] [rviz2]: Message Filter dropping message: frame 'laser_link' at time 1462.261 for reason 'discarding message because the queue is full'
[component_container_isolated-1] [INFO] [1773238187.322862593] [global_costmap.global_costmap]: Timed out waiting for transform from base_link to map to become available, tf error: Invalid frame ID "map" passed to canTransform argument target_frame - frame does not exist
[rviz2-2] [INFO] [1773238187.324954643] [rviz2]: Message Filter dropping message: frame 'laser_link' at time 1462.291 for reason 'discarding message because the queue is full'
[rviz2-2] [INFO] [1773238187.355783267] [rviz2]: Message Filter dropping message: frame 'laser_link' at time 1462.331 for reason 'discarding message because the queue is full'
[rviz2-2] [INFO] [1773238187.388365249] [rviz2]: Message Filter dropping message: frame 'laser_link' at time 1462.361 for reason 'discarding message because the queue is full'
[rviz2-2] [INFO] [1773238187.420161912] [rviz2]: Message Filter dropping message: frame 'odom' at time 1460.740 for reason 'discarding message because the queue is full'
[rviz2-2] [INFO] [1773238187.420300962] [rviz2]: Message Filter dropping message: frame 'laser_link' at time 1462.391 for reason 'discarding message because the queue is full'
[rviz2-2] [INFO] [1773238187.452691155] [rviz2]: Message Filter dropping message: frame 'laser_link' at time 1462.421 for reason 'discarding message because the queue is full'
[rviz2-2] [INFO] [1773238187.484623352] [rviz2]: Message Filter dropping message: frame 'laser_link' at time 1462.451 for reason 'discarding message because the queue is full'
[rviz2-2] [INFO] [1773238187.516756094] [rviz2]: Message Filter dropping message: frame 'laser_link' at time 1462.491 for reason 'discarding message because the queue is full'
[rviz2-2] [INFO] [1773238187.548603673] [rviz2]: Message Filter dropping message: frame 'laser_link' at time 1462.521 for reason 'discarding message because the queue is full'
[rviz2-2] [INFO] [1773238187.580685410] [rviz2]: Message Filter dropping message: frame 'laser_link' at time 1462.551 for reason 'discarding message because the queue is full'
[rviz2-2] [INFO] [1773238187.612144472] [rviz2]: Message Filter dropping message: frame 'laser_link' at time 1462.581 for reason 'discarding message because the queue is full'
[rviz2-2] [INFO] [1773238187.644359508] [rviz2]: Message Filter dropping message: frame 'odom' at time 1460.940 for reason 'discarding message because the queue is full'
[rviz2-2] [INFO] [1773238187.644555394] [rviz2]: Message Filter dropping message: frame 'laser_link' at time 1462.611 for reason 'discarding message because the queue is full'
[rviz2-2] [INFO] [1773238187.676830041] [rviz2]: Message Filter dropping message: frame 'laser_link' at time 1462.651 for reason 'discarding message because the queue is full'
[rviz2-2] [INFO] [1773238187.708587782] [rviz2]: Message Filter dropping message: frame 'laser_link' at time 1462.681 for reason 'discarding message because the queue is full'
[rviz2-2] [INFO] [1773238187.740994496] [rviz2]: Message Filter dropping message: frame 'laser_link' at time 1462.711 for reason 'discarding message because the queue is full'
[rviz2-2] [INFO] [1773238187.773334636] [rviz2]: Message Filter dropping message: frame 'laser_link' at time 1462.741 for reason 'discarding message because the queue is full'
[rviz2-2] [INFO] [1773238187.804423326] [rviz2]: Message Filter dropping message: frame 'laser_link' at time 1462.771 for reason 'discarding message because the queue is full'
[component_container_isolated-1] [INFO] [1773238187.822876679] [global_costmap.global_costmap]: Timed out waiting for transform from base_link to map to become available, tf error: Invalid frame ID "map" passed to canTransform argument target_frame - frame does not exist
[rviz2-2] [INFO] [1773238187.836579582] [rviz2]: Message Filter dropping message: frame 'odom' at time 1461.140 for reason 'discarding message because the queue is full'
[rviz2-2] [INFO] [1773238187.836765239] [rviz2]: Message Filter dropping message: frame 'odom' at time 1457.138 for reason 'discarding message because the queue is full'
[rviz2-2] [INFO] [1773238187.836805534] [rviz2]: Message Filter dropping message: frame 'laser_link' at time 1462.811 for reason 'discarding message because the queue is full'
[rviz2-2] [INFO] [1773238187.867874928] [rviz2]: Message Filter dropping message: frame 'laser_link' at time 1462.841 for reason 'discarding message because the queue is full'
[rviz2-2] [INFO] [1773238187.901198987] [rviz2]: Message Filter dropping message: frame 'laser_link' at time 1462.871 for reason 'discarding message because the queue is full'
[rviz2-2] [INFO] [1773238187.932788764] [rviz2]: Message Filter dropping message: frame 'laser_link' at time 1462.901 for reason 'discarding message because the queue is full'
[rviz2-2] [INFO] [1773238187.965512771] [rviz2]: Message Filter dropping message: frame 'laser_link' at time 1462.931 for reason 'discarding message because the queue is full'
[rviz2-2] [INFO] [1773238187.997088141] [rviz2]: Message Filter dropping message: frame 'laser_link' at time 1462.971 for reason 'discarding message because the queue is full'
[rviz2-2] [INFO] [1773238188.028210445] [rviz2]: Message Filter dropping message: frame 'odom' at time 1461.340 for reason 'discarding message because the queue is full'
[rviz2-2] [INFO] [1773238188.028469549] [rviz2]: Message Filter dropping message: frame 'laser_link' at time 1463.001 for reason 'discarding message because the queue is full'
[rviz2-2] [INFO] [1773238188.059911771] [rviz2]: Message Filter dropping message: frame 'laser_link' at time 1463.031 for reason 'discarding message because the queue is full'
[rviz2-2] [INFO] [1773238188.092179976] [rviz2]: Message Filter dropping message: frame 'laser_link' at time 1463.061 for reason 'discarding message because the queue is full'
[rviz2-2] [INFO] [1773238188.124738985] [rviz2]: Message Filter dropping message: frame 'laser_link' at time 1463.091 for reason 'discarding message because the queue is full'
[rviz2-2] [INFO] [1773238188.157320486] [rviz2]: Message Filter dropping message: frame 'laser_link' at time 1463.131 for reason 'discarding message because the queue is full'
[rviz2-2] [INFO] [1773238188.187974194] [rviz2]: Message Filter dropping message: frame 'laser_link' at time 1463.161 for reason 'discarding message because the queue is full'
[rviz2-2] [INFO] [1773238188.221238091] [rviz2]: Message Filter dropping message: frame 'odom' at time 1461.540 for reason 'discarding message because the queue is full'
[rviz2-2] [INFO] [1773238188.221375968] [rviz2]: Message Filter dropping message: frame 'laser_link' at time 1463.191 for reason 'discarding message because the queue is full'
[rviz2-2] [INFO] [1773238188.251886378] [rviz2]: Message Filter dropping message: frame 'laser_link' at time 1463.221 for reason 'discarding message because the queue is full'
[rviz2-2] [INFO] [1773238188.285502082] [rviz2]: Message Filter dropping message: frame 'laser_link' at time 1463.251 for reason 'discarding message because the queue is full'
[rviz2-2] [INFO] [1773238188.316745292] [rviz2]: Message Filter dropping message: frame 'laser_link' at time 1463.291 for reason 'discarding message because the queue is full'
[component_container_isolated-1] [INFO] [1773238188.322865522] [global_costmap.global_costmap]: Timed out waiting for transform from base_link to map to become available, tf error: Invalid frame ID "map" passed to canTransform argument target_frame - frame does not exist
[rviz2-2] [INFO] [1773238188.348352893] [rviz2]: Message Filter dropping message: frame 'laser_link' at time 1463.321 for reason 'discarding message because the queue is full'
[rviz2-2] [INFO] [1773238188.379629535] [rviz2]: Message Filter dropping message: frame 'laser_link' at time 1463.351 for reason 'discarding message because the queue is full'
[rviz2-2] [INFO] [1773238188.413158878] [rviz2]: Message Filter dropping message: frame 'odom' at time 1461.740 for reason 'discarding message because the queue is full'
[rviz2-2] [INFO] [1773238188.413382706] [rviz2]: Message Filter dropping message: frame 'odom' at time 1457.738 for reason 'discarding message because the queue is full'
[rviz2-2] [INFO] [1773238188.413471843] [rviz2]: Message Filter dropping message: frame 'laser_link' at time 1463.381 for reason 'discarding message because the queue is full'
[rviz2-2] [INFO] [1773238188.445017788] [rviz2]: Message Filter dropping message: frame 'laser_link' at time 1463.411 for reason 'discarding message because the queue is full'
[rviz2-2] [INFO] [1773238188.476678308] [rviz2]: Message Filter dropping message: frame 'laser_link' at time 1463.451 for reason 'discarding message because the queue is full'
[rviz2-2] [INFO] [1773238188.508804538] [rviz2]: Message Filter dropping message: frame 'laser_link' at time 1463.481 for reason 'discarding message because the queue is full'
[rviz2-2] [INFO] [1773238188.540177640] [rviz2]: Message Filter dropping message: frame 'laser_link' at time 1463.511 for reason 'discarding message because the queue is full'
[rviz2-2] [INFO] [1773238188.572868205] [rviz2]: Message Filter dropping message: frame 'laser_link' at time 1463.541 for reason 'discarding message because the queue is full'
[rviz2-2] [INFO] [1773238188.603985069] [rviz2]: Message Filter dropping message: frame 'laser_link' at time 1463.581 for reason 'discarding message because the queue is full'
[rviz2-2] [INFO] [1773238188.636944987] [rviz2]: Message Filter dropping message: frame 'odom' at time 1461.940 for reason 'discarding message because the queue is full'
[rviz2-2] [INFO] [1773238188.637109344] [rviz2]: Message Filter dropping message: frame 'laser_link' at time 1463.611 for reason 'discarding message because the queue is full'
[rviz2-2] [INFO] [1773238188.669594655] [rviz2]: Message Filter dropping message: frame 'laser_link' at time 1463.641 for reason 'discarding message because the queue is full'
[rviz2-2] [INFO] [1773238188.700733460] [rviz2]: Message Filter dropping message: frame 'laser_link' at time 1463.671 for reason 'discarding message because the queue is full'
[rviz2-2] [INFO] [1773238188.732253828] [rviz2]: Message Filter dropping message: frame 'laser_link' at time 1463.701 for reason 'discarding message because the queue is full'
[rviz2-2] [INFO] [1773238188.765559963] [rviz2]: Message Filter dropping message: frame 'laser_link' at time 1463.731 for reason 'discarding message because the queue is full'
[rviz2-2] [INFO] [1773238188.797451885] [rviz2]: Message Filter dropping message: frame 'laser_link' at time 1463.771 for reason 'discarding message because the queue is full'
[component_container_isolated-1] [INFO] [1773238188.822868333] [global_costmap.global_costmap]: Timed out waiting for transform from base_link to map to become available, tf error: Invalid frame ID "map" passed to canTransform argument target_frame - frame does not exist
[rviz2-2] [INFO] [1773238188.828063314] [rviz2]: Message Filter dropping message: frame 'odom' at time 1462.140 for reason 'discarding message because the queue is full'
[rviz2-2] [INFO] [1773238188.828143173] [rviz2]: Message Filter dropping message: frame 'laser_link' at time 1463.801 for reason 'discarding message because the queue is full'
[rviz2-2] [INFO] [1773238188.860454088] [rviz2]: Message Filter dropping message: frame 'laser_link' at time 1463.831 for reason 'discarding message because the queue is full'
[rviz2-2] [INFO] [1773238188.891947375] [rviz2]: Message Filter dropping message: frame 'laser_link' at time 1463.861 for reason 'discarding message because the queue is full'
[rviz2-2] [INFO] [1773238188.925021187] [rviz2]: Message Filter dropping message: frame 'laser_link' at time 1463.891 for reason 'discarding message because the queue is full'
[rviz2-2] [INFO] [1773238188.956763129] [rviz2]: Message Filter dropping message: frame 'laser_link' at time 1463.931 for reason 'discarding message because the queue is full'
[rviz2-2] [INFO] [1773238188.987643650] [rviz2]: Message Filter dropping message: frame 'laser_link' at time 1463.961 for reason 'discarding message because the queue is full'
[rviz2-2] [INFO] [1773238189.020405509] [rviz2]: Message Filter dropping message: frame 'odom' at time 1462.340 for reason 'discarding message because the queue is full'
[rviz2-2] [INFO] [1773238189.020598540] [rviz2]: Message Filter dropping message: frame 'odom' at time 1458.338 for reason 'discarding message because the queue is full'
[rviz2-2] [INFO] [1773238189.020661688] [rviz2]: Message Filter dropping message: frame 'laser_link' at time 1463.991 for reason 'discarding message because the queue is full'
[rviz2-2] [INFO] [1773238189.052184781] [rviz2]: Message Filter dropping message: frame 'laser_link' at time 1464.021 for reason 'discarding message because the queue is full'
[rviz2-2] [INFO] [1773238189.084279933] [rviz2]: Message Filter dropping message: frame 'laser_link' at time 1464.051 for reason 'discarding message because the queue is full'
[component_container_isolated-1] [WARN] [1773238189.105056689] [amcl]: AMCL cannot publish a pose or update the transform. Please set the initial pose...
[rviz2-2] [INFO] [1773238189.116952154] [rviz2]: Message Filter dropping message: frame 'laser_link' at time 1464.091 for reason 'discarding message because the queue is full'
[rviz2-2] [INFO] [1773238189.148273971] [rviz2]: Message Filter dropping message: frame 'laser_link' at time 1464.121 for reason 'discarding message because the queue is full'
[rviz2-2] [INFO] [1773238189.180608411] [rviz2]: Message Filter dropping message: frame 'laser_link' at time 1464.151 for reason 'discarding message because the queue is full'
[rviz2-2] [INFO] [1773238189.212330526] [rviz2]: Message Filter dropping message: frame 'odom' at time 1462.540 for reason 'discarding message because the queue is full'
[rviz2-2] [INFO] [1773238189.212426756] [rviz2]: Message Filter dropping message: frame 'laser_link' at time 1464.181 for reason 'discarding message because the queue is full'
[rviz2-2] [INFO] [1773238189.244865761] [rviz2]: Message Filter dropping message: frame 'laser_link' at time 1464.211 for reason 'discarding message because the queue is full'
[rviz2-2] [INFO] [1773238189.277409041] [rviz2]: Message Filter dropping message: frame 'laser_link' at time 1464.251 for reason 'discarding message because the queue is full'
[rviz2-2] [INFO] [1773238189.307927436] [rviz2]: Message Filter dropping message: frame 'laser_link' at time 1464.281 for reason 'discarding message because the queue is full'
[component_container_isolated-1] [INFO] [1773238189.322854849] [global_costmap.global_costmap]: Timed out waiting for transform from base_link to map to become available, tf error: Invalid frame ID "map" passed to canTransform argument target_frame - frame does not exist
[rviz2-2] [INFO] [1773238189.340423598] [rviz2]: Message Filter dropping message: frame 'laser_link' at time 1464.311 for reason 'discarding message because the queue is full'
[rviz2-2] [INFO] [1773238189.373011963] [rviz2]: Message Filter dropping message: frame 'laser_link' at time 1464.341 for reason 'discarding message because the queue is full'
[rviz2-2] [INFO] [1773238189.404095704] [rviz2]: Message Filter dropping message: frame 'laser_link' at time 1464.371 for reason 'discarding message because the queue is full'
[rviz2-2] [INFO] [1773238189.436779768] [rviz2]: Message Filter dropping message: frame 'odom' at time 1462.740 for reason 'discarding message because the queue is full'
[rviz2-2] [INFO] [1773238189.437014607] [rviz2]: Message Filter dropping message: frame 'laser_link' at time 1464.411 for reason 'discarding message because the queue is full'
[rviz2-2] [INFO] [1773238189.468864200] [rviz2]: Message Filter dropping message: frame 'laser_link' at time 1464.441 for reason 'discarding message because the queue is full'
[rviz2-2] [INFO] [1773238189.501259223] [rviz2]: Message Filter dropping message: frame 'laser_link' at time 1464.471 for reason 'discarding message because the queue is full'
[rviz2-2] [INFO] [1773238189.532530285] [rviz2]: Message Filter dropping message: frame 'laser_link' at time 1464.501 for reason 'discarding message because the queue is full'
[rviz2-2] [INFO] [1773238189.565197467] [rviz2]: Message Filter dropping message: frame 'laser_link' at time 1464.531 for reason 'discarding message because the queue is full'
[rviz2-2] [INFO] [1773238189.596207250] [rviz2]: Message Filter dropping message: frame 'laser_link' at time 1464.571 for reason 'discarding message because the queue is full'
[rviz2-2] [INFO] [1773238189.628468453] [rviz2]: Message Filter dropping message: frame 'odom' at time 1462.940 for reason 'discarding message because the queue is full'
[rviz2-2] [INFO] [1773238189.628644172] [rviz2]: Message Filter dropping message: frame 'odom' at time 1458.938 for reason 'discarding message because the queue is full'
[rviz2-2] [INFO] [1773238189.628702661] [rviz2]: Message Filter dropping message: frame 'laser_link' at time 1464.601 for reason 'discarding message because the queue is full'
[rviz2-2] [INFO] [1773238189.660386765] [rviz2]: Message Filter dropping message: frame 'laser_link' at time 1464.631 for reason 'discarding message because the queue is full'
[rviz2-2] [INFO] [1773238189.693317179] [rviz2]: Message Filter dropping message: frame 'laser_link' at time 1464.661 for reason 'discarding message because the queue is full'
[rviz2-2] [INFO] [1773238189.724965987] [rviz2]: Message Filter dropping message: frame 'laser_link' at time 1464.691 for reason 'discarding message because the queue is full'
[rviz2-2] [INFO] [1773238189.757179771] [rviz2]: Message Filter dropping message: frame 'laser_link' at time 1464.731 for reason 'discarding message because the queue is full'
[rviz2-2] [INFO] [1773238189.789043892] [rviz2]: Message Filter dropping message: frame 'laser_link' at time 1464.761 for reason 'discarding message because the queue is full'
[rviz2-2] [INFO] [1773238189.821057301] [rviz2]: Message Filter dropping message: frame 'odom' at time 1463.140 for reason 'discarding message because the queue is full'
[rviz2-2] [INFO] [1773238189.821215727] [rviz2]: Message Filter dropping message: frame 'laser_link' at time 1464.791 for reason 'discarding message because the queue is full'
[component_container_isolated-1] [INFO] [1773238189.822861804] [global_costmap.global_costmap]: Timed out waiting for transform from base_link to map to become available, tf error: Invalid frame ID "map" passed to canTransform argument target_frame - frame does not exist
[rviz2-2] [INFO] [1773238189.852476650] [rviz2]: Message Filter dropping message: frame 'laser_link' at time 1464.821 for reason 'discarding message because the queue is full'
[rviz2-2] [INFO] [1773238189.885104228] [rviz2]: Message Filter dropping message: frame 'laser_link' at time 1464.851 for reason 'discarding message because the queue is full'
[rviz2-2] [INFO] [1773238189.917253191] [rviz2]: Message Filter dropping message: frame 'laser_link' at time 1464.881 for reason 'discarding message because the queue is full'
[rviz2-2] [INFO] [1773238189.948927487] [rviz2]: Message Filter dropping message: frame 'laser_link' at time 1464.921 for reason 'discarding message because the queue is full'
[rviz2-2] [INFO] [1773238189.981061793] [rviz2]: Message Filter dropping message: frame 'laser_link' at time 1464.951 for reason 'discarding message because the queue is full'
[rviz2-2] [INFO] [1773238190.011855252] [rviz2]: Message Filter dropping message: frame 'laser_link' at time 1464.981 for reason 'discarding message because the queue is full'
[rviz2-2] [INFO] [1773238190.044564112] [rviz2]: Message Filter dropping message: frame 'odom' at time 1463.340 for reason 'discarding message because the queue is full'
[rviz2-2] [INFO] [1773238190.044746192] [rviz2]: Message Filter dropping message: frame 'laser_link' at time 1465.011 for reason 'discarding message because the queue is full'
[rviz2-2] [INFO] [1773238190.077962661] [rviz2]: Message Filter dropping message: frame 'laser_link' at time 1465.051 for reason 'discarding message because the queue is full'
[rviz2-2] [INFO] [1773238190.108418460] [rviz2]: Message Filter dropping message: frame 'laser_link' at time 1465.081 for reason 'discarding message because the queue is full'
[rviz2-2] [INFO] [1773238190.140552084] [rviz2]: Message Filter dropping message: frame 'laser_link' at time 1465.111 for reason 'discarding message because the queue is full'
[rviz2-2] [INFO] [1773238190.173005447] [rviz2]: Message Filter dropping message: frame 'laser_link' at time 1465.141 for reason 'discarding message because the queue is full'
[rviz2-2] [INFO] [1773238190.204971979] [rviz2]: Message Filter dropping message: frame 'laser_link' at time 1465.171 for reason 'discarding message because the queue is full'
[rviz2-2] [INFO] [1773238190.237015676] [rviz2]: Message Filter dropping message: frame 'odom' at time 1463.540 for reason 'discarding message because the queue is full'
[rviz2-2] [INFO] [1773238190.237203236] [rviz2]: Message Filter dropping message: frame 'odom' at time 1459.538 for reason 'discarding message because the queue is full'
[rviz2-2] [INFO] [1773238190.237263770] [rviz2]: Message Filter dropping message: frame 'laser_link' at time 1465.211 for reason 'discarding message because the queue is full'
[rviz2-2] [INFO] [1773238190.269420598] [rviz2]: Message Filter dropping message: frame 'laser_link' at time 1465.241 for reason 'discarding message because the queue is full'
[rviz2-2] [INFO] [1773238190.301249142] [rviz2]: Message Filter dropping message: frame 'laser_link' at time 1465.271 for reason 'discarding message because the queue is full'
[component_container_isolated-1] [INFO] [1773238190.322857002] [global_costmap.global_costmap]: Timed out waiting for transform from base_link to map to become available, tf error: Invalid frame ID "map" passed to canTransform argument target_frame - frame does not exist
[rviz2-2] [INFO] [1773238190.332068671] [rviz2]: Message Filter dropping message: frame 'laser_link' at time 1465.301 for reason 'discarding message because the queue is full'
[rviz2-2] [INFO] [1773238190.366456880] [rviz2]: Message Filter dropping message: frame 'laser_link' at time 1465.331 for reason 'discarding message because the queue is full'
[rviz2-2] [INFO] [1773238190.397352570] [rviz2]: Message Filter dropping message: frame 'laser_link' at time 1465.371 for reason 'discarding message because the queue is full'
[rviz2-2] [INFO] [1773238190.427890553] [rviz2]: Message Filter dropping message: frame 'odom' at time 1463.740 for reason 'discarding message because the queue is full'
[rviz2-2] [INFO] [1773238190.427987544] [rviz2]: Message Filter dropping message: frame 'laser_link' at time 1465.401 for reason 'discarding message because the queue is full'
[rviz2-2] [INFO] [1773238190.461450734] [rviz2]: Message Filter dropping message: frame 'laser_link' at time 1465.431 for reason 'discarding message because the queue is full'
[rviz2-2] [INFO] [1773238190.492067293] [rviz2]: Message Filter dropping message: frame 'laser_link' at time 1465.461 for reason 'discarding message because the queue is full'
[rviz2-2] [INFO] [1773238190.524573664] [rviz2]: Message Filter dropping message: frame 'laser_link' at time 1465.491 for reason 'discarding message because the queue is full'
[rviz2-2] [INFO] [1773238190.557496695] [rviz2]: Message Filter dropping message: frame 'laser_link' at time 1465.531 for reason 'discarding message because the queue is full'
[rviz2-2] [INFO] [1773238190.588197161] [rviz2]: Message Filter dropping message: frame 'laser_link' at time 1465.561 for reason 'discarding message because the queue is full'
[rviz2-2] [INFO] [1773238190.619967276] [rviz2]: Message Filter dropping message: frame 'odom' at time 1463.940 for reason 'discarding message because the queue is full'
[rviz2-2] [INFO] [1773238190.620062945] [rviz2]: Message Filter dropping message: frame 'laser_link' at time 1465.591 for reason 'discarding message because the queue is full'
[rviz2-2] [INFO] [1773238190.652767537] [rviz2]: Message Filter dropping message: frame 'laser_link' at time 1465.621 for reason 'discarding message because the queue is full'
[rviz2-2] [INFO] [1773238190.684043188] [rviz2]: Message Filter dropping message: frame 'laser_link' at time 1465.651 for reason 'discarding message because the queue is full'
[rviz2-2] [INFO] [1773238190.716743642] [rviz2]: Message Filter dropping message: frame 'laser_link' at time 1465.691 for reason 'discarding message because the queue is full'
[rviz2-2] [INFO] [1773238190.749426724] [rviz2]: Message Filter dropping message: frame 'laser_link' at time 1465.721 for reason 'discarding message because the queue is full'
[rviz2-2] [INFO] [1773238190.780657351] [rviz2]: Message Filter dropping message: frame 'laser_link' at time 1465.751 for reason 'discarding message because the queue is full'
[rviz2-2] [INFO] [1773238190.812710806] [rviz2]: Message Filter dropping message: frame 'odom' at time 1464.140 for reason 'discarding message because the queue is full'
[rviz2-2] [INFO] [1773238190.812941978] [rviz2]: Message Filter dropping message: frame 'odom' at time 1460.138 for reason 'discarding message because the queue is full'
[rviz2-2] [INFO] [1773238190.813047044] [rviz2]: Message Filter dropping message: frame 'laser_link' at time 1465.781 for reason 'discarding message because the queue is full'
[component_container_isolated-1] [INFO] [1773238190.822850228] [global_costmap.global_costmap]: Timed out waiting for transform from base_link to map to become available, tf error: Invalid frame ID "map" passed to canTransform argument target_frame - frame does not exist
[rviz2-2] [INFO] [1773238190.844042371] [rviz2]: Message Filter dropping message: frame 'laser_link' at time 1465.811 for reason 'discarding message because the queue is full'
[rviz2-2] [INFO] [1773238190.877830729] [rviz2]: Message Filter dropping message: frame 'laser_link' at time 1465.851 for reason 'discarding message because the queue is full'
[rviz2-2] [INFO] [1773238190.907959035] [rviz2]: Message Filter dropping message: frame 'laser_link' at time 1465.881 for reason 'discarding message because the queue is full'
[rviz2-2] [INFO] [1773238190.941452221] [rviz2]: Message Filter dropping message: frame 'laser_link' at time 1465.911 for reason 'discarding message because the queue is full'
[rviz2-2] [INFO] [1773238190.972594824] [rviz2]: Message Filter dropping message: frame 'laser_link' at time 1465.941 for reason 'discarding message because the queue is full'
[rviz2-2] [INFO] [1773238191.005068083] [rviz2]: Message Filter dropping message: frame 'laser_link' at time 1465.971 for reason 'discarding message because the queue is full'
[rviz2-2] [INFO] [1773238191.037269004] [rviz2]: Message Filter dropping message: frame 'odom' at time 1464.340 for reason 'discarding message because the queue is full'
[rviz2-2] [INFO] [1773238191.037479558] [rviz2]: Message Filter dropping message: frame 'laser_link' at time 1466.011 for reason 'discarding message because the queue is full'
[rviz2-2] [INFO] [1773238191.068893628] [rviz2]: Message Filter dropping message: frame 'laser_link' at time 1466.041 for reason 'discarding message because the queue is full'
[rviz2-2] [INFO] [1773238191.100413035] [rviz2]: Message Filter dropping message: frame 'laser_link' at time 1466.071 for reason 'discarding message because the queue is full'
[rviz2-2] [INFO] [1773238191.132266326] [rviz2]: Message Filter dropping message: frame 'laser_link' at time 1466.101 for reason 'discarding message because the queue is full'
[rviz2-2] [INFO] [1773238191.165146607] [rviz2]: Message Filter dropping message: frame 'laser_link' at time 1466.131 for reason 'discarding message because the queue is full'
[rviz2-2] [INFO] [1773238191.196794214] [rviz2]: Message Filter dropping message: frame 'laser_link' at time 1466.171 for reason 'discarding message because the queue is full'
[component_container_isolated-1] [WARN] [1773238191.206035828] [amcl]: AMCL cannot publish a pose or update the transform. Please set the initial pose...
[rviz2-2] [INFO] [1773238191.228709270] [rviz2]: Message Filter dropping message: frame 'odom' at time 1464.540 for reason 'discarding message because the queue is full'
[rviz2-2] [INFO] [1773238191.228885430] [rviz2]: Message Filter dropping message: frame 'laser_link' at time 1466.201 for reason 'discarding message because the queue is full'
[rviz2-2] [INFO] [1773238191.261618335] [rviz2]: Message Filter dropping message: frame 'laser_link' at time 1466.231 for reason 'discarding message because the queue is full'
[rviz2-2] [INFO] [1773238191.292815129] [rviz2]: Message Filter dropping message: frame 'laser_link' at time 1466.261 for reason 'discarding message because the queue is full'
[component_container_isolated-1] [INFO] [1773238191.322852456] [global_costmap.global_costmap]: Timed out waiting for transform from base_link to map to become available, tf error: Invalid frame ID "map" passed to canTransform argument target_frame - frame does not exist
[rviz2-2] [INFO] [1773238191.323864818] [rviz2]: Message Filter dropping message: frame 'laser_link' at time 1466.291 for reason 'discarding message because the queue is full'
[rviz2-2] [INFO] [1773238191.357493347] [rviz2]: Message Filter dropping message: frame 'laser_link' at time 1466.331 for reason 'discarding message because the queue is full'
[rviz2-2] [INFO] [1773238191.388747569] [rviz2]: Message Filter dropping message: frame 'laser_link' at time 1466.361 for reason 'discarding message because the queue is full'
[rviz2-2] [INFO] [1773238191.421150327] [rviz2]: Message Filter dropping message: frame 'odom' at time 1464.740 for reason 'discarding message because the queue is full'
[rviz2-2] [INFO] [1773238191.421332287] [rviz2]: Message Filter dropping message: frame 'odom' at time 1460.738 for reason 'discarding message because the queue is full'
[rviz2-2] [INFO] [1773238191.421394964] [rviz2]: Message Filter dropping message: frame 'laser_link' at time 1466.391 for reason 'discarding message because the queue is full'
[rviz2-2] [INFO] [1773238191.453247334] [rviz2]: Message Filter dropping message: frame 'laser_link' at time 1466.421 for reason 'discarding message because the queue is full'
[rviz2-2] [INFO] [1773238191.485010707] [rviz2]: Message Filter dropping message: frame 'laser_link' at time 1466.451 for reason 'discarding message because the queue is full'
[rviz2-2] [INFO] [1773238191.516444804] [rviz2]: Message Filter dropping message: frame 'laser_link' at time 1466.481 for reason 'discarding message because the queue is full'
[rviz2-2] [INFO] [1773238191.548494603] [rviz2]: Message Filter dropping message: frame 'laser_link' at time 1466.521 for reason 'discarding message because the queue is full'
[rviz2-2] [INFO] [1773238191.580942856] [rviz2]: Message Filter dropping message: frame 'laser_link' at time 1466.551 for reason 'discarding message because the queue is full'
[rviz2-2] [INFO] [1773238191.612022140] [rviz2]: Message Filter dropping message: frame 'laser_link' at time 1466.581 for reason 'discarding message because the queue is full'
[rviz2-2] [INFO] [1773238191.644323108] [rviz2]: Message Filter dropping message: frame 'odom' at time 1464.940 for reason 'discarding message because the queue is full'
[rviz2-2] [INFO] [1773238191.644492034] [rviz2]: Message Filter dropping message: frame 'laser_link' at time 1466.611 for reason 'discarding message because the queue is full'
[rviz2-2] [INFO] [1773238191.677293347] [rviz2]: Message Filter dropping message: frame 'laser_link' at time 1466.641 for reason 'discarding message because the queue is full'
[rviz2-2] [INFO] [1773238191.708129477] [rviz2]: Message Filter dropping message: frame 'laser_link' at time 1466.681 for reason 'discarding message because the queue is full'
[rviz2-2] [INFO] [1773238191.740628195] [rviz2]: Message Filter dropping message: frame 'laser_link' at time 1466.711 for reason 'discarding message because the queue is full'
[rviz2-2] [INFO] [1773238191.773778180] [rviz2]: Message Filter dropping message: frame 'laser_link' at time 1466.741 for reason 'discarding message because the queue is full'
[rviz2-2] [INFO] [1773238191.805089658] [rviz2]: Message Filter dropping message: frame 'laser_link' at time 1466.771 for reason 'discarding message because the queue is full'
[component_container_isolated-1] [INFO] [1773238191.822855948] [global_costmap.global_costmap]: Timed out waiting for transform from base_link to map to become available, tf error: Invalid frame ID "map" passed to canTransform argument target_frame - frame does not exist
[rviz2-2] [INFO] [1773238191.837817224] [rviz2]: Message Filter dropping message: frame 'odom' at time 1465.140 for reason 'discarding message because the queue is full'
[rviz2-2] [INFO] [1773238191.837967354] [rviz2]: Message Filter dropping message: frame 'laser_link' at time 1466.801 for reason 'discarding message because the queue is full'
[rviz2-2] [INFO] [1773238191.868391895] [rviz2]: Message Filter dropping message: frame 'laser_link' at time 1466.841 for reason 'discarding message because the queue is full'
[rviz2-2] [INFO] [1773238191.901015055] [rviz2]: Message Filter dropping message: frame 'laser_link' at time 1466.871 for reason 'discarding message because the queue is full'
[rviz2-2] [INFO] [1773238191.932244550] [rviz2]: Message Filter dropping message: frame 'laser_link' at time 1466.901 for reason 'discarding message because the queue is full'
[rviz2-2] [INFO] [1773238191.964300460] [rviz2]: Message Filter dropping message: frame 'laser_link' at time 1466.931 for reason 'discarding message because the queue is full'
[rviz2-2] [INFO] [1773238191.996564880] [rviz2]: Message Filter dropping message: frame 'laser_link' at time 1466.961 for reason 'discarding message because the queue is full'
[rviz2-2] [INFO] [1773238192.028498070] [rviz2]: Message Filter dropping message: frame 'odom' at time 1465.340 for reason 'discarding message because the queue is full'
[rviz2-2] [INFO] [1773238192.028707051] [rviz2]: Message Filter dropping message: frame 'odom' at time 1461.338 for reason 'discarding message because the queue is full'
[rviz2-2] [INFO] [1773238192.028772233] [rviz2]: Message Filter dropping message: frame 'laser_link' at time 1467.001 for reason 'discarding message because the queue is full'
[rviz2-2] [INFO] [1773238192.061277623] [rviz2]: Message Filter dropping message: frame 'laser_link' at time 1467.031 for reason 'discarding message because the queue is full'
[rviz2-2] [INFO] [1773238192.092392695] [rviz2]: Message Filter dropping message: frame 'laser_link' at time 1467.061 for reason 'discarding message because the queue is full'
[rviz2-2] [INFO] [1773238192.124553161] [rviz2]: Message Filter dropping message: frame 'laser_link' at time 1467.091 for reason 'discarding message because the queue is full'
[rviz2-2] [INFO] [1773238192.156083198] [rviz2]: Message Filter dropping message: frame 'laser_link' at time 1467.131 for reason 'discarding message because the queue is full'
[rviz2-2] [INFO] [1773238192.187899070] [rviz2]: Message Filter dropping message: frame 'laser_link' at time 1467.161 for reason 'discarding message because the queue is full'
[rviz2-2] [INFO] [1773238192.221218251] [rviz2]: Message Filter dropping message: frame 'odom' at time 1465.540 for reason 'discarding message because the queue is full'
[rviz2-2] [INFO] [1773238192.221379252] [rviz2]: Message Filter dropping message: frame 'laser_link' at time 1467.191 for reason 'discarding message because the queue is full'
[rviz2-2] [INFO] [1773238192.252676905] [rviz2]: Message Filter dropping message: frame 'laser_link' at time 1467.221 for reason 'discarding message because the queue is full'
[rviz2-2] [INFO] [1773238192.284298414] [rviz2]: Message Filter dropping message: frame 'laser_link' at time 1467.251 for reason 'discarding message because the queue is full'
[rviz2-2] [INFO] [1773238192.316138080] [rviz2]: Message Filter dropping message: frame 'laser_link' at time 1467.281 for reason 'discarding message because the queue is full'
[component_container_isolated-1] [INFO] [1773238192.322890992] [global_costmap.global_costmap]: Timed out waiting for transform from base_link to map to become available, tf error: Invalid frame ID "map" passed to canTransform argument target_frame - frame does not exist
[rviz2-2] [INFO] [1773238192.348955333] [rviz2]: Message Filter dropping message: frame 'laser_link' at time 1467.321 for reason 'discarding message because the queue is full'
[rviz2-2] [INFO] [1773238192.380970728] [rviz2]: Message Filter dropping message: frame 'laser_link' at time 1467.351 for reason 'discarding message because the queue is full'
[rviz2-2] [INFO] [1773238192.411913657] [rviz2]: Message Filter dropping message: frame 'laser_link' at time 1467.381 for reason 'discarding message because the queue is full'
[rviz2-2] [INFO] [1773238192.445527019] [rviz2]: Message Filter dropping message: frame 'odom' at time 1465.740 for reason 'discarding message because the queue is full'
[rviz2-2] [INFO] [1773238192.445748854] [rviz2]: Message Filter dropping message: frame 'laser_link' at time 1467.411 for reason 'discarding message because the queue is full'
[rviz2-2] [INFO] [1773238192.477592387] [rviz2]: Message Filter dropping message: frame 'laser_link' at time 1467.441 for reason 'discarding message because the queue is full'
[rviz2-2] [INFO] [1773238192.508507264] [rviz2]: Message Filter dropping message: frame 'laser_link' at time 1467.481 for reason 'discarding message because the queue is full'
[rviz2-2] [INFO] [1773238192.541044935] [rviz2]: Message Filter dropping message: frame 'laser_link' at time 1467.511 for reason 'discarding message because the queue is full'
[rviz2-2] [INFO] [1773238192.573691550] [rviz2]: Message Filter dropping message: frame 'laser_link' at time 1467.541 for reason 'discarding message because the queue is full'
[rviz2-2] [INFO] [1773238192.605066066] [rviz2]: Message Filter dropping message: frame 'laser_link' at time 1467.571 for reason 'discarding message because the queue is full'
[rviz2-2] [INFO] [1773238192.637652558] [rviz2]: Message Filter dropping message: frame 'odom' at time 1465.940 for reason 'discarding message because the queue is full'
[rviz2-2] [INFO] [1773238192.637759258] [rviz2]: Message Filter dropping message: frame 'odom' at time 1461.938 for reason 'discarding message because the queue is full'
[rviz2-2] [INFO] [1773238192.637793702] [rviz2]: Message Filter dropping message: frame 'laser_link' at time 1467.601 for reason 'discarding message because the queue is full'
[rviz2-2] [INFO] [1773238192.668583065] [rviz2]: Message Filter dropping message: frame 'laser_link' at time 1467.641 for reason 'discarding message because the queue is full'
[rviz2-2] [INFO] [1773238192.701564816] [rviz2]: Message Filter dropping message: frame 'laser_link' at time 1467.671 for reason 'discarding message because the queue is full'
[rviz2-2] [INFO] [1773238192.732352656] [rviz2]: Message Filter dropping message: frame 'laser_link' at time 1467.701 for reason 'discarding message because the queue is full'
[rviz2-2] [INFO] [1773238192.764671698] [rviz2]: Message Filter dropping message: frame 'laser_link' at time 1467.731 for reason 'discarding message because the queue is full'
[rviz2-2] [INFO] [1773238192.795916362] [rviz2]: Message Filter dropping message: frame 'laser_link' at time 1467.761 for reason 'discarding message because the queue is full'
[component_container_isolated-1] [INFO] [1773238192.822859876] [global_costmap.global_costmap]: Timed out waiting for transform from base_link to map to become available, tf error: Invalid frame ID "map" passed to canTransform argument target_frame - frame does not exist
[rviz2-2] [INFO] [1773238192.828705904] [rviz2]: Message Filter dropping message: frame 'odom' at time 1466.140 for reason 'discarding message because the queue is full'
[rviz2-2] [INFO] [1773238192.828856605] [rviz2]: Message Filter dropping message: frame 'laser_link' at time 1467.801 for reason 'discarding message because the queue is full'
[rviz2-2] [INFO] [1773238192.861015288] [rviz2]: Message Filter dropping message: frame 'laser_link' at time 1467.831 for reason 'discarding message because the queue is full'
[rviz2-2] [INFO] [1773238192.892470164] [rviz2]: Message Filter dropping message: frame 'laser_link' at time 1467.861 for reason 'discarding message because the queue is full'
[rviz2-2] [INFO] [1773238192.925514653] [rviz2]: Message Filter dropping message: frame 'laser_link' at time 1467.891 for reason 'discarding message because the queue is full'
[rviz2-2] [INFO] [1773238192.957060770] [rviz2]: Message Filter dropping message: frame 'laser_link' at time 1467.931 for reason 'discarding message because the queue is full'
[rviz2-2] [INFO] [1773238192.989213341] [rviz2]: Message Filter dropping message: frame 'laser_link' at time 1467.961 for reason 'discarding message because the queue is full'
[rviz2-2] [INFO] [1773238193.020893820] [rviz2]: Message Filter dropping message: frame 'odom' at time 1466.340 for reason 'discarding message because the queue is full'
[rviz2-2] [INFO] [1773238193.021123219] [rviz2]: Message Filter dropping message: frame 'laser_link' at time 1467.991 for reason 'discarding message because the queue is full'
[rviz2-2] [INFO] [1773238193.052946785] [rviz2]: Message Filter dropping message: frame 'laser_link' at time 1468.021 for reason 'discarding message because the queue is full'
[rviz2-2] [INFO] [1773238193.085562562] [rviz2]: Message Filter dropping message: frame 'laser_link' at time 1468.051 for reason 'discarding message because the queue is full'
[rviz2-2] [INFO] [1773238193.116532583] [rviz2]: Message Filter dropping message: frame 'laser_link' at time 1468.081 for reason 'discarding message because the queue is full'
[rviz2-2] [INFO] [1773238193.149240372] [rviz2]: Message Filter dropping message: frame 'laser_link' at time 1468.121 for reason 'discarding message because the queue is full'
[rviz2-2] [INFO] [1773238193.180573823] [rviz2]: Message Filter dropping message: frame 'laser_link' at time 1468.151 for reason 'discarding message because the queue is full'
[rviz2-2] [INFO] [1773238193.212712839] [rviz2]: Message Filter dropping message: frame 'odom' at time 1466.540 for reason 'discarding message because the queue is full'
[rviz2-2] [INFO] [1773238193.212902694] [rviz2]: Message Filter dropping message: frame 'odom' at time 1462.538 for reason 'discarding message because the queue is full'
[rviz2-2] [INFO] [1773238193.212998643] [rviz2]: Message Filter dropping message: frame 'laser_link' at time 1468.181 for reason 'discarding message because the queue is full'
[rviz2-2] [INFO] [1773238193.244800599] [rviz2]: Message Filter dropping message: frame 'laser_link' at time 1468.211 for reason 'discarding message because the queue is full'
[rviz2-2] [INFO] [1773238193.277723640] [rviz2]: Message Filter dropping message: frame 'laser_link' at time 1468.241 for reason 'discarding message because the queue is full'
[component_container_isolated-1] [WARN] [1773238193.308318580] [amcl]: AMCL cannot publish a pose or update the transform. Please set the initial pose...
[rviz2-2] [INFO] [1773238193.308531568] [rviz2]: Message Filter dropping message: frame 'laser_link' at time 1468.281 for reason 'discarding message because the queue is full'
[component_container_isolated-1] [INFO] [1773238193.322891972] [global_costmap.global_costmap]: Timed out waiting for transform from base_link to map to become available, tf error: Invalid frame ID "map" passed to canTransform argument target_frame - frame does not exist
[rviz2-2] [INFO] [1773238193.341361706] [rviz2]: Message Filter dropping message: frame 'laser_link' at time 1468.311 for reason 'discarding message because the queue is full'
[rviz2-2] [INFO] [1773238193.372940235] [rviz2]: Message Filter dropping message: frame 'laser_link' at time 1468.341 for reason 'discarding message because the queue is full'
[rviz2-2] [INFO] [1773238193.405543929] [rviz2]: Message Filter dropping message: frame 'laser_link' at time 1468.371 for reason 'discarding message because the queue is full'
[rviz2-2] [INFO] [1773238193.436656026] [rviz2]: Message Filter dropping message: frame 'odom' at time 1466.740 for reason 'discarding message because the queue is full'
[rviz2-2] [INFO] [1773238193.436870657] [rviz2]: Message Filter dropping message: frame 'laser_link' at time 1468.401 for reason 'discarding message because the queue is full'
[rviz2-2] [INFO] [1773238193.469157379] [rviz2]: Message Filter dropping message: frame 'laser_link' at time 1468.431 for reason 'discarding message because the queue is full'
[rviz2-2] [INFO] [1773238193.500810577] [rviz2]: Message Filter dropping message: frame 'laser_link' at time 1468.471 for reason 'discarding message because the queue is full'
[rviz2-2] [INFO] [1773238193.533101617] [rviz2]: Message Filter dropping message: frame 'laser_link' at time 1468.501 for reason 'discarding message because the queue is full'
[rviz2-2] [INFO] [1773238193.565530054] [rviz2]: Message Filter dropping message: frame 'laser_link' at time 1468.531 for reason 'discarding message because the queue is full'
[rviz2-2] [INFO] [1773238193.597425745] [rviz2]: Message Filter dropping message: frame 'laser_link' at time 1468.561 for reason 'discarding message because the queue is full'
[rviz2-2] [INFO] [1773238193.628725062] [rviz2]: Message Filter dropping message: frame 'odom' at time 1466.940 for reason 'discarding message because the queue is full'
[rviz2-2] [INFO] [1773238193.628911741] [rviz2]: Message Filter dropping message: frame 'laser_link' at time 1468.591 for reason 'discarding message because the queue is full'
[rviz2-2] [INFO] [1773238193.660932145] [rviz2]: Message Filter dropping message: frame 'laser_link' at time 1468.631 for reason 'discarding message because the queue is full'
[rviz2-2] [INFO] [1773238193.694215120] [rviz2]: Message Filter dropping message: frame 'laser_link' at time 1468.661 for reason 'discarding message because the queue is full'
[rviz2-2] [INFO] [1773238193.725342194] [rviz2]: Message Filter dropping message: frame 'laser_link' at time 1468.691 for reason 'discarding message because the queue is full'
[rviz2-2] [INFO] [1773238193.756178796] [rviz2]: Message Filter dropping message: frame 'laser_link' at time 1468.721 for reason 'discarding message because the queue is full'
[rviz2-2] [INFO] [1773238193.790104662] [rviz2]: Message Filter dropping message: frame 'laser_link' at time 1468.751 for reason 'discarding message because the queue is full'
[rviz2-2] [INFO] [1773238193.821457939] [rviz2]: Message Filter dropping message: frame 'odom' at time 1467.140 for reason 'discarding message because the queue is full'
[rviz2-2] [INFO] [1773238193.821660417] [rviz2]: Message Filter dropping message: frame 'odom' at time 1463.138 for reason 'discarding message because the queue is full'
[rviz2-2] [INFO] [1773238193.821725279] [rviz2]: Message Filter dropping message: frame 'laser_link' at time 1468.791 for reason 'discarding message because the queue is full'
[component_container_isolated-1] [INFO] [1773238193.822878845] [global_costmap.global_costmap]: Timed out waiting for transform from base_link to map to become available, tf error: Invalid frame ID "map" passed to canTransform argument target_frame - frame does not exist
[rviz2-2] [INFO] [1773238193.852563233] [rviz2]: Message Filter dropping message: frame 'laser_link' at time 1468.821 for reason 'discarding message because the queue is full'
[rviz2-2] [INFO] [1773238193.884235016] [rviz2]: Message Filter dropping message: frame 'laser_link' at time 1468.851 for reason 'discarding message because the queue is full'
[rviz2-2] [INFO] [1773238193.917667008] [rviz2]: Message Filter dropping message: frame 'laser_link' at time 1468.881 for reason 'discarding message because the queue is full'
[rviz2-2] [INFO] [1773238193.949438908] [rviz2]: Message Filter dropping message: frame 'laser_link' at time 1468.911 for reason 'discarding message because the queue is full'
[rviz2-2] [INFO] [1773238193.980542409] [rviz2]: Message Filter dropping message: frame 'laser_link' at time 1468.951 for reason 'discarding message because the queue is full'
[rviz2-2] [INFO] [1773238194.014042790] [rviz2]: Message Filter dropping message: frame 'odom' at time 1467.340 for reason 'discarding message because the queue is full'
[rviz2-2] [INFO] [1773238194.014345545] [rviz2]: Message Filter dropping message: frame 'laser_link' at time 1468.981 for reason 'discarding message because the queue is full'
[rviz2-2] [INFO] [1773238194.044696590] [rviz2]: Message Filter dropping message: frame 'laser_link' at time 1469.011 for reason 'discarding message because the queue is full'
[rviz2-2] [INFO] [1773238194.077400001] [rviz2]: Message Filter dropping message: frame 'laser_link' at time 1469.041 for reason 'discarding message because the queue is full'
[rviz2-2] [INFO] [1773238194.108009839] [rviz2]: Message Filter dropping message: frame 'laser_link' at time 1469.081 for reason 'discarding message because the queue is full'
[rviz2-2] [INFO] [1773238194.141657145] [rviz2]: Message Filter dropping message: frame 'laser_link' at time 1469.111 for reason 'discarding message because the queue is full'
[rviz2-2] [INFO] [1773238194.173612739] [rviz2]: Message Filter dropping message: frame 'laser_link' at time 1469.141 for reason 'discarding message because the queue is full'
[rviz2-2] [INFO] [1773238194.205202869] [rviz2]: Message Filter dropping message: frame 'laser_link' at time 1469.171 for reason 'discarding message because the queue is full'
[rviz2-2] [INFO] [1773238194.237440600] [rviz2]: Message Filter dropping message: frame 'odom' at time 1467.540 for reason 'discarding message because the queue is full'
[rviz2-2] [INFO] [1773238194.237640624] [rviz2]: Message Filter dropping message: frame 'laser_link' at time 1469.201 for reason 'discarding message because the queue is full'
[rviz2-2] [INFO] [1773238194.270103135] [rviz2]: Message Filter dropping message: frame 'laser_link' at time 1469.231 for reason 'discarding message because the queue is full'
[rviz2-2] [INFO] [1773238194.300868003] [rviz2]: Message Filter dropping message: frame 'laser_link' at time 1469.271 for reason 'discarding message because the queue is full'
[component_container_isolated-1] [INFO] [1773238194.322862857] [global_costmap.global_costmap]: Timed out waiting for transform from base_link to map to become available, tf error: Invalid frame ID "map" passed to canTransform argument target_frame - frame does not exist
[rviz2-2] [INFO] [1773238194.333652205] [rviz2]: Message Filter dropping message: frame 'laser_link' at time 1469.301 for reason 'discarding message because the queue is full'
[rviz2-2] [INFO] [1773238194.365408847] [rviz2]: Message Filter dropping message: frame 'laser_link' at time 1469.331 for reason 'discarding message because the queue is full'
[rviz2-2] [INFO] [1773238194.397663339] [rviz2]: Message Filter dropping message: frame 'laser_link' at time 1469.361 for reason 'discarding message because the queue is full'
[rviz2-2] [INFO] [1773238194.428622190] [rviz2]: Message Filter dropping message: frame 'odom' at time 1467.740 for reason 'discarding message because the queue is full'
[rviz2-2] [INFO] [1773238194.428850827] [rviz2]: Message Filter dropping message: frame 'odom' at time 1463.738 for reason 'discarding message because the queue is full'
[rviz2-2] [INFO] [1773238194.428910368] [rviz2]: Message Filter dropping message: frame 'laser_link' at time 1469.391 for reason 'discarding message because the queue is full'
[rviz2-2] [INFO] [1773238194.460397076] [rviz2]: Message Filter dropping message: frame 'laser_link' at time 1469.431 for reason 'discarding message because the queue is full'
[rviz2-2] [INFO] [1773238194.492535381] [rviz2]: Message Filter dropping message: frame 'laser_link' at time 1469.461 for reason 'discarding message because the queue is full'
[rviz2-2] [INFO] [1773238194.525211311] [rviz2]: Message Filter dropping message: frame 'laser_link' at time 1469.491 for reason 'discarding message because the queue is full'
[rviz2-2] [INFO] [1773238194.557339487] [rviz2]: Message Filter dropping message: frame 'laser_link' at time 1469.521 for reason 'discarding message because the queue is full'
[rviz2-2] [INFO] [1773238194.589507948] [rviz2]: Message Filter dropping message: frame 'laser_link' at time 1469.551 for reason 'discarding message because the queue is full'
[rviz2-2] [INFO] [1773238194.620952046] [rviz2]: Message Filter dropping message: frame 'odom' at time 1467.940 for reason 'discarding message because the queue is full'
[rviz2-2] [INFO] [1773238194.621162980] [rviz2]: Message Filter dropping message: frame 'laser_link' at time 1469.591 for reason 'discarding message because the queue is full'
[rviz2-2] [INFO] [1773238194.652709720] [rviz2]: Message Filter dropping message: frame 'laser_link' at time 1469.621 for reason 'discarding message because the queue is full'
[rviz2-2] [INFO] [1773238194.684962499] [rviz2]: Message Filter dropping message: frame 'laser_link' at time 1469.651 for reason 'discarding message because the queue is full'
[rviz2-2] [INFO] [1773238194.716916319] [rviz2]: Message Filter dropping message: frame 'laser_link' at time 1469.681 for reason 'discarding message because the queue is full'
[rviz2-2] [INFO] [1773238194.748607759] [rviz2]: Message Filter dropping message: frame 'laser_link' at time 1469.711 for reason 'discarding message because the queue is full'
[rviz2-2] [INFO] [1773238194.781339092] [rviz2]: Message Filter dropping message: frame 'laser_link' at time 1469.751 for reason 'discarding message because the queue is full'
[rviz2-2] [INFO] [1773238194.811821202] [rviz2]: Message Filter dropping message: frame 'laser_link' at time 1469.781 for reason 'discarding message because the queue is full'
[component_container_isolated-1] [INFO] [1773238194.822853143] [global_costmap.global_costmap]: Timed out waiting for transform from base_link to map to become available, tf error: Invalid frame ID "map" passed to canTransform argument target_frame - frame does not exist
[rviz2-2] [INFO] [1773238194.844920152] [rviz2]: Message Filter dropping message: frame 'odom' at time 1468.140 for reason 'discarding message because the queue is full'
[rviz2-2] [INFO] [1773238194.845128191] [rviz2]: Message Filter dropping message: frame 'laser_link' at time 1469.811 for reason 'discarding message because the queue is full'
[rviz2-2] [INFO] [1773238194.877860617] [rviz2]: Message Filter dropping message: frame 'laser_link' at time 1469.841 for reason 'discarding message because the queue is full'
[rviz2-2] [INFO] [1773238194.908591952] [rviz2]: Message Filter dropping message: frame 'laser_link' at time 1469.871 for reason 'discarding message because the queue is full'
[rviz2-2] [INFO] [1773238194.940750996] [rviz2]: Message Filter dropping message: frame 'laser_link' at time 1469.911 for reason 'discarding message because the queue is full'
[rviz2-2] [INFO] [1773238194.974034462] [rviz2]: Message Filter dropping message: frame 'laser_link' at time 1469.941 for reason 'discarding message because the queue is full'
[rviz2-2] [INFO] [1773238195.005783760] [rviz2]: Message Filter dropping message: frame 'laser_link' at time 1469.971 for reason 'discarding message because the queue is full'
[rviz2-2] [INFO] [1773238195.037520525] [rviz2]: Message Filter dropping message: frame 'odom' at time 1468.340 for reason 'discarding message because the queue is full'
[rviz2-2] [INFO] [1773238195.037726279] [rviz2]: Message Filter dropping message: frame 'odom' at time 1464.338 for reason 'discarding message because the queue is full'
[rviz2-2] [INFO] [1773238195.037796721] [rviz2]: Message Filter dropping message: frame 'laser_link' at time 1470.001 for reason 'discarding message because the queue is full'
[rviz2-2] [INFO] [1773238195.068406589] [rviz2]: Message Filter dropping message: frame 'laser_link' at time 1470.031 for reason 'discarding message because the queue is full'
[rviz2-2] [INFO] [1773238195.101267927] [rviz2]: Message Filter dropping message: frame 'laser_link' at time 1470.071 for reason 'discarding message because the queue is full'
[rviz2-2] [INFO] [1773238195.132254449] [rviz2]: Message Filter dropping message: frame 'laser_link' at time 1470.101 for reason 'discarding message because the queue is full'
[rviz2-2] [INFO] [1773238195.166321891] [rviz2]: Message Filter dropping message: frame 'laser_link' at time 1470.131 for reason 'discarding message because the queue is full'
[rviz2-2] [INFO] [1773238195.197482839] [rviz2]: Message Filter dropping message: frame 'laser_link' at time 1470.161 for reason 'discarding message because the queue is full'
[rviz2-2] [INFO] [1773238195.229814146] [rviz2]: Message Filter dropping message: frame 'odom' at time 1468.540 for reason 'discarding message because the queue is full'
[rviz2-2] [INFO] [1773238195.229948406] [rviz2]: Message Filter dropping message: frame 'laser_link' at time 1470.191 for reason 'discarding message because the queue is full'
[rviz2-2] [INFO] [1773238195.260300814] [rviz2]: Message Filter dropping message: frame 'laser_link' at time 1470.231 for reason 'discarding message because the queue is full'
[rviz2-2] [INFO] [1773238195.293099283] [rviz2]: Message Filter dropping message: frame 'laser_link' at time 1470.261 for reason 'discarding message because the queue is full'
[component_container_isolated-1] [INFO] [1773238195.322858822] [global_costmap.global_costmap]: Timed out waiting for transform from base_link to map to become available, tf error: Invalid frame ID "map" passed to canTransform argument target_frame - frame does not exist
[rviz2-2] [INFO] [1773238195.325824326] [rviz2]: Message Filter dropping message: frame 'laser_link' at time 1470.291 for reason 'discarding message because the queue is full'
[rviz2-2] [INFO] [1773238195.357364964] [rviz2]: Message Filter dropping message: frame 'laser_link' at time 1470.321 for reason 'discarding message because the queue is full'
[rviz2-2] [INFO] [1773238195.388464257] [rviz2]: Message Filter dropping message: frame 'laser_link' at time 1470.351 for reason 'discarding message because the queue is full'
[component_container_isolated-1] [WARN] [1773238195.409196211] [amcl]: AMCL cannot publish a pose or update the transform. Please set the initial pose...
[rviz2-2] [INFO] [1773238195.421297291] [rviz2]: Message Filter dropping message: frame 'odom' at time 1468.740 for reason 'discarding message because the queue is full'
[rviz2-2] [INFO] [1773238195.421460026] [rviz2]: Message Filter dropping message: frame 'laser_link' at time 1470.391 for reason 'discarding message because the queue is full'
[rviz2-2] [INFO] [1773238195.453203012] [rviz2]: Message Filter dropping message: frame 'laser_link' at time 1470.421 for reason 'discarding message because the queue is full'
[rviz2-2] [INFO] [1773238195.485618726] [rviz2]: Message Filter dropping message: frame 'laser_link' at time 1470.451 for reason 'discarding message because the queue is full'
[rviz2-2] [INFO] [1773238195.516183360] [rviz2]: Message Filter dropping message: frame 'laser_link' at time 1470.481 for reason 'discarding message because the queue is full'
[rviz2-2] [INFO] [1773238195.549160704] [rviz2]: Message Filter dropping message: frame 'laser_link' at time 1470.511 for reason 'discarding message because the queue is full'
[rviz2-2] [INFO] [1773238195.580742139] [rviz2]: Message Filter dropping message: frame 'laser_link' at time 1470.541 for reason 'discarding message because the queue is full'
[rviz2-2] [INFO] [1773238195.613589069] [rviz2]: Message Filter dropping message: frame 'odom' at time 1468.940 for reason 'discarding message because the queue is full'
[rviz2-2] [INFO] [1773238195.613664730] [rviz2]: Message Filter dropping message: frame 'odom' at time 1464.938 for reason 'discarding message because the queue is full'
[rviz2-2] [INFO] [1773238195.613695848] [rviz2]: Message Filter dropping message: frame 'laser_link' at time 1470.581 for reason 'discarding message because the queue is full'
[rviz2-2] [INFO] [1773238195.644098359] [rviz2]: Message Filter dropping message: frame 'laser_link' at time 1470.611 for reason 'discarding message because the queue is full'
[rviz2-2] [INFO] [1773238195.677267642] [rviz2]: Message Filter dropping message: frame 'laser_link' at time 1470.641 for reason 'discarding message because the queue is full'
[rviz2-2] [INFO] [1773238195.709115655] [rviz2]: Message Filter dropping message: frame 'laser_link' at time 1470.671 for reason 'discarding message because the queue is full'
[rviz2-2] [INFO] [1773238195.740629503] [rviz2]: Message Filter dropping message: frame 'laser_link' at time 1470.711 for reason 'discarding message because the queue is full'
[rviz2-2] [INFO] [1773238195.773663012] [rviz2]: Message Filter dropping message: frame 'laser_link' at time 1470.741 for reason 'discarding message because the queue is full'
[rviz2-2] [INFO] [1773238195.804695430] [rviz2]: Message Filter dropping message: frame 'laser_link' at time 1470.771 for reason 'discarding message because the queue is full'
[component_container_isolated-1] [INFO] [1773238195.822855837] [global_costmap.global_costmap]: Timed out waiting for transform from base_link to map to become available, tf error: Invalid frame ID "map" passed to canTransform argument target_frame - frame does not exist
[rviz2-2] [INFO] [1773238195.837495042] [rviz2]: Message Filter dropping message: frame 'odom' at time 1469.140 for reason 'discarding message because the queue is full'
[rviz2-2] [INFO] [1773238195.837685197] [rviz2]: Message Filter dropping message: frame 'laser_link' at time 1470.801 for reason 'discarding message because the queue is full'
[rviz2-2] [INFO] [1773238195.868644629] [rviz2]: Message Filter dropping message: frame 'laser_link' at time 1470.831 for reason 'discarding message because the queue is full'
[rviz2-2] [INFO] [1773238195.901442147] [rviz2]: Message Filter dropping message: frame 'laser_link' at time 1470.871 for reason 'discarding message because the queue is full'
[rviz2-2] [INFO] [1773238195.932102259] [rviz2]: Message Filter dropping message: frame 'laser_link' at time 1470.901 for reason 'discarding message because the queue is full'
[rviz2-2] [INFO] [1773238195.965717335] [rviz2]: Message Filter dropping message: frame 'laser_link' at time 1470.931 for reason 'discarding message because the queue is full'
[rviz2-2] [INFO] [1773238195.997793214] [rviz2]: Message Filter dropping message: frame 'laser_link' at time 1470.961 for reason 'discarding message because the queue is full'
[rviz2-2] [INFO] [1773238196.030163995] [rviz2]: Message Filter dropping message: frame 'odom' at time 1469.340 for reason 'discarding message because the queue is full'
[rviz2-2] [INFO] [1773238196.030458425] [rviz2]: Message Filter dropping message: frame 'laser_link' at time 1470.991 for reason 'discarding message because the queue is full'
[rviz2-2] [INFO] [1773238196.061750449] [rviz2]: Message Filter dropping message: frame 'laser_link' at time 1471.031 for reason 'discarding message because the queue is full'
[rviz2-2] [INFO] [1773238196.092580459] [rviz2]: Message Filter dropping message: frame 'laser_link' at time 1471.061 for reason 'discarding message because the queue is full'
[rviz2-2] [INFO] [1773238196.124689070] [rviz2]: Message Filter dropping message: frame 'laser_link' at time 1471.091 for reason 'discarding message because the queue is full'
[rviz2-2] [INFO] [1773238196.157604208] [rviz2]: Message Filter dropping message: frame 'laser_link' at time 1471.121 for reason 'discarding message because the queue is full'
[rviz2-2] [INFO] [1773238196.188301380] [rviz2]: Message Filter dropping message: frame 'laser_link' at time 1471.151 for reason 'discarding message because the queue is full'
[rviz2-2] [INFO] [1773238196.220730800] [rviz2]: Message Filter dropping message: frame 'odom' at time 1469.540 for reason 'discarding message because the queue is full'
[rviz2-2] [INFO] [1773238196.220995314] [rviz2]: Message Filter dropping message: frame 'odom' at time 1465.538 for reason 'discarding message because the queue is full'
[rviz2-2] [INFO] [1773238196.221085854] [rviz2]: Message Filter dropping message: frame 'laser_link' at time 1471.191 for reason 'discarding message because the queue is full'
[rviz2-2] [INFO] [1773238196.252861662] [rviz2]: Message Filter dropping message: frame 'laser_link' at time 1471.221 for reason 'discarding message because the queue is full'
[rviz2-2] [INFO] [1773238196.285745943] [rviz2]: Message Filter dropping message: frame 'laser_link' at time 1471.251 for reason 'discarding message because the queue is full'
[rviz2-2] [INFO] [1773238196.316301931] [rviz2]: Message Filter dropping message: frame 'laser_link' at time 1471.281 for reason 'discarding message because the queue is full'
[component_container_isolated-1] [INFO] [1773238196.322860621] [global_costmap.global_costmap]: Timed out waiting for transform from base_link to map to become available, tf error: Invalid frame ID "map" passed to canTransform argument target_frame - frame does not exist
[rviz2-2] [INFO] [1773238196.349172135] [rviz2]: Message Filter dropping message: frame 'laser_link' at time 1471.311 for reason 'discarding message because the queue is full'
[rviz2-2] [INFO] [1773238196.381779768] [rviz2]: Message Filter dropping message: frame 'laser_link' at time 1471.351 for reason 'discarding message because the queue is full'
[rviz2-2] [INFO] [1773238196.412656145] [rviz2]: Message Filter dropping message: frame 'odom' at time 1469.740 for reason 'discarding message because the queue is full'
[rviz2-2] [INFO] [1773238196.412793832] [rviz2]: Message Filter dropping message: frame 'laser_link' at time 1471.381 for reason 'discarding message because the queue is full'
[rviz2-2] [INFO] [1773238196.444602051] [rviz2]: Message Filter dropping message: frame 'laser_link' at time 1471.411 for reason 'discarding message because the queue is full'
[rviz2-2] [INFO] [1773238196.477629299] [rviz2]: Message Filter dropping message: frame 'laser_link' at time 1471.441 for reason 'discarding message because the queue is full'
[rviz2-2] [INFO] [1773238196.509738500] [rviz2]: Message Filter dropping message: frame 'laser_link' at time 1471.471 for reason 'discarding message because the queue is full'
[rviz2-2] [INFO] [1773238196.540723130] [rviz2]: Message Filter dropping message: frame 'laser_link' at time 1471.501 for reason 'discarding message because the queue is full'
[rviz2-2] [INFO] [1773238196.573943608] [rviz2]: Message Filter dropping message: frame 'laser_link' at time 1471.541 for reason 'discarding message because the queue is full'
[rviz2-2] [INFO] [1773238196.605091934] [rviz2]: Message Filter dropping message: frame 'laser_link' at time 1471.571 for reason 'discarding message because the queue is full'
[rviz2-2] [INFO] [1773238196.637476400] [rviz2]: Message Filter dropping message: frame 'odom' at time 1469.940 for reason 'discarding message because the queue is full'
[rviz2-2] [INFO] [1773238196.637659683] [rviz2]: Message Filter dropping message: frame 'laser_link' at time 1471.601 for reason 'discarding message because the queue is full'
[rviz2-2] [INFO] [1773238196.668265985] [rviz2]: Message Filter dropping message: frame 'laser_link' at time 1471.631 for reason 'discarding message because the queue is full'
[rviz2-2] [INFO] [1773238196.700764294] [rviz2]: Message Filter dropping message: frame 'laser_link' at time 1471.671 for reason 'discarding message because the queue is full'
[rviz2-2] [INFO] [1773238196.732340679] [rviz2]: Message Filter dropping message: frame 'laser_link' at time 1471.701 for reason 'discarding message because the queue is full'
[rviz2-2] [INFO] [1773238196.765761793] [rviz2]: Message Filter dropping message: frame 'laser_link' at time 1471.731 for reason 'discarding message because the queue is full'
[rviz2-2] [INFO] [1773238196.797591392] [rviz2]: Message Filter dropping message: frame 'laser_link' at time 1471.761 for reason 'discarding message because the queue is full'
[component_container_isolated-1] [INFO] [1773238196.822850809] [global_costmap.global_costmap]: Timed out waiting for transform from base_link to map to become available, tf error: Invalid frame ID "map" passed to canTransform argument target_frame - frame does not exist
[rviz2-2] [INFO] [1773238196.829118626] [rviz2]: Message Filter dropping message: frame 'odom' at time 1470.140 for reason 'discarding message because the queue is full'
[rviz2-2] [INFO] [1773238196.829304223] [rviz2]: Message Filter dropping message: frame 'odom' at time 1466.138 for reason 'discarding message because the queue is full'
[rviz2-2] [INFO] [1773238196.829366980] [rviz2]: Message Filter dropping message: frame 'laser_link' at time 1471.791 for reason 'discarding message because the queue is full'
[rviz2-2] [INFO] [1773238196.861043763] [rviz2]: Message Filter dropping message: frame 'laser_link' at time 1471.821 for reason 'discarding message because the queue is full'
[rviz2-2] [INFO] [1773238196.893689137] [rviz2]: Message Filter dropping message: frame 'laser_link' at time 1471.861 for reason 'discarding message because the queue is full'
[rviz2-2] [INFO] [1773238196.925116854] [rviz2]: Message Filter dropping message: frame 'laser_link' at time 1471.891 for reason 'discarding message because the queue is full'
[rviz2-2] [INFO] [1773238196.957130638] [rviz2]: Message Filter dropping message: frame 'laser_link' at time 1471.921 for reason 'discarding message because the queue is full'
[rviz2-2] [INFO] [1773238196.988931262] [rviz2]: Message Filter dropping message: frame 'laser_link' at time 1471.951 for reason 'discarding message because the queue is full'
[rviz2-2] [INFO] [1773238197.022244515] [rviz2]: Message Filter dropping message: frame 'odom' at time 1470.340 for reason 'discarding message because the queue is full'
[rviz2-2] [INFO] [1773238197.022381581] [rviz2]: Message Filter dropping message: frame 'laser_link' at time 1471.981 for reason 'discarding message because the queue is full'
[rviz2-2] [INFO] [1773238197.053890501] [rviz2]: Message Filter dropping message: frame 'laser_link' at time 1472.021 for reason 'discarding message because the queue is full'
[rviz2-2] [INFO] [1773238197.085456708] [rviz2]: Message Filter dropping message: frame 'laser_link' at time 1472.051 for reason 'discarding message because the queue is full'
[rviz2-2] [INFO] [1773238197.117287619] [rviz2]: Message Filter dropping message: frame 'laser_link' at time 1472.081 for reason 'discarding message because the queue is full'
[rviz2-2] [INFO] [1773238197.149305571] [rviz2]: Message Filter dropping message: frame 'laser_link' at time 1472.111 for reason 'discarding message because the queue is full'
[rviz2-2] [INFO] [1773238197.182365270] [rviz2]: Message Filter dropping message: frame 'laser_link' at time 1472.141 for reason 'discarding message because the queue is full'
[rviz2-2] [INFO] [1773238197.213140378] [rviz2]: Message Filter dropping message: frame 'odom' at time 1470.540 for reason 'discarding message because the queue is full'
[rviz2-2] [INFO] [1773238197.213346393] [rviz2]: Message Filter dropping message: frame 'laser_link' at time 1472.181 for reason 'discarding message because the queue is full'
[rviz2-2] [INFO] [1773238197.244831087] [rviz2]: Message Filter dropping message: frame 'laser_link' at time 1472.211 for reason 'discarding message because the queue is full'
[rviz2-2] [INFO] [1773238197.278002334] [rviz2]: Message Filter dropping message: frame 'laser_link' at time 1472.241 for reason 'discarding message because the queue is full'
[rviz2-2] [INFO] [1773238197.310739731] [rviz2]: Message Filter dropping message: frame 'laser_link' at time 1472.271 for reason 'discarding message because the queue is full'
[component_container_isolated-1] [INFO] [1773238197.322852162] [global_costmap.global_costmap]: Timed out waiting for transform from base_link to map to become available, tf error: Invalid frame ID "map" passed to canTransform argument target_frame - frame does not exist
[rviz2-2] [INFO] [1773238197.341313172] [rviz2]: Message Filter dropping message: frame 'laser_link' at time 1472.311 for reason 'discarding message because the queue is full'
[rviz2-2] [INFO] [1773238197.373780423] [rviz2]: Message Filter dropping message: frame 'laser_link' at time 1472.341 for reason 'discarding message because the queue is full'
[rviz2-2] [INFO] [1773238197.406341209] [rviz2]: Message Filter dropping message: frame 'laser_link' at time 1472.371 for reason 'discarding message because the queue is full'
[rviz2-2] [INFO] [1773238197.436655706] [rviz2]: Message Filter dropping message: frame 'odom' at time 1470.740 for reason 'discarding message because the queue is full'
[rviz2-2] [INFO] [1773238197.436941440] [rviz2]: Message Filter dropping message: frame 'odom' at time 1466.738 for reason 'discarding message because the queue is full'
[rviz2-2] [INFO] [1773238197.437036027] [rviz2]: Message Filter dropping message: frame 'laser_link' at time 1472.401 for reason 'discarding message because the queue is full'
[rviz2-2] [INFO] [1773238197.469301792] [rviz2]: Message Filter dropping message: frame 'laser_link' at time 1472.431 for reason 'discarding message because the queue is full'
[rviz2-2] [INFO] [1773238197.501275140] [rviz2]: Message Filter dropping message: frame 'laser_link' at time 1472.471 for reason 'discarding message because the queue is full'
[component_container_isolated-1] [WARN] [1773238197.510504152] [amcl]: AMCL cannot publish a pose or update the transform. Please set the initial pose...
[rviz2-2] [INFO] [1773238197.533504055] [rviz2]: Message Filter dropping message: frame 'laser_link' at time 1472.501 for reason 'discarding message because the queue is full'
[rviz2-2] [INFO] [1773238197.565488023] [rviz2]: Message Filter dropping message: frame 'laser_link' at time 1472.531 for reason 'discarding message because the queue is full'
[rviz2-2] [INFO] [1773238197.597117178] [rviz2]: Message Filter dropping message: frame 'laser_link' at time 1472.561 for reason 'discarding message because the queue is full'
[rviz2-2] [INFO] [1773238197.630028910] [rviz2]: Message Filter dropping message: frame 'odom' at time 1470.940 for reason 'discarding message because the queue is full'
[rviz2-2] [INFO] [1773238197.630368835] [rviz2]: Message Filter dropping message: frame 'laser_link' at time 1472.591 for reason 'discarding message because the queue is full'
[rviz2-2] [INFO] [1773238197.661779712] [rviz2]: Message Filter dropping message: frame 'laser_link' at time 1472.621 for reason 'discarding message because the queue is full'
[rviz2-2] [INFO] [1773238197.693270287] [rviz2]: Message Filter dropping message: frame 'laser_link' at time 1472.661 for reason 'discarding message because the queue is full'
[rviz2-2] [INFO] [1773238197.726947791] [rviz2]: Message Filter dropping message: frame 'laser_link' at time 1472.691 for reason 'discarding message because the queue is full'
[rviz2-2] [INFO] [1773238197.756576145] [rviz2]: Message Filter dropping message: frame 'laser_link' at time 1472.721 for reason 'discarding message because the queue is full'
[rviz2-2] [INFO] [1773238197.788397049] [rviz2]: Message Filter dropping message: frame 'laser_link' at time 1472.751 for reason 'discarding message because the queue is full'
[rviz2-2] [INFO] [1773238197.820918832] [rviz2]: Message Filter dropping message: frame 'odom' at time 1471.140 for reason 'discarding message because the queue is full'
[rviz2-2] [INFO] [1773238197.821129826] [rviz2]: Message Filter dropping message: frame 'laser_link' at time 1472.781 for reason 'discarding message because the queue is full'
[component_container_isolated-1] [INFO] [1773238197.822877122] [global_costmap.global_costmap]: Timed out waiting for transform from base_link to map to become available, tf error: Invalid frame ID "map" passed to canTransform argument target_frame - frame does not exist
[rviz2-2] [INFO] [1773238197.853708495] [rviz2]: Message Filter dropping message: frame 'laser_link' at time 1472.821 for reason 'discarding message because the queue is full'
[rviz2-2] [INFO] [1773238197.885702181] [rviz2]: Message Filter dropping message: frame 'laser_link' at time 1472.851 for reason 'discarding message because the queue is full'
[rviz2-2] [INFO] [1773238197.917282204] [rviz2]: Message Filter dropping message: frame 'laser_link' at time 1472.881 for reason 'discarding message because the queue is full'
[rviz2-2] [INFO] [1773238197.949613832] [rviz2]: Message Filter dropping message: frame 'laser_link' at time 1472.911 for reason 'discarding message because the queue is full'
[rviz2-2] [INFO] [1773238197.980307728] [rviz2]: Message Filter dropping message: frame 'laser_link' at time 1472.941 for reason 'discarding message because the queue is full'
[rviz2-2] [INFO] [1773238198.013644435] [rviz2]: Message Filter dropping message: frame 'odom' at time 1471.340 for reason 'discarding message because the queue is full'
[rviz2-2] [INFO] [1773238198.013869115] [rviz2]: Message Filter dropping message: frame 'odom' at time 1467.338 for reason 'discarding message because the queue is full'
[rviz2-2] [INFO] [1773238198.013934076] [rviz2]: Message Filter dropping message: frame 'laser_link' at time 1472.981 for reason 'discarding message because the queue is full'
[rviz2-2] [INFO] [1773238198.045931009] [rviz2]: Message Filter dropping message: frame 'laser_link' at time 1473.011 for reason 'discarding message because the queue is full'
[rviz2-2] [INFO] [1773238198.077022028] [rviz2]: Message Filter dropping message: frame 'laser_link' at time 1473.041 for reason 'discarding message because the queue is full'
[rviz2-2] [INFO] [1773238198.108955051] [rviz2]: Message Filter dropping message: frame 'laser_link' at time 1473.071 for reason 'discarding message because the queue is full'
[rviz2-2] [INFO] [1773238198.141753872] [rviz2]: Message Filter dropping message: frame 'laser_link' at time 1473.101 for reason 'discarding message because the queue is full'
[rviz2-2] [INFO] [1773238198.174191238] [rviz2]: Message Filter dropping message: frame 'laser_link' at time 1473.141 for reason 'discarding message because the queue is full'
[rviz2-2] [INFO] [1773238198.205884302] [rviz2]: Message Filter dropping message: frame 'laser_link' at time 1473.171 for reason 'discarding message because the queue is full'
[rviz2-2] [INFO] [1773238198.237321489] [rviz2]: Message Filter dropping message: frame 'odom' at time 1471.540 for reason 'discarding message because the queue is full'
[rviz2-2] [INFO] [1773238198.237501806] [rviz2]: Message Filter dropping message: frame 'laser_link' at time 1473.201 for reason 'discarding message because the queue is full'
[rviz2-2] [INFO] [1773238198.268689525] [rviz2]: Message Filter dropping message: frame 'laser_link' at time 1473.231 for reason 'discarding message because the queue is full'
[rviz2-2] [INFO] [1773238198.301816871] [rviz2]: Message Filter dropping message: frame 'laser_link' at time 1473.261 for reason 'discarding message because the queue is full'
[component_container_isolated-1] [INFO] [1773238198.322850419] [global_costmap.global_costmap]: Timed out waiting for transform from base_link to map to become available, tf error: Invalid frame ID "map" passed to canTransform argument target_frame - frame does not exist
[rviz2-2] [INFO] [1773238198.333701504] [rviz2]: Message Filter dropping message: frame 'laser_link' at time 1473.301 for reason 'discarding message because the queue is full'
[rviz2-2] [INFO] [1773238198.365699077] [rviz2]: Message Filter dropping message: frame 'laser_link' at time 1473.331 for reason 'discarding message because the queue is full'
[rviz2-2] [INFO] [1773238198.397874603] [rviz2]: Message Filter dropping message: frame 'laser_link' at time 1473.361 for reason 'discarding message because the queue is full'
[rviz2-2] [INFO] [1773238198.429655753] [rviz2]: Message Filter dropping message: frame 'odom' at time 1471.740 for reason 'discarding message because the queue is full'
[rviz2-2] [INFO] [1773238198.429904588] [rviz2]: Message Filter dropping message: frame 'laser_link' at time 1473.391 for reason 'discarding message because the queue is full'
[rviz2-2] [INFO] [1773238198.461457691] [rviz2]: Message Filter dropping message: frame 'laser_link' at time 1473.421 for reason 'discarding message because the queue is full'
[rviz2-2] [INFO] [1773238198.492517471] [rviz2]: Message Filter dropping message: frame 'laser_link' at time 1473.461 for reason 'discarding message because the queue is full'
[rviz2-2] [INFO] [1773238198.525724155] [rviz2]: Message Filter dropping message: frame 'laser_link' at time 1473.491 for reason 'discarding message because the queue is full'
[rviz2-2] [INFO] [1773238198.556624518] [rviz2]: Message Filter dropping message: frame 'laser_link' at time 1473.521 for reason 'discarding message because the queue is full'
[rviz2-2] [INFO] [1773238198.589466440] [rviz2]: Message Filter dropping message: frame 'laser_link' at time 1473.551 for reason 'discarding message because the queue is full'
[rviz2-2] [INFO] [1773238198.621659589] [rviz2]: Message Filter dropping message: frame 'odom' at time 1471.940 for reason 'discarding message because the queue is full'
[rviz2-2] [INFO] [1773238198.621866295] [rviz2]: Message Filter dropping message: frame 'odom' at time 1467.938 for reason 'discarding message because the queue is full'
[rviz2-2] [INFO] [1773238198.622011898] [rviz2]: Message Filter dropping message: frame 'laser_link' at time 1473.581 for reason 'discarding message because the queue is full'
[rviz2-2] [INFO] [1773238198.653311376] [rviz2]: Message Filter dropping message: frame 'laser_link' at time 1473.621 for reason 'discarding message because the queue is full'
[rviz2-2] [INFO] [1773238198.685620502] [rviz2]: Message Filter dropping message: frame 'laser_link' at time 1473.651 for reason 'discarding message because the queue is full'
[rviz2-2] [INFO] [1773238198.717649445] [rviz2]: Message Filter dropping message: frame 'laser_link' at time 1473.681 for reason 'discarding message because the queue is full'
[rviz2-2] [INFO] [1773238198.748376113] [rviz2]: Message Filter dropping message: frame 'laser_link' at time 1473.711 for reason 'discarding message because the queue is full'
[rviz2-2] [INFO] [1773238198.780736935] [rviz2]: Message Filter dropping message: frame 'laser_link' at time 1473.741 for reason 'discarding message because the queue is full'
[rviz2-2] [INFO] [1773238198.813140608] [rviz2]: Message Filter dropping message: frame 'odom' at time 1472.140 for reason 'discarding message because the queue is full'
[rviz2-2] [INFO] [1773238198.813361321] [rviz2]: Message Filter dropping message: frame 'laser_link' at time 1473.781 for reason 'discarding message because the queue is full'
[component_container_isolated-1] [INFO] [1773238198.822852743] [global_costmap.global_costmap]: Timed out waiting for transform from base_link to map to become available, tf error: Invalid frame ID "map" passed to canTransform argument target_frame - frame does not exist
[rviz2-2] [INFO] [1773238198.845461256] [rviz2]: Message Filter dropping message: frame 'laser_link' at time 1473.811 for reason 'discarding message because the queue is full'
[rviz2-2] [INFO] [1773238198.878430696] [rviz2]: Message Filter dropping message: frame 'laser_link' at time 1473.841 for reason 'discarding message because the queue is full'
[rviz2-2] [INFO] [1773238198.909100758] [rviz2]: Message Filter dropping message: frame 'laser_link' at time 1473.871 for reason 'discarding message because the queue is full'
[rviz2-2] [INFO] [1773238198.940868031] [rviz2]: Message Filter dropping message: frame 'laser_link' at time 1473.901 for reason 'discarding message because the queue is full'
[rviz2-2] [INFO] [1773238198.974071690] [rviz2]: Message Filter dropping message: frame 'laser_link' at time 1473.941 for reason 'discarding message because the queue is full'
[rviz2-2] [INFO] [1773238199.005391046] [rviz2]: Message Filter dropping message: frame 'laser_link' at time 1473.971 for reason 'discarding message because the queue is full'
[rviz2-2] [INFO] [1773238199.037153019] [rviz2]: Message Filter dropping message: frame 'odom' at time 1472.340 for reason 'discarding message because the queue is full'
[rviz2-2] [INFO] [1773238199.037358313] [rviz2]: Message Filter dropping message: frame 'laser_link' at time 1474.001 for reason 'discarding message because the queue is full'
[rviz2-2] [INFO] [1773238199.068737241] [rviz2]: Message Filter dropping message: frame 'laser_link' at time 1474.031 for reason 'discarding message because the queue is full'
[rviz2-2] [INFO] [1773238199.100796891] [rviz2]: Message Filter dropping message: frame 'laser_link' at time 1474.061 for reason 'discarding message because the queue is full'
[rviz2-2] [INFO] [1773238199.133397071] [rviz2]: Message Filter dropping message: frame 'laser_link' at time 1474.101 for reason 'discarding message because the queue is full'
[rviz2-2] [INFO] [1773238199.165220810] [rviz2]: Message Filter dropping message: frame 'laser_link' at time 1474.131 for reason 'discarding message because the queue is full'
[rviz2-2] [INFO] [1773238199.197013932] [rviz2]: Message Filter dropping message: frame 'laser_link' at time 1474.161 for reason 'discarding message because the queue is full'
[rviz2-2] [INFO] [1773238199.229108177] [rviz2]: Message Filter dropping message: frame 'odom' at time 1472.540 for reason 'discarding message because the queue is full'
[rviz2-2] [INFO] [1773238199.229351612] [rviz2]: Message Filter dropping message: frame 'odom' at time 1468.538 for reason 'discarding message because the queue is full'
[rviz2-2] [INFO] [1773238199.229454745] [rviz2]: Message Filter dropping message: frame 'laser_link' at time 1474.191 for reason 'discarding message because the queue is full'
[rviz2-2] [INFO] [1773238199.260606568] [rviz2]: Message Filter dropping message: frame 'laser_link' at time 1474.221 for reason 'discarding message because the queue is full'
[rviz2-2] [INFO] [1773238199.293329117] [rviz2]: Message Filter dropping message: frame 'laser_link' at time 1474.261 for reason 'discarding message because the queue is full'
[component_container_isolated-1] [INFO] [1773238199.322853378] [global_costmap.global_costmap]: Timed out waiting for transform from base_link to map to become available, tf error: Invalid frame ID "map" passed to canTransform argument target_frame - frame does not exist
[rviz2-2] [INFO] [1773238199.325366436] [rviz2]: Message Filter dropping message: frame 'laser_link' at time 1474.291 for reason 'discarding message because the queue is full'
[rviz2-2] [INFO] [1773238199.357176900] [rviz2]: Message Filter dropping message: frame 'laser_link' at time 1474.321 for reason 'discarding message because the queue is full'
[rviz2-2] [INFO] [1773238199.389822956] [rviz2]: Message Filter dropping message: frame 'laser_link' at time 1474.351 for reason 'discarding message because the queue is full'
[rviz2-2] [INFO] [1773238199.420127786] [rviz2]: Message Filter dropping message: frame 'odom' at time 1472.740 for reason 'discarding message because the queue is full'
[rviz2-2] [INFO] [1773238199.420247359] [rviz2]: Message Filter dropping message: frame 'laser_link' at time 1474.381 for reason 'discarding message because the queue is full'
[rviz2-2] [INFO] [1773238199.454082058] [rviz2]: Message Filter dropping message: frame 'laser_link' at time 1474.421 for reason 'discarding message because the queue is full'
[rviz2-2] [INFO] [1773238199.485281600] [rviz2]: Message Filter dropping message: frame 'laser_link' at time 1474.451 for reason 'discarding message because the queue is full'
[rviz2-2] [INFO] [1773238199.516652683] [rviz2]: Message Filter dropping message: frame 'laser_link' at time 1474.481 for reason 'discarding message because the queue is full'
[rviz2-2] [INFO] [1773238199.548537115] [rviz2]: Message Filter dropping message: frame 'laser_link' at time 1474.511 for reason 'discarding message because the queue is full'
[rviz2-2] [INFO] [1773238199.581961116] [rviz2]: Message Filter dropping message: frame 'laser_link' at time 1474.541 for reason 'discarding message because the queue is full'
[component_container_isolated-1] [WARN] [1773238199.611588720] [amcl]: AMCL cannot publish a pose or update the transform. Please set the initial pose...
[rviz2-2] [INFO] [1773238199.613722849] [rviz2]: Message Filter dropping message: frame 'odom' at time 1472.940 for reason 'discarding message because the queue is full'
[rviz2-2] [INFO] [1773238199.613980811] [rviz2]: Message Filter dropping message: frame 'laser_link' at time 1474.581 for reason 'discarding message because the queue is full'
[rviz2-2] [INFO] [1773238199.644711197] [rviz2]: Message Filter dropping message: frame 'laser_link' at time 1474.611 for reason 'discarding message because the queue is full'
[rviz2-2] [INFO] [1773238199.677899406] [rviz2]: Message Filter dropping message: frame 'laser_link' at time 1474.641 for reason 'discarding message because the queue is full'
[rviz2-2] [INFO] [1773238199.709094300] [rviz2]: Message Filter dropping message: frame 'laser_link' at time 1474.671 for reason 'discarding message because the queue is full'
[rviz2-2] [INFO] [1773238199.741621574] [rviz2]: Message Filter dropping message: frame 'laser_link' at time 1474.701 for reason 'discarding message because the queue is full'
[rviz2-2] [INFO] [1773238199.774036649] [rviz2]: Message Filter dropping message: frame 'laser_link' at time 1474.741 for reason 'discarding message because the queue is full'
[rviz2-2] [INFO] [1773238199.805426306] [rviz2]: Message Filter dropping message: frame 'laser_link' at time 1474.771 for reason 'discarding message because the queue is full'
[component_container_isolated-1] [INFO] [1773238199.822854495] [global_costmap.global_costmap]: Timed out waiting for transform from base_link to map to become available, tf error: Invalid frame ID "map" passed to canTransform argument target_frame - frame does not exist
[rviz2-2] [INFO] [1773238199.838001871] [rviz2]: Message Filter dropping message: frame 'odom' at time 1473.140 for reason 'discarding message because the queue is full'
[rviz2-2] [INFO] [1773238199.838288457] [rviz2]: Message Filter dropping message: frame 'odom' at time 1469.138 for reason 'discarding message because the queue is full'
[rviz2-2] [INFO] [1773238199.838366543] [rviz2]: Message Filter dropping message: frame 'laser_link' at time 1474.801 for reason 'discarding message because the queue is full'
[rviz2-2] [INFO] [1773238199.870296761] [rviz2]: Message Filter dropping message: frame 'laser_link' at time 1474.831 for reason 'discarding message because the queue is full'
[rviz2-2] [INFO] [1773238199.901941425] [rviz2]: Message Filter dropping message: frame 'laser_link' at time 1474.861 for reason 'discarding message because the queue is full'
[rviz2-2] [INFO] [1773238199.934015923] [rviz2]: Message Filter dropping message: frame 'laser_link' at time 1474.901 for reason 'discarding message because the queue is full'
[rviz2-2] [INFO] [1773238199.964533941] [rviz2]: Message Filter dropping message: frame 'laser_link' at time 1474.931 for reason 'discarding message because the queue is full'
[rviz2-2] [INFO] [1773238199.997768658] [rviz2]: Message Filter dropping message: frame 'laser_link' at time 1474.961 for reason 'discarding message because the queue is full'
[rviz2-2] [INFO] [1773238200.029188743] [rviz2]: Message Filter dropping message: frame 'odom' at time 1473.340 for reason 'discarding message because the queue is full'
[rviz2-2] [INFO] [1773238200.029431196] [rviz2]: Message Filter dropping message: frame 'laser_link' at time 1474.991 for reason 'discarding message because the queue is full'
[rviz2-2] [INFO] [1773238200.061347849] [rviz2]: Message Filter dropping message: frame 'laser_link' at time 1475.021 for reason 'discarding message because the queue is full'
[rviz2-2] [INFO] [1773238200.093941618] [rviz2]: Message Filter dropping message: frame 'laser_link' at time 1475.061 for reason 'discarding message because the queue is full'
[rviz2-2] [INFO] [1773238200.125998263] [rviz2]: Message Filter dropping message: frame 'laser_link' at time 1475.091 for reason 'discarding message because the queue is full'
[rviz2-2] [INFO] [1773238200.157198878] [rviz2]: Message Filter dropping message: frame 'laser_link' at time 1475.121 for reason 'discarding message because the queue is full'
[rviz2-2] [INFO] [1773238200.189438224] [rviz2]: Message Filter dropping message: frame 'laser_link' at time 1475.151 for reason 'discarding message because the queue is full'
[rviz2-2] [INFO] [1773238200.220915516] [rviz2]: Message Filter dropping message: frame 'odom' at time 1473.540 for reason 'discarding message because the queue is full'
[rviz2-2] [INFO] [1773238200.221106062] [rviz2]: Message Filter dropping message: frame 'laser_link' at time 1475.181 for reason 'discarding message because the queue is full'
[rviz2-2] [INFO] [1773238200.253684843] [rviz2]: Message Filter dropping message: frame 'laser_link' at time 1475.221 for reason 'discarding message because the queue is full'
[rviz2-2] [INFO] [1773238200.286728573] [rviz2]: Message Filter dropping message: frame 'laser_link' at time 1475.251 for reason 'discarding message because the queue is full'
[rviz2-2] [INFO] [1773238200.317946130] [rviz2]: Message Filter dropping message: frame 'laser_link' at time 1475.281 for reason 'discarding message because the queue is full'
[component_container_isolated-1] [INFO] [1773238200.322851720] [global_costmap.global_costmap]: Timed out waiting for transform from base_link to map to become available, tf error: Invalid frame ID "map" passed to canTransform argument target_frame - frame does not exist
[rviz2-2] [INFO] [1773238200.349541692] [rviz2]: Message Filter dropping message: frame 'laser_link' at time 1475.311 for reason 'discarding message because the queue is full'
[rviz2-2] [INFO] [1773238200.382680400] [rviz2]: Message Filter dropping message: frame 'laser_link' at time 1475.341 for reason 'discarding message because the queue is full'
[rviz2-2] [INFO] [1773238200.412576707] [rviz2]: Message Filter dropping message: frame 'odom' at time 1473.740 for reason 'discarding message because the queue is full'
[rviz2-2] [INFO] [1773238200.412686943] [rviz2]: Message Filter dropping message: frame 'odom' at time 1469.738 for reason 'discarding message because the queue is full'
[rviz2-2] [INFO] [1773238200.412730564] [rviz2]: Message Filter dropping message: frame 'laser_link' at time 1475.381 for reason 'discarding message because the queue is full'
[rviz2-2] [INFO] [1773238200.444697702] [rviz2]: Message Filter dropping message: frame 'laser_link' at time 1475.411 for reason 'discarding message because the queue is full'
[rviz2-2] [INFO] [1773238200.478105923] [rviz2]: Message Filter dropping message: frame 'laser_link' at time 1475.441 for reason 'discarding message because the queue is full'
[rviz2-2] [INFO] [1773238200.509891692] [rviz2]: Message Filter dropping message: frame 'laser_link' at time 1475.471 for reason 'discarding message because the queue is full'
[rviz2-2] [INFO] [1773238200.540590458] [rviz2]: Message Filter dropping message: frame 'laser_link' at time 1475.501 for reason 'discarding message because the queue is full'
[rviz2-2] [INFO] [1773238200.574605133] [rviz2]: Message Filter dropping message: frame 'laser_link' at time 1475.541 for reason 'discarding message because the queue is full'
[rviz2-2] [INFO] [1773238200.606317204] [rviz2]: Message Filter dropping message: frame 'laser_link' at time 1475.571 for reason 'discarding message because the queue is full'
[rviz2-2] [INFO] [1773238200.637172934] [rviz2]: Message Filter dropping message: frame 'odom' at time 1473.940 for reason 'discarding message because the queue is full'
[rviz2-2] [INFO] [1773238200.637338413] [rviz2]: Message Filter dropping message: frame 'laser_link' at time 1475.601 for reason 'discarding message because the queue is full'
[rviz2-2] [INFO] [1773238200.668784567] [rviz2]: Message Filter dropping message: frame 'laser_link' at time 1475.631 for reason 'discarding message because the queue is full'
[rviz2-2] [INFO] [1773238200.701747747] [rviz2]: Message Filter dropping message: frame 'laser_link' at time 1475.661 for reason 'discarding message because the queue is full'
[rviz2-2] [INFO] [1773238200.733262669] [rviz2]: Message Filter dropping message: frame 'laser_link' at time 1475.691 for reason 'discarding message because the queue is full'
[rviz2-2] [INFO] [1773238200.765063876] [rviz2]: Message Filter dropping message: frame 'laser_link' at time 1475.731 for reason 'discarding message because the queue is full'
[rviz2-2] [INFO] [1773238200.797775305] [rviz2]: Message Filter dropping message: frame 'laser_link' at time 1475.761 for reason 'discarding message because the queue is full'
[component_container_isolated-1] [INFO] [1773238200.822852824] [global_costmap.global_costmap]: Timed out waiting for transform from base_link to map to become available, tf error: Invalid frame ID "map" passed to canTransform argument target_frame - frame does not exist
[rviz2-2] [INFO] [1773238200.830923240] [rviz2]: Message Filter dropping message: frame 'odom' at time 1474.140 for reason 'discarding message because the queue is full'
[rviz2-2] [INFO] [1773238200.831177155] [rviz2]: Message Filter dropping message: frame 'laser_link' at time 1475.791 for reason 'discarding message because the queue is full'
[rviz2-2] [INFO] [1773238200.862404569] [rviz2]: Message Filter dropping message: frame 'laser_link' at time 1475.821 for reason 'discarding message because the queue is full'
[rviz2-2] [INFO] [1773238200.894449392] [rviz2]: Message Filter dropping message: frame 'laser_link' at time 1475.861 for reason 'discarding message because the queue is full'
[rviz2-2] [INFO] [1773238200.925639898] [rviz2]: Message Filter dropping message: frame 'laser_link' at time 1475.891 for reason 'discarding message because the queue is full'
[rviz2-2] [INFO] [1773238200.957751335] [rviz2]: Message Filter dropping message: frame 'laser_link' at time 1475.921 for reason 'discarding message because the queue is full'
[rviz2-2] [INFO] [1773238200.990098884] [rviz2]: Message Filter dropping message: frame 'laser_link' at time 1475.951 for reason 'discarding message because the queue is full'
[rviz2-2] [INFO] [1773238201.021287567] [rviz2]: Message Filter dropping message: frame 'odom' at time 1474.340 for reason 'discarding message because the queue is full'
[rviz2-2] [INFO] [1773238201.021543956] [rviz2]: Message Filter dropping message: frame 'odom' at time 1470.338 for reason 'discarding message because the queue is full'
[rviz2-2] [INFO] [1773238201.021617353] [rviz2]: Message Filter dropping message: frame 'laser_link' at time 1475.981 for reason 'discarding message because the queue is full'
[rviz2-2] [INFO] [1773238201.053539928] [rviz2]: Message Filter dropping message: frame 'laser_link' at time 1476.011 for reason 'discarding message because the queue is full'
[rviz2-2] [INFO] [1773238201.085580292] [rviz2]: Message Filter dropping message: frame 'laser_link' at time 1476.051 for reason 'discarding message because the queue is full'
[rviz2-2] [INFO] [1773238201.118654951] [rviz2]: Message Filter dropping message: frame 'laser_link' at time 1476.081 for reason 'discarding message because the queue is full'
[rviz2-2] [INFO] [1773238201.149894038] [rviz2]: Message Filter dropping message: frame 'laser_link' at time 1476.111 for reason 'discarding message because the queue is full'
[rviz2-2] [INFO] [1773238201.181292853] [rviz2]: Message Filter dropping message: frame 'laser_link' at time 1476.141 for reason 'discarding message because the queue is full'
[rviz2-2] [INFO] [1773238201.214498527] [rviz2]: Message Filter dropping message: frame 'odom' at time 1474.540 for reason 'discarding message because the queue is full'
[rviz2-2] [INFO] [1773238201.214625394] [rviz2]: Message Filter dropping message: frame 'laser_link' at time 1476.181 for reason 'discarding message because the queue is full'
[rviz2-2] [INFO] [1773238201.246099109] [rviz2]: Message Filter dropping message: frame 'laser_link' at time 1476.211 for reason 'discarding message because the queue is full'
[rviz2-2] [INFO] [1773238201.276901670] [rviz2]: Message Filter dropping message: frame 'laser_link' at time 1476.241 for reason 'discarding message because the queue is full'
[rviz2-2] [INFO] [1773238201.308796473] [rviz2]: Message Filter dropping message: frame 'laser_link' at time 1476.271 for reason 'discarding message because the queue is full'
[component_container_isolated-1] [INFO] [1773238201.322873718] [global_costmap.global_costmap]: Timed out waiting for transform from base_link to map to become available, tf error: Invalid frame ID "map" passed to canTransform argument target_frame - frame does not exist
[rviz2-2] [INFO] [1773238201.341275678] [rviz2]: Message Filter dropping message: frame 'laser_link' at time 1476.301 for reason 'discarding message because the queue is full'
[rviz2-2] [INFO] [1773238201.374729135] [rviz2]: Message Filter dropping message: frame 'laser_link' at time 1476.341 for reason 'discarding message because the queue is full'
[rviz2-2] [INFO] [1773238201.405383058] [rviz2]: Message Filter dropping message: frame 'laser_link' at time 1476.371 for reason 'discarding message because the queue is full'
[rviz2-2] [INFO] [1773238201.438352189] [rviz2]: Message Filter dropping message: frame 'odom' at time 1474.740 for reason 'discarding message because the queue is full'
[rviz2-2] [INFO] [1773238201.438548646] [rviz2]: Message Filter dropping message: frame 'laser_link' at time 1476.401 for reason 'discarding message because the queue is full'
[rviz2-2] [INFO] [1773238201.469399207] [rviz2]: Message Filter dropping message: frame 'laser_link' at time 1476.431 for reason 'discarding message because the queue is full'
[rviz2-2] [INFO] [1773238201.501621642] [rviz2]: Message Filter dropping message: frame 'laser_link' at time 1476.461 for reason 'discarding message because the queue is full'
[rviz2-2] [INFO] [1773238201.532869315] [rviz2]: Message Filter dropping message: frame 'laser_link' at time 1476.501 for reason 'discarding message because the queue is full'
[rviz2-2] [INFO] [1773238201.564464628] [rviz2]: Message Filter dropping message: frame 'laser_link' at time 1476.531 for reason 'discarding message because the queue is full'
[rviz2-2] [INFO] [1773238201.597893178] [rviz2]: Message Filter dropping message: frame 'laser_link' at time 1476.561 for reason 'discarding message because the queue is full'
[rviz2-2] [INFO] [1773238201.629569071] [rviz2]: Message Filter dropping message: frame 'odom' at time 1474.940 for reason 'discarding message because the queue is full'
[rviz2-2] [INFO] [1773238201.629766230] [rviz2]: Message Filter dropping message: frame 'odom' at time 1470.938 for reason 'discarding message because the queue is full'
[rviz2-2] [INFO] [1773238201.629849135] [rviz2]: Message Filter dropping message: frame 'laser_link' at time 1476.591 for reason 'discarding message because the queue is full'
[rviz2-2] [INFO] [1773238201.662130921] [rviz2]: Message Filter dropping message: frame 'laser_link' at time 1476.621 for reason 'discarding message because the queue is full'
[rviz2-2] [INFO] [1773238201.692934203] [rviz2]: Message Filter dropping message: frame 'laser_link' at time 1476.661 for reason 'discarding message because the queue is full'
[component_container_isolated-1] [WARN] [1773238201.712286029] [amcl]: AMCL cannot publish a pose or update the transform. Please set the initial pose...
[rviz2-2] [INFO] [1773238201.725957506] [rviz2]: Message Filter dropping message: frame 'laser_link' at time 1476.691 for reason 'discarding message because the queue is full'
[rviz2-2] [INFO] [1773238201.756667113] [rviz2]: Message Filter dropping message: frame 'laser_link' at time 1476.721 for reason 'discarding message because the queue is full'
[rviz2-2] [INFO] [1773238201.790476074] [rviz2]: Message Filter dropping message: frame 'laser_link' at time 1476.751 for reason 'discarding message because the queue is full'
[rviz2-2] [INFO] [1773238201.821321354] [rviz2]: Message Filter dropping message: frame 'odom' at time 1475.140 for reason 'discarding message because the queue is full'
[rviz2-2] [INFO] [1773238201.821506150] [rviz2]: Message Filter dropping message: frame 'laser_link' at time 1476.781 for reason 'discarding message because the queue is full'
[component_container_isolated-1] [INFO] [1773238201.822853178] [global_costmap.global_costmap]: Timed out waiting for transform from base_link to map to become available, tf error: Invalid frame ID "map" passed to canTransform argument target_frame - frame does not exist
[rviz2-2] [INFO] [1773238201.854158278] [rviz2]: Message Filter dropping message: frame 'laser_link' at time 1476.811 for reason 'discarding message because the queue is full'
[rviz2-2] [INFO] [1773238201.885612708] [rviz2]: Message Filter dropping message: frame 'laser_link' at time 1476.851 for reason 'discarding message because the queue is full'
[rviz2-2] [INFO] [1773238201.917954807] [rviz2]: Message Filter dropping message: frame 'laser_link' at time 1476.881 for reason 'discarding message because the queue is full'
[rviz2-2] [INFO] [1773238201.949692215] [rviz2]: Message Filter dropping message: frame 'laser_link' at time 1476.911 for reason 'discarding message because the queue is full'
[rviz2-2] [INFO] [1773238201.980814564] [rviz2]: Message Filter dropping message: frame 'laser_link' at time 1476.941 for reason 'discarding message because the queue is full'
[rviz2-2] [INFO] [1773238202.014372827] [rviz2]: Message Filter dropping message: frame 'odom' at time 1475.320 for reason 'discarding message because the queue is full'
[rviz2-2] [INFO] [1773238202.014595463] [rviz2]: Message Filter dropping message: frame 'laser_link' at time 1476.971 for reason 'discarding message because the queue is full'
[rviz2-2] [INFO] [1773238202.045146554] [rviz2]: Message Filter dropping message: frame 'laser_link' at time 1477.011 for reason 'discarding message because the queue is full'
[rviz2-2] [INFO] [1773238202.078182731] [rviz2]: Message Filter dropping message: frame 'laser_link' at time 1477.041 for reason 'discarding message because the queue is full'
[rviz2-2] [INFO] [1773238202.110383265] [rviz2]: Message Filter dropping message: frame 'laser_link' at time 1477.071 for reason 'discarding message because the queue is full'
[rviz2-2] [INFO] [1773238202.141617213] [rviz2]: Message Filter dropping message: frame 'laser_link' at time 1477.101 for reason 'discarding message because the queue is full'
[rviz2-2] [INFO] [1773238202.174629515] [rviz2]: Message Filter dropping message: frame 'laser_link' at time 1477.141 for reason 'discarding message because the queue is full'
[rviz2-2] [INFO] [1773238202.204747607] [rviz2]: Message Filter dropping message: frame 'laser_link' at time 1477.171 for reason 'discarding message because the queue is full'
[rviz2-2] [INFO] [1773238202.237495796] [rviz2]: Message Filter dropping message: frame 'odom' at time 1475.520 for reason 'discarding message because the queue is full'
[rviz2-2] [INFO] [1773238202.237663780] [rviz2]: Message Filter dropping message: frame 'odom' at time 1471.538 for reason 'discarding message because the queue is full'
[rviz2-2] [INFO] [1773238202.237740112] [rviz2]: Message Filter dropping message: frame 'laser_link' at time 1477.201 for reason 'discarding message because the queue is full'
[rviz2-2] [INFO] [1773238202.270294378] [rviz2]: Message Filter dropping message: frame 'laser_link' at time 1477.231 for reason 'discarding message because the queue is full'
[rviz2-2] [INFO] [1773238202.301159987] [rviz2]: Message Filter dropping message: frame 'laser_link' at time 1477.261 for reason 'discarding message because the queue is full'
[component_container_isolated-1] [INFO] [1773238202.322854162] [global_costmap.global_costmap]: Timed out waiting for transform from base_link to map to become available, tf error: Invalid frame ID "map" passed to canTransform argument target_frame - frame does not exist
[rviz2-2] [INFO] [1773238202.334338260] [rviz2]: Message Filter dropping message: frame 'laser_link' at time 1477.301 for reason 'discarding message because the queue is full'
[rviz2-2] [INFO] [1773238202.365239325] [rviz2]: Message Filter dropping message: frame 'laser_link' at time 1477.331 for reason 'discarding message because the queue is full'
[rviz2-2] [INFO] [1773238202.396835500] [rviz2]: Message Filter dropping message: frame 'laser_link' at time 1477.361 for reason 'discarding message because the queue is full'
[rviz2-2] [INFO] [1773238202.429163603] [rviz2]: Message Filter dropping message: frame 'odom' at time 1475.720 for reason 'discarding message because the queue is full'
[rviz2-2] [INFO] [1773238202.429393573] [rviz2]: Message Filter dropping message: frame 'laser_link' at time 1477.391 for reason 'discarding message because the queue is full'
[rviz2-2] [INFO] [1773238202.461539536] [rviz2]: Message Filter dropping message: frame 'laser_link' at time 1477.421 for reason 'discarding message because the queue is full'
[rviz2-2] [INFO] [1773238202.493200472] [rviz2]: Message Filter dropping message: frame 'laser_link' at time 1477.461 for reason 'discarding message because the queue is full'
[rviz2-2] [INFO] [1773238202.526161318] [rviz2]: Message Filter dropping message: frame 'laser_link' at time 1477.491 for reason 'discarding message because the queue is full'
[rviz2-2] [INFO] [1773238202.556918164] [rviz2]: Message Filter dropping message: frame 'laser_link' at time 1477.521 for reason 'discarding message because the queue is full'
[rviz2-2] [INFO] [1773238202.589449417] [rviz2]: Message Filter dropping message: frame 'laser_link' at time 1477.551 for reason 'discarding message because the queue is full'
[rviz2-2] [INFO] [1773238202.620864884] [rviz2]: Message Filter dropping message: frame 'odom' at time 1475.920 for reason 'discarding message because the queue is full'
[rviz2-2] [INFO] [1773238202.621082751] [rviz2]: Message Filter dropping message: frame 'laser_link' at time 1477.581 for reason 'discarding message because the queue is full'
[rviz2-2] [INFO] [1773238202.653654980] [rviz2]: Message Filter dropping message: frame 'laser_link' at time 1477.611 for reason 'discarding message because the queue is full'
[rviz2-2] [INFO] [1773238202.687055979] [rviz2]: Message Filter dropping message: frame 'laser_link' at time 1477.651 for reason 'discarding message because the queue is full'
[rviz2-2] [INFO] [1773238202.718063624] [rviz2]: Message Filter dropping message: frame 'laser_link' at time 1477.681 for reason 'discarding message because the queue is full'
[rviz2-2] [INFO] [1773238202.749122344] [rviz2]: Message Filter dropping message: frame 'laser_link' at time 1477.711 for reason 'discarding message because the queue is full'
[rviz2-2] [INFO] [1773238202.782819146] [rviz2]: Message Filter dropping message: frame 'laser_link' at time 1477.741 for reason 'discarding message because the queue is full'
[rviz2-2] [INFO] [1773238202.812449886] [rviz2]: Message Filter dropping message: frame 'odom' at time 1476.120 for reason 'discarding message because the queue is full'
[rviz2-2] [INFO] [1773238202.812580601] [rviz2]: Message Filter dropping message: frame 'odom' at time 1472.138 for reason 'discarding message because the queue is full'
[rviz2-2] [INFO] [1773238202.812649520] [rviz2]: Message Filter dropping message: frame 'laser_link' at time 1477.771 for reason 'discarding message because the queue is full'
[component_container_isolated-1] [INFO] [1773238202.822851942] [global_costmap.global_costmap]: Timed out waiting for transform from base_link to map to become available, tf error: Invalid frame ID "map" passed to canTransform argument target_frame - frame does not exist
[rviz2-2] [INFO] [1773238202.845665118] [rviz2]: Message Filter dropping message: frame 'laser_link' at time 1477.811 for reason 'discarding message because the queue is full'
[rviz2-2] [INFO] [1773238202.877765686] [rviz2]: Message Filter dropping message: frame 'laser_link' at time 1477.841 for reason 'discarding message because the queue is full'
[rviz2-2] [INFO] [1773238202.910203965] [rviz2]: Message Filter dropping message: frame 'laser_link' at time 1477.871 for reason 'discarding message because the queue is full'
[rviz2-2] [INFO] [1773238202.940841468] [rviz2]: Message Filter dropping message: frame 'laser_link' at time 1477.901 for reason 'discarding message because the queue is full'
[rviz2-2] [INFO] [1773238202.974586870] [rviz2]: Message Filter dropping message: frame 'laser_link' at time 1477.931 for reason 'discarding message because the queue is full'
[rviz2-2] [INFO] [1773238203.005080174] [rviz2]: Message Filter dropping message: frame 'laser_link' at time 1477.971 for reason 'discarding message because the queue is full'
[rviz2-2] [INFO] [1773238203.037760666] [rviz2]: Message Filter dropping message: frame 'odom' at time 1476.320 for reason 'discarding message because the queue is full'
[rviz2-2] [INFO] [1773238203.037939049] [rviz2]: Message Filter dropping message: frame 'laser_link' at time 1478.001 for reason 'discarding message because the queue is full'
[rviz2-2] [INFO] [1773238203.069923050] [rviz2]: Message Filter dropping message: frame 'laser_link' at time 1478.031 for reason 'discarding message because the queue is full'
[rviz2-2] [INFO] [1773238203.101931155] [rviz2]: Message Filter dropping message: frame 'laser_link' at time 1478.061 for reason 'discarding message because the queue is full'
[rviz2-2] [INFO] [1773238203.133766347] [rviz2]: Message Filter dropping message: frame 'laser_link' at time 1478.091 for reason 'discarding message because the queue is full'
[rviz2-2] [INFO] [1773238203.166130648] [rviz2]: Message Filter dropping message: frame 'laser_link' at time 1478.131 for reason 'discarding message because the queue is full'
[rviz2-2] [INFO] [1773238203.197321646] [rviz2]: Message Filter dropping message: frame 'laser_link' at time 1478.161 for reason 'discarding message because the queue is full'
[rviz2-2] [INFO] [1773238203.229792506] [rviz2]: Message Filter dropping message: frame 'odom' at time 1476.520 for reason 'discarding message because the queue is full'
[rviz2-2] [INFO] [1773238203.229886372] [rviz2]: Message Filter dropping message: frame 'laser_link' at time 1478.191 for reason 'discarding message because the queue is full'
[rviz2-2] [INFO] [1773238203.262229013] [rviz2]: Message Filter dropping message: frame 'laser_link' at time 1478.221 for reason 'discarding message because the queue is full'
[rviz2-2] [INFO] [1773238203.294034519] [rviz2]: Message Filter dropping message: frame 'laser_link' at time 1478.251 for reason 'discarding message because the queue is full'
[component_container_isolated-1] [INFO] [1773238203.322862800] [global_costmap.global_costmap]: Timed out waiting for transform from base_link to map to become available, tf error: Invalid frame ID "map" passed to canTransform argument target_frame - frame does not exist
[rviz2-2] [INFO] [1773238203.326151508] [rviz2]: Message Filter dropping message: frame 'laser_link' at time 1478.291 for reason 'discarding message because the queue is full'
[rviz2-2] [INFO] [1773238203.357093100] [rviz2]: Message Filter dropping message: frame 'laser_link' at time 1478.321 for reason 'discarding message because the queue is full'
[rviz2-2] [INFO] [1773238203.389950984] [rviz2]: Message Filter dropping message: frame 'laser_link' at time 1478.351 for reason 'discarding message because the queue is full'
[rviz2-2] [INFO] [1773238203.421867828] [rviz2]: Message Filter dropping message: frame 'odom' at time 1476.720 for reason 'discarding message because the queue is full'
[rviz2-2] [INFO] [1773238203.422052654] [rviz2]: Message Filter dropping message: frame 'odom' at time 1472.738 for reason 'discarding message because the queue is full'
[rviz2-2] [INFO] [1773238203.422115872] [rviz2]: Message Filter dropping message: frame 'laser_link' at time 1478.381 for reason 'discarding message because the queue is full'
[rviz2-2] [INFO] [1773238203.452890241] [rviz2]: Message Filter dropping message: frame 'laser_link' at time 1478.411 for reason 'discarding message because the queue is full'
[rviz2-2] [INFO] [1773238203.484982474] [rviz2]: Message Filter dropping message: frame 'laser_link' at time 1478.451 for reason 'discarding message because the queue is full'
[rviz2-2] [INFO] [1773238203.517460037] [rviz2]: Message Filter dropping message: frame 'laser_link' at time 1478.481 for reason 'discarding message because the queue is full'
[rviz2-2] [INFO] [1773238203.549632399] [rviz2]: Message Filter dropping message: frame 'laser_link' at time 1478.511 for reason 'discarding message because the queue is full'
[rviz2-2] [INFO] [1773238203.582311088] [rviz2]: Message Filter dropping message: frame 'laser_link' at time 1478.541 for reason 'discarding message because the queue is full'
[rviz2-2] [INFO] [1773238203.615024201] [rviz2]: Message Filter dropping message: frame 'odom' at time 1476.920 for reason 'discarding message because the queue is full'
[rviz2-2] [INFO] [1773238203.615200150] [rviz2]: Message Filter dropping message: frame 'laser_link' at time 1478.571 for reason 'discarding message because the queue is full'
[rviz2-2] [INFO] [1773238203.645830800] [rviz2]: Message Filter dropping message: frame 'laser_link' at time 1478.611 for reason 'discarding message because the queue is full'
[rviz2-2] [INFO] [1773238203.678533735] [rviz2]: Message Filter dropping message: frame 'laser_link' at time 1478.641 for reason 'discarding message because the queue is full'
[rviz2-2] [INFO] [1773238203.710244675] [rviz2]: Message Filter dropping message: frame 'laser_link' at time 1478.671 for reason 'discarding message because the queue is full'
[rviz2-2] [INFO] [1773238203.742691310] [rviz2]: Message Filter dropping message: frame 'laser_link' at time 1478.701 for reason 'discarding message because the queue is full'
[rviz2-2] [INFO] [1773238203.774341396] [rviz2]: Message Filter dropping message: frame 'laser_link' at time 1478.731 for reason 'discarding message because the queue is full'
[rviz2-2] [INFO] [1773238203.806102349] [rviz2]: Message Filter dropping message: frame 'laser_link' at time 1478.771 for reason 'discarding message because the queue is full'
[component_container_isolated-1] [WARN] [1773238203.813083870] [amcl]: AMCL cannot publish a pose or update the transform. Please set the initial pose...
[component_container_isolated-1] [INFO] [1773238203.822853363] [global_costmap.global_costmap]: Timed out waiting for transform from base_link to map to become available, tf error: Invalid frame ID "map" passed to canTransform argument target_frame - frame does not exist
[rviz2-2] [INFO] [1773238203.838544115] [rviz2]: Message Filter dropping message: frame 'odom' at time 1477.120 for reason 'discarding message because the queue is full'
[rviz2-2] [INFO] [1773238203.838789614] [rviz2]: Message Filter dropping message: frame 'laser_link' at time 1478.801 for reason 'discarding message because the queue is full'
[rviz2-2] [INFO] [1773238203.869960905] [rviz2]: Message Filter dropping message: frame 'laser_link' at time 1478.831 for reason 'discarding message because the queue is full'
[rviz2-2] [INFO] [1773238203.900505855] [rviz2]: Message Filter dropping message: frame 'laser_link' at time 1478.861 for reason 'discarding message because the queue is full'
[rviz2-2] [INFO] [1773238203.934500985] [rviz2]: Message Filter dropping message: frame 'laser_link' at time 1478.901 for reason 'discarding message because the queue is full'
[rviz2-2] [INFO] [1773238203.966411207] [rviz2]: Message Filter dropping message: frame 'laser_link' at time 1478.931 for reason 'discarding message because the queue is full'
[rviz2-2] [INFO] [1773238203.998367676] [rviz2]: Message Filter dropping message: frame 'laser_link' at time 1478.961 for reason 'discarding message because the queue is full'
[rviz2-2] [INFO] [1773238204.029941249] [rviz2]: Message Filter dropping message: frame 'odom' at time 1477.320 for reason 'discarding message because the queue is full'
[rviz2-2] [INFO] [1773238204.030323203] [rviz2]: Message Filter dropping message: frame 'odom' at time 1473.338 for reason 'discarding message because the queue is full'
[rviz2-2] [INFO] [1773238204.030438038] [rviz2]: Message Filter dropping message: frame 'laser_link' at time 1478.991 for reason 'discarding message because the queue is full'
[rviz2-2] [INFO] [1773238204.061461704] [rviz2]: Message Filter dropping message: frame 'laser_link' at time 1479.021 for reason 'discarding message because the queue is full'
[rviz2-2] [INFO] [1773238204.092831045] [rviz2]: Message Filter dropping message: frame 'laser_link' at time 1479.051 for reason 'discarding message because the queue is full'
[rviz2-2] [INFO] [1773238204.127263533] [rviz2]: Message Filter dropping message: frame 'laser_link' at time 1479.091 for reason 'discarding message because the queue is full'
[rviz2-2] [INFO] [1773238204.158228509] [rviz2]: Message Filter dropping message: frame 'laser_link' at time 1479.121 for reason 'discarding message because the queue is full'
[rviz2-2] [INFO] [1773238204.189910054] [rviz2]: Message Filter dropping message: frame 'laser_link' at time 1479.151 for reason 'discarding message because the queue is full'
[rviz2-2] [INFO] [1773238204.222107183] [rviz2]: Message Filter dropping message: frame 'odom' at time 1477.520 for reason 'discarding message because the queue is full'
[rviz2-2] [INFO] [1773238204.222501961] [rviz2]: Message Filter dropping message: frame 'laser_link' at time 1479.181 for reason 'discarding message because the queue is full'
[rviz2-2] [INFO] [1773238204.253830456] [rviz2]: Message Filter dropping message: frame 'laser_link' at time 1479.211 for reason 'discarding message because the queue is full'
[rviz2-2] [INFO] [1773238204.285952966] [rviz2]: Message Filter dropping message: frame 'laser_link' at time 1479.251 for reason 'discarding message because the queue is full'
[rviz2-2] [INFO] [1773238204.317852859] [rviz2]: Message Filter dropping message: frame 'laser_link' at time 1479.281 for reason 'discarding message because the queue is full'
[component_container_isolated-1] [INFO] [1773238204.322855591] [global_costmap.global_costmap]: Timed out waiting for transform from base_link to map to become available, tf error: Invalid frame ID "map" passed to canTransform argument target_frame - frame does not exist
[rviz2-2] [INFO] [1773238204.351157579] [rviz2]: Message Filter dropping message: frame 'laser_link' at time 1479.311 for reason 'discarding message because the queue is full'
[rviz2-2] [INFO] [1773238204.381545085] [rviz2]: Message Filter dropping message: frame 'laser_link' at time 1479.341 for reason 'discarding message because the queue is full'
[rviz2-2] [INFO] [1773238204.413484032] [rviz2]: Message Filter dropping message: frame 'odom' at time 1477.720 for reason 'discarding message because the queue is full'
[rviz2-2] [INFO] [1773238204.413789743] [rviz2]: Message Filter dropping message: frame 'laser_link' at time 1479.371 for reason 'discarding message because the queue is full'
[rviz2-2] [INFO] [1773238204.445617251] [rviz2]: Message Filter dropping message: frame 'laser_link' at time 1479.411 for reason 'discarding message because the queue is full'
[rviz2-2] [INFO] [1773238204.477675481] [rviz2]: Message Filter dropping message: frame 'laser_link' at time 1479.441 for reason 'discarding message because the queue is full'
[rviz2-2] [INFO] [1773238204.509497148] [rviz2]: Message Filter dropping message: frame 'laser_link' at time 1479.471 for reason 'discarding message because the queue is full'
[rviz2-2] [INFO] [1773238204.541479786] [rviz2]: Message Filter dropping message: frame 'laser_link' at time 1479.501 for reason 'discarding message because the queue is full'
[rviz2-2] [INFO] [1773238204.574356105] [rviz2]: Message Filter dropping message: frame 'laser_link' at time 1479.531 for reason 'discarding message because the queue is full'
[rviz2-2] [INFO] [1773238204.606048090] [rviz2]: Message Filter dropping message: frame 'laser_link' at time 1479.571 for reason 'discarding message because the queue is full'
[rviz2-2] [INFO] [1773238204.638050505] [rviz2]: Message Filter dropping message: frame 'odom' at time 1477.920 for reason 'discarding message because the queue is full'
[rviz2-2] [INFO] [1773238204.638206937] [rviz2]: Message Filter dropping message: frame 'laser_link' at time 1479.601 for reason 'discarding message because the queue is full'
[rviz2-2] [INFO] [1773238204.670128531] [rviz2]: Message Filter dropping message: frame 'laser_link' at time 1479.631 for reason 'discarding message because the queue is full'
[rviz2-2] [INFO] [1773238204.702167615] [rviz2]: Message Filter dropping message: frame 'laser_link' at time 1479.661 for reason 'discarding message because the queue is full'
[rviz2-2] [INFO] [1773238204.733695763] [rviz2]: Message Filter dropping message: frame 'laser_link' at time 1479.691 for reason 'discarding message because the queue is full'
[rviz2-2] [INFO] [1773238204.765023337] [rviz2]: Message Filter dropping message: frame 'laser_link' at time 1479.731 for reason 'discarding message because the queue is full'
[rviz2-2] [INFO] [1773238204.797739085] [rviz2]: Message Filter dropping message: frame 'laser_link' at time 1479.761 for reason 'discarding message because the queue is full'
[component_container_isolated-1] [INFO] [1773238204.822850448] [global_costmap.global_costmap]: Timed out waiting for transform from base_link to map to become available, tf error: Invalid frame ID "map" passed to canTransform argument target_frame - frame does not exist
[rviz2-2] [INFO] [1773238204.828697168] [rviz2]: Message Filter dropping message: frame 'odom' at time 1478.120 for reason 'discarding message because the queue is full'
[rviz2-2] [INFO] [1773238204.828882505] [rviz2]: Message Filter dropping message: frame 'odom' at time 1473.938 for reason 'discarding message because the queue is full'
[rviz2-2] [INFO] [1773238204.828981109] [rviz2]: Message Filter dropping message: frame 'laser_link' at time 1479.791 for reason 'discarding message because the queue is full'
[rviz2-2] [INFO] [1773238204.861530877] [rviz2]: Message Filter dropping message: frame 'laser_link' at time 1479.821 for reason 'discarding message because the queue is full'
[rviz2-2] [INFO] [1773238204.893706897] [rviz2]: Message Filter dropping message: frame 'laser_link' at time 1479.851 for reason 'discarding message because the queue is full'
[rviz2-2] [INFO] [1773238204.926965009] [rviz2]: Message Filter dropping message: frame 'laser_link' at time 1479.891 for reason 'discarding message because the queue is full'
[rviz2-2] [INFO] [1773238204.958320355] [rviz2]: Message Filter dropping message: frame 'laser_link' at time 1479.921 for reason 'discarding message because the queue is full'
[rviz2-2] [INFO] [1773238204.989657957] [rviz2]: Message Filter dropping message: frame 'laser_link' at time 1479.951 for reason 'discarding message because the queue is full'
[rviz2-2] [INFO] [1773238205.021418029] [rviz2]: Message Filter dropping message: frame 'odom' at time 1478.320 for reason 'discarding message because the queue is full'
[rviz2-2] [INFO] [1773238205.021631048] [rviz2]: Message Filter dropping message: frame 'laser_link' at time 1479.981 for reason 'discarding message because the queue is full'
[rviz2-2] [INFO] [1773238205.054296904] [rviz2]: Message Filter dropping message: frame 'laser_link' at time 1480.011 for reason 'discarding message because the queue is full'
[rviz2-2] [INFO] [1773238205.085484536] [rviz2]: Message Filter dropping message: frame 'laser_link' at time 1480.041 for reason 'discarding message because the queue is full'
[rviz2-2] [INFO] [1773238205.118793283] [rviz2]: Message Filter dropping message: frame 'laser_link' at time 1480.081 for reason 'discarding message because the queue is full'
[rviz2-2] [INFO] [1773238205.149647212] [rviz2]: Message Filter dropping message: frame 'laser_link' at time 1480.111 for reason 'discarding message because the queue is full'
[rviz2-2] [INFO] [1773238205.182364945] [rviz2]: Message Filter dropping message: frame 'laser_link' at time 1480.141 for reason 'discarding message because the queue is full'
[rviz2-2] [INFO] [1773238205.214304983] [rviz2]: Message Filter dropping message: frame 'odom' at time 1478.520 for reason 'discarding message because the queue is full'
[rviz2-2] [INFO] [1773238205.214526618] [rviz2]: Message Filter dropping message: frame 'laser_link' at time 1480.171 for reason 'discarding message because the queue is full'
[rviz2-2] [INFO] [1773238205.246139455] [rviz2]: Message Filter dropping message: frame 'laser_link' at time 1480.211 for reason 'discarding message because the queue is full'
[rviz2-2] [INFO] [1773238205.278550875] [rviz2]: Message Filter dropping message: frame 'laser_link' at time 1480.241 for reason 'discarding message because the queue is full'
[rviz2-2] [INFO] [1773238205.310645643] [rviz2]: Message Filter dropping message: frame 'laser_link' at time 1480.271 for reason 'discarding message because the queue is full'
[component_container_isolated-1] [INFO] [1773238205.322854547] [global_costmap.global_costmap]: Timed out waiting for transform from base_link to map to become available, tf error: Invalid frame ID "map" passed to canTransform argument target_frame - frame does not exist
[rviz2-2] [INFO] [1773238205.341198228] [rviz2]: Message Filter dropping message: frame 'laser_link' at time 1480.301 for reason 'discarding message because the queue is full'
[rviz2-2] [INFO] [1773238205.373850789] [rviz2]: Message Filter dropping message: frame 'laser_link' at time 1480.331 for reason 'discarding message because the queue is full'
[rviz2-2] [INFO] [1773238205.405166902] [rviz2]: Message Filter dropping message: frame 'laser_link' at time 1480.361 for reason 'discarding message because the queue is full'
[rviz2-2] [INFO] [1773238205.437761314] [rviz2]: Message Filter dropping message: frame 'odom' at time 1478.720 for reason 'discarding message because the queue is full'
[rviz2-2] [INFO] [1773238205.437863545] [rviz2]: Message Filter dropping message: frame 'odom' at time 1474.538 for reason 'discarding message because the queue is full'
[rviz2-2] [INFO] [1773238205.437910533] [rviz2]: Message Filter dropping message: frame 'laser_link' at time 1480.401 for reason 'discarding message because the queue is full'
[rviz2-2] [INFO] [1773238205.468935261] [rviz2]: Message Filter dropping message: frame 'laser_link' at time 1480.431 for reason 'discarding message because the queue is full'
[rviz2-2] [INFO] [1773238205.501781674] [rviz2]: Message Filter dropping message: frame 'laser_link' at time 1480.461 for reason 'discarding message because the queue is full'
[rviz2-2] [INFO] [1773238205.533523753] [rviz2]: Message Filter dropping message: frame 'laser_link' at time 1480.491 for reason 'discarding message because the queue is full'
[rviz2-2] [INFO] [1773238205.564859802] [rviz2]: Message Filter dropping message: frame 'laser_link' at time 1480.521 for reason 'discarding message because the queue is full'
[rviz2-2] [INFO] [1773238205.597608964] [rviz2]: Message Filter dropping message: frame 'laser_link' at time 1480.561 for reason 'discarding message because the queue is full'
[rviz2-2] [INFO] [1773238205.629060409] [rviz2]: Message Filter dropping message: frame 'odom' at time 1478.920 for reason 'discarding message because the queue is full'
[rviz2-2] [INFO] [1773238205.629337317] [rviz2]: Message Filter dropping message: frame 'laser_link' at time 1480.591 for reason 'discarding message because the queue is full'
[rviz2-2] [INFO] [1773238205.660904719] [rviz2]: Message Filter dropping message: frame 'laser_link' at time 1480.621 for reason 'discarding message because the queue is full'
[rviz2-2] [INFO] [1773238205.694191295] [rviz2]: Message Filter dropping message: frame 'laser_link' at time 1480.651 for reason 'discarding message because the queue is full'
[rviz2-2] [INFO] [1773238205.726307674] [rviz2]: Message Filter dropping message: frame 'laser_link' at time 1480.681 for reason 'discarding message because the queue is full'
[rviz2-2] [INFO] [1773238205.758201466] [rviz2]: Message Filter dropping message: frame 'laser_link' at time 1480.721 for reason 'discarding message because the queue is full'
[rviz2-2] [INFO] [1773238205.789574555] [rviz2]: Message Filter dropping message: frame 'laser_link' at time 1480.751 for reason 'discarding message because the queue is full'
[rviz2-2] [INFO] [1773238205.821735067] [rviz2]: Message Filter dropping message: frame 'odom' at time 1479.120 for reason 'discarding message because the queue is full'
[rviz2-2] [INFO] [1773238205.821973001] [rviz2]: Message Filter dropping message: frame 'laser_link' at time 1480.781 for reason 'discarding message because the queue is full'
[component_container_isolated-1] [INFO] [1773238205.822865420] [global_costmap.global_costmap]: Timed out waiting for transform from base_link to map to become available, tf error: Invalid frame ID "map" passed to canTransform argument target_frame - frame does not exist
[rviz2-2] [INFO] [1773238205.852796192] [rviz2]: Message Filter dropping message: frame 'laser_link' at time 1480.811 for reason 'discarding message because the queue is full'
[rviz2-2] [INFO] [1773238205.886490751] [rviz2]: Message Filter dropping message: frame 'laser_link' at time 1480.841 for reason 'discarding message because the queue is full'
[component_container_isolated-1] [WARN] [1773238205.915069076] [amcl]: AMCL cannot publish a pose or update the transform. Please set the initial pose...
[rviz2-2] [INFO] [1773238205.918090484] [rviz2]: Message Filter dropping message: frame 'laser_link' at time 1480.881 for reason 'discarding message because the queue is full'
[rviz2-2] [INFO] [1773238205.948901933] [rviz2]: Message Filter dropping message: frame 'laser_link' at time 1480.911 for reason 'discarding message because the queue is full'
[rviz2-2] [INFO] [1773238205.982793270] [rviz2]: Message Filter dropping message: frame 'laser_link' at time 1480.941 for reason 'discarding message because the queue is full'
[rviz2-2] [INFO] [1773238206.012429362] [rviz2]: Message Filter dropping message: frame 'odom' at time 1479.320 for reason 'discarding message because the queue is full'
[rviz2-2] [INFO] [1773238206.012676854] [rviz2]: Message Filter dropping message: frame 'odom' at time 1475.138 for reason 'discarding message because the queue is full'
[rviz2-2] [INFO] [1773238206.012726447] [rviz2]: Message Filter dropping message: frame 'laser_link' at time 1480.971 for reason 'discarding message because the queue is full'
[rviz2-2] [INFO] [1773238206.045455912] [rviz2]: Message Filter dropping message: frame 'laser_link' at time 1481.001 for reason 'discarding message because the queue is full'
[rviz2-2] [INFO] [1773238206.079010439] [rviz2]: Message Filter dropping message: frame 'laser_link' at time 1481.041 for reason 'discarding message because the queue is full'
[rviz2-2] [INFO] [1773238206.109119305] [rviz2]: Message Filter dropping message: frame 'laser_link' at time 1481.071 for reason 'discarding message because the queue is full'
[rviz2-2] [INFO] [1773238206.141724859] [rviz2]: Message Filter dropping message: frame 'laser_link' at time 1481.101 for reason 'discarding message because the queue is full'
[rviz2-2] [INFO] [1773238206.173409070] [rviz2]: Message Filter dropping message: frame 'laser_link' at time 1481.131 for reason 'discarding message because the queue is full'
[rviz2-2] [INFO] [1773238206.204948079] [rviz2]: Message Filter dropping message: frame 'laser_link' at time 1481.161 for reason 'discarding message because the queue is full'
[rviz2-2] [INFO] [1773238206.238024453] [rviz2]: Message Filter dropping message: frame 'odom' at time 1479.520 for reason 'discarding message because the queue is full'
[rviz2-2] [INFO] [1773238206.238221712] [rviz2]: Message Filter dropping message: frame 'laser_link' at time 1481.201 for reason 'discarding message because the queue is full'
[rviz2-2] [INFO] [1773238206.270455661] [rviz2]: Message Filter dropping message: frame 'laser_link' at time 1481.231 for reason 'discarding message because the queue is full'
[rviz2-2] [INFO] [1773238206.301553575] [rviz2]: Message Filter dropping message: frame 'laser_link' at time 1481.261 for reason 'discarding message because the queue is full'
[component_container_isolated-1] [INFO] [1773238206.322850859] [global_costmap.global_costmap]: Timed out waiting for transform from base_link to map to become available, tf error: Invalid frame ID "map" passed to canTransform argument target_frame - frame does not exist
[rviz2-2] [INFO] [1773238206.333018006] [rviz2]: Message Filter dropping message: frame 'laser_link' at time 1481.291 for reason 'discarding message because the queue is full'
[rviz2-2] [INFO] [1773238206.364833252] [rviz2]: Message Filter dropping message: frame 'laser_link' at time 1481.321 for reason 'discarding message because the queue is full'
[rviz2-2] [INFO] [1773238206.397715953] [rviz2]: Message Filter dropping message: frame 'laser_link' at time 1481.361 for reason 'discarding message because the queue is full'
[rviz2-2] [INFO] [1773238206.430206171] [rviz2]: Message Filter dropping message: frame 'odom' at time 1479.720 for reason 'discarding message because the queue is full'
[rviz2-2] [INFO] [1773238206.430317599] [rviz2]: Message Filter dropping message: frame 'laser_link' at time 1481.391 for reason 'discarding message because the queue is full'
[rviz2-2] [INFO] [1773238206.461892606] [rviz2]: Message Filter dropping message: frame 'laser_link' at time 1481.421 for reason 'discarding message because the queue is full'
[rviz2-2] [INFO] [1773238206.494285422] [rviz2]: Message Filter dropping message: frame 'laser_link' at time 1481.451 for reason 'discarding message because the queue is full'
[rviz2-2] [INFO] [1773238206.526211495] [rviz2]: Message Filter dropping message: frame 'laser_link' at time 1481.481 for reason 'discarding message because the queue is full'
[rviz2-2] [INFO] [1773238206.558353742] [rviz2]: Message Filter dropping message: frame 'laser_link' at time 1481.521 for reason 'discarding message because the queue is full'
[rviz2-2] [INFO] [1773238206.590681897] [rviz2]: Message Filter dropping message: frame 'laser_link' at time 1481.551 for reason 'discarding message because the queue is full'
[rviz2-2] [INFO] [1773238206.622077839] [rviz2]: Message Filter dropping message: frame 'odom' at time 1479.920 for reason 'discarding message because the queue is full'
[rviz2-2] [INFO] [1773238206.622318319] [rviz2]: Message Filter dropping message: frame 'odom' at time 1475.738 for reason 'discarding message because the queue is full'
[rviz2-2] [INFO] [1773238206.622448582] [rviz2]: Message Filter dropping message: frame 'laser_link' at time 1481.581 for reason 'discarding message because the queue is full'
[rviz2-2] [INFO] [1773238206.653943550] [rviz2]: Message Filter dropping message: frame 'laser_link' at time 1481.611 for reason 'discarding message because the queue is full'
[rviz2-2] [INFO] [1773238206.687345101] [rviz2]: Message Filter dropping message: frame 'laser_link' at time 1481.641 for reason 'discarding message because the queue is full'
[rviz2-2] [INFO] [1773238206.718191105] [rviz2]: Message Filter dropping message: frame 'laser_link' at time 1481.681 for reason 'discarding message because the queue is full'
[rviz2-2] [INFO] [1773238206.749637812] [rviz2]: Message Filter dropping message: frame 'laser_link' at time 1481.711 for reason 'discarding message because the queue is full'
[rviz2-2] [INFO] [1773238206.781343894] [rviz2]: Message Filter dropping message: frame 'laser_link' at time 1481.741 for reason 'discarding message because the queue is full'
[rviz2-2] [INFO] [1773238206.814270588] [rviz2]: Message Filter dropping message: frame 'odom' at time 1480.120 for reason 'discarding message because the queue is full'
[rviz2-2] [INFO] [1773238206.814614641] [rviz2]: Message Filter dropping message: frame 'laser_link' at time 1481.771 for reason 'discarding message because the queue is full'
[component_container_isolated-1] [INFO] [1773238206.822856869] [global_costmap.global_costmap]: Timed out waiting for transform from base_link to map to become available, tf error: Invalid frame ID "map" passed to canTransform argument target_frame - frame does not exist
[rviz2-2] [INFO] [1773238206.846604093] [rviz2]: Message Filter dropping message: frame 'laser_link' at time 1481.801 for reason 'discarding message because the queue is full'
[rviz2-2] [INFO] [1773238206.879080715] [rviz2]: Message Filter dropping message: frame 'laser_link' at time 1481.841 for reason 'discarding message because the queue is full'
[rviz2-2] [INFO] [1773238206.910081128] [rviz2]: Message Filter dropping message: frame 'laser_link' at time 1481.871 for reason 'discarding message because the queue is full'
[rviz2-2] [INFO] [1773238206.941785346] [rviz2]: Message Filter dropping message: frame 'laser_link' at time 1481.901 for reason 'discarding message because the queue is full'
[rviz2-2] [INFO] [1773238206.975237512] [rviz2]: Message Filter dropping message: frame 'laser_link' at time 1481.931 for reason 'discarding message because the queue is full'
[rviz2-2] [INFO] [1773238207.006233817] [rviz2]: Message Filter dropping message: frame 'laser_link' at time 1481.971 for reason 'discarding message because the queue is full'
[rviz2-2] [INFO] [1773238207.038336771] [rviz2]: Message Filter dropping message: frame 'odom' at time 1480.320 for reason 'discarding message because the queue is full'
[rviz2-2] [INFO] [1773238207.038726069] [rviz2]: Message Filter dropping message: frame 'laser_link' at time 1482.001 for reason 'discarding message because the queue is full'
[rviz2-2] [INFO] [1773238207.070225776] [rviz2]: Message Filter dropping message: frame 'laser_link' at time 1482.031 for reason 'discarding message because the queue is full'
[rviz2-2] [INFO] [1773238207.100563620] [rviz2]: Message Filter dropping message: frame 'laser_link' at time 1482.061 for reason 'discarding message because the queue is full'
[rviz2-2] [INFO] [1773238207.135678936] [rviz2]: Message Filter dropping message: frame 'laser_link' at time 1482.091 for reason 'discarding message because the queue is full'
[rviz2-2] [INFO] [1773238207.166476299] [rviz2]: Message Filter dropping message: frame 'laser_link' at time 1482.121 for reason 'discarding message because the queue is full'
[rviz2-2] [INFO] [1773238207.198639516] [rviz2]: Message Filter dropping message: frame 'laser_link' at time 1482.161 for reason 'discarding message because the queue is full'
[rviz2-2] [INFO] [1773238207.229875109] [rviz2]: Message Filter dropping message: frame 'odom' at time 1480.520 for reason 'discarding message because the queue is full'
[rviz2-2] [INFO] [1773238207.230044245] [rviz2]: Message Filter dropping message: frame 'odom' at time 1476.338 for reason 'discarding message because the queue is full'
[rviz2-2] [INFO] [1773238207.230128753] [rviz2]: Message Filter dropping message: frame 'laser_link' at time 1482.191 for reason 'discarding message because the queue is full'
[rviz2-2] [INFO] [1773238207.262560262] [rviz2]: Message Filter dropping message: frame 'laser_link' at time 1482.221 for reason 'discarding message because the queue is full'
[rviz2-2] [INFO] [1773238207.294266805] [rviz2]: Message Filter dropping message: frame 'laser_link' at time 1482.251 for reason 'discarding message because the queue is full'
[component_container_isolated-1] [INFO] [1773238207.322867101] [global_costmap.global_costmap]: Timed out waiting for transform from base_link to map to become available, tf error: Invalid frame ID "map" passed to canTransform argument target_frame - frame does not exist
[rviz2-2] [INFO] [1773238207.326394074] [rviz2]: Message Filter dropping message: frame 'laser_link' at time 1482.281 for reason 'discarding message because the queue is full'
[rviz2-2] [INFO] [1773238207.358571007] [rviz2]: Message Filter dropping message: frame 'laser_link' at time 1482.321 for reason 'discarding message because the queue is full'
[rviz2-2] [INFO] [1773238207.390728974] [rviz2]: Message Filter dropping message: frame 'laser_link' at time 1482.351 for reason 'discarding message because the queue is full'
[rviz2-2] [INFO] [1773238207.423797283] [rviz2]: Message Filter dropping message: frame 'odom' at time 1480.720 for reason 'discarding message because the queue is full'
[rviz2-2] [INFO] [1773238207.424112652] [rviz2]: Message Filter dropping message: frame 'laser_link' at time 1482.381 for reason 'discarding message because the queue is full'
[rviz2-2] [INFO] [1773238207.453797777] [rviz2]: Message Filter dropping message: frame 'laser_link' at time 1482.411 for reason 'discarding message because the queue is full'
[rviz2-2] [INFO] [1773238207.486710535] [rviz2]: Message Filter dropping message: frame 'laser_link' at time 1482.441 for reason 'discarding message because the queue is full'
[rviz2-2] [INFO] [1773238207.517094756] [rviz2]: Message Filter dropping message: frame 'laser_link' at time 1482.481 for reason 'discarding message because the queue is full'
[rviz2-2] [INFO] [1773238207.551455491] [rviz2]: Message Filter dropping message: frame 'laser_link' at time 1482.511 for reason 'discarding message because the queue is full'
[rviz2-2] [INFO] [1773238207.582221085] [rviz2]: Message Filter dropping message: frame 'laser_link' at time 1482.541 for reason 'discarding message because the queue is full'
[rviz2-2] [INFO] [1773238207.614595617] [rviz2]: Message Filter dropping message: frame 'odom' at time 1480.920 for reason 'discarding message because the queue is full'
[rviz2-2] [INFO] [1773238207.614721322] [rviz2]: Message Filter dropping message: frame 'laser_link' at time 1482.571 for reason 'discarding message because the queue is full'
[rviz2-2] [INFO] [1773238207.646750478] [rviz2]: Message Filter dropping message: frame 'laser_link' at time 1482.601 for reason 'discarding message because the queue is full'
[rviz2-2] [INFO] [1773238207.678432706] [rviz2]: Message Filter dropping message: frame 'laser_link' at time 1482.641 for reason 'discarding message because the queue is full'
[rviz2-2] [INFO] [1773238207.708704307] [rviz2]: Message Filter dropping message: frame 'laser_link' at time 1482.671 for reason 'discarding message because the queue is full'
[rviz2-2] [INFO] [1773238207.741402243] [rviz2]: Message Filter dropping message: frame 'laser_link' at time 1482.701 for reason 'discarding message because the queue is full'
[rviz2-2] [INFO] [1773238207.775067919] [rviz2]: Message Filter dropping message: frame 'laser_link' at time 1482.731 for reason 'discarding message because the queue is full'
[rviz2-2] [INFO] [1773238207.806136850] [rviz2]: Message Filter dropping message: frame 'laser_link' at time 1482.761 for reason 'discarding message because the queue is full'
[component_container_isolated-1] [INFO] [1773238207.822861936] [global_costmap.global_costmap]: Timed out waiting for transform from base_link to map to become available, tf error: Invalid frame ID "map" passed to canTransform argument target_frame - frame does not exist
[rviz2-2] [INFO] [1773238207.837249353] [rviz2]: Message Filter dropping message: frame 'odom' at time 1481.120 for reason 'discarding message because the queue is full'
[rviz2-2] [INFO] [1773238207.837505010] [rviz2]: Message Filter dropping message: frame 'odom' at time 1476.938 for reason 'discarding message because the queue is full'
[rviz2-2] [INFO] [1773238207.837578358] [rviz2]: Message Filter dropping message: frame 'laser_link' at time 1482.791 for reason 'discarding message because the queue is full'
[rviz2-2] [INFO] [1773238207.870306280] [rviz2]: Message Filter dropping message: frame 'laser_link' at time 1482.831 for reason 'discarding message because the queue is full'
[rviz2-2] [INFO] [1773238207.901762926] [rviz2]: Message Filter dropping message: frame 'laser_link' at time 1482.861 for reason 'discarding message because the queue is full'
[rviz2-2] [INFO] [1773238207.932520726] [rviz2]: Message Filter dropping message: frame 'laser_link' at time 1482.891 for reason 'discarding message because the queue is full'
[rviz2-2] [INFO] [1773238207.965876282] [rviz2]: Message Filter dropping message: frame 'laser_link' at time 1482.921 for reason 'discarding message because the queue is full'
[rviz2-2] [INFO] [1773238207.999148071] [rviz2]: Message Filter dropping message: frame 'laser_link' at time 1482.961 for reason 'discarding message because the queue is full'
[component_container_isolated-1] [WARN] [1773238208.016571683] [amcl]: AMCL cannot publish a pose or update the transform. Please set the initial pose...
[rviz2-2] [INFO] [1773238208.029791467] [rviz2]: Message Filter dropping message: frame 'odom' at time 1481.320 for reason 'discarding message because the queue is full'
[rviz2-2] [INFO] [1773238208.030002642] [rviz2]: Message Filter dropping message: frame 'laser_link' at time 1482.991 for reason 'discarding message because the queue is full'
[rviz2-2] [INFO] [1773238208.062278079] [rviz2]: Message Filter dropping message: frame 'laser_link' at time 1483.021 for reason 'discarding message because the queue is full'
[rviz2-2] [INFO] [1773238208.093994471] [rviz2]: Message Filter dropping message: frame 'laser_link' at time 1483.051 for reason 'discarding message because the queue is full'
[rviz2-2] [INFO] [1773238208.124951814] [rviz2]: Message Filter dropping message: frame 'laser_link' at time 1483.081 for reason 'discarding message because the queue is full'
[rviz2-2] [INFO] [1773238208.157134547] [rviz2]: Message Filter dropping message: frame 'laser_link' at time 1483.111 for reason 'discarding message because the queue is full'
[rviz2-2] [INFO] [1773238208.191214578] [rviz2]: Message Filter dropping message: frame 'laser_link' at time 1483.151 for reason 'discarding message because the queue is full'
[rviz2-2] [INFO] [1773238208.222389107] [rviz2]: Message Filter dropping message: frame 'odom' at time 1481.520 for reason 'discarding message because the queue is full'
[rviz2-2] [INFO] [1773238208.222589963] [rviz2]: Message Filter dropping message: frame 'laser_link' at time 1483.181 for reason 'discarding message because the queue is full'
[rviz2-2] [INFO] [1773238208.253531296] [rviz2]: Message Filter dropping message: frame 'laser_link' at time 1483.211 for reason 'discarding message because the queue is full'
[rviz2-2] [INFO] [1773238208.286518624] [rviz2]: Message Filter dropping message: frame 'laser_link' at time 1483.241 for reason 'discarding message because the queue is full'
[rviz2-2] [INFO] [1773238208.319114249] [rviz2]: Message Filter dropping message: frame 'laser_link' at time 1483.281 for reason 'discarding message because the queue is full'
[component_container_isolated-1] [INFO] [1773238208.322859441] [global_costmap.global_costmap]: Timed out waiting for transform from base_link to map to become available, tf error: Invalid frame ID "map" passed to canTransform argument target_frame - frame does not exist
[rviz2-2] [INFO] [1773238208.350787030] [rviz2]: Message Filter dropping message: frame 'laser_link' at time 1483.311 for reason 'discarding message because the queue is full'
[rviz2-2] [INFO] [1773238208.383507619] [rviz2]: Message Filter dropping message: frame 'laser_link' at time 1483.341 for reason 'discarding message because the queue is full'
[rviz2-2] [INFO] [1773238208.414636432] [rviz2]: Message Filter dropping message: frame 'odom' at time 1481.720 for reason 'discarding message because the queue is full'
[rviz2-2] [INFO] [1773238208.414967050] [rviz2]: Message Filter dropping message: frame 'odom' at time 1477.538 for reason 'discarding message because the queue is full'
[rviz2-2] [INFO] [1773238208.415020460] [rviz2]: Message Filter dropping message: frame 'laser_link' at time 1483.371 for reason 'discarding message because the queue is full'
[rviz2-2] [INFO] [1773238208.446675508] [rviz2]: Message Filter dropping message: frame 'laser_link' at time 1483.401 for reason 'discarding message because the queue is full'
[rviz2-2] [INFO] [1773238208.479291040] [rviz2]: Message Filter dropping message: frame 'laser_link' at time 1483.431 for reason 'discarding message because the queue is full'
[rviz2-2] [INFO] [1773238208.510287316] [rviz2]: Message Filter dropping message: frame 'laser_link' at time 1483.471 for reason 'discarding message because the queue is full'
[rviz2-2] [INFO] [1773238208.541018326] [rviz2]: Message Filter dropping message: frame 'laser_link' at time 1483.501 for reason 'discarding message because the queue is full'
[rviz2-2] [INFO] [1773238208.574481133] [rviz2]: Message Filter dropping message: frame 'laser_link' at time 1483.531 for reason 'discarding message because the queue is full'
[rviz2-2] [INFO] [1773238208.606276252] [rviz2]: Message Filter dropping message: frame 'laser_link' at time 1483.561 for reason 'discarding message because the queue is full'
[rviz2-2] [INFO] [1773238208.637895793] [rviz2]: Message Filter dropping message: frame 'odom' at time 1481.920 for reason 'discarding message because the queue is full'
[rviz2-2] [INFO] [1773238208.637992975] [rviz2]: Message Filter dropping message: frame 'laser_link' at time 1483.601 for reason 'discarding message because the queue is full'
[rviz2-2] [INFO] [1773238208.670515483] [rviz2]: Message Filter dropping message: frame 'laser_link' at time 1483.631 for reason 'discarding message because the queue is full'
[rviz2-2] [INFO] [1773238208.702734746] [rviz2]: Message Filter dropping message: frame 'laser_link' at time 1483.661 for reason 'discarding message because the queue is full'
[rviz2-2] [INFO] [1773238208.733379865] [rviz2]: Message Filter dropping message: frame 'laser_link' at time 1483.691 for reason 'discarding message because the queue is full'
[rviz2-2] [INFO] [1773238208.765105053] [rviz2]: Message Filter dropping message: frame 'laser_link' at time 1483.721 for reason 'discarding message because the queue is full'
[rviz2-2] [INFO] [1773238208.796940147] [rviz2]: Message Filter dropping message: frame 'laser_link' at time 1483.761 for reason 'discarding message because the queue is full'
[component_container_isolated-1] [INFO] [1773238208.822855755] [global_costmap.global_costmap]: Timed out waiting for transform from base_link to map to become available, tf error: Invalid frame ID "map" passed to canTransform argument target_frame - frame does not exist
[rviz2-2] [INFO] [1773238208.829235161] [rviz2]: Message Filter dropping message: frame 'odom' at time 1482.120 for reason 'discarding message because the queue is full'
[rviz2-2] [INFO] [1773238208.829422771] [rviz2]: Message Filter dropping message: frame 'laser_link' at time 1483.791 for reason 'discarding message because the queue is full'
[rviz2-2] [INFO] [1773238208.863131919] [rviz2]: Message Filter dropping message: frame 'laser_link' at time 1483.821 for reason 'discarding message because the queue is full'
[rviz2-2] [INFO] [1773238208.894221269] [rviz2]: Message Filter dropping message: frame 'laser_link' at time 1483.851 for reason 'discarding message because the queue is full'
[rviz2-2] [INFO] [1773238208.925835259] [rviz2]: Message Filter dropping message: frame 'laser_link' at time 1483.881 for reason 'discarding message because the queue is full'
[rviz2-2] [INFO] [1773238208.958759419] [rviz2]: Message Filter dropping message: frame 'laser_link' at time 1483.911 for reason 'discarding message because the queue is full'
[rviz2-2] [INFO] [1773238208.991729865] [rviz2]: Message Filter dropping message: frame 'laser_link' at time 1483.951 for reason 'discarding message because the queue is full'
[rviz2-2] [INFO] [1773238209.021298713] [rviz2]: Message Filter dropping message: frame 'odom' at time 1482.320 for reason 'discarding message because the queue is full'
[rviz2-2] [INFO] [1773238209.021495741] [rviz2]: Message Filter dropping message: frame 'odom' at time 1478.138 for reason 'discarding message because the queue is full'
[rviz2-2] [INFO] [1773238209.021544332] [rviz2]: Message Filter dropping message: frame 'laser_link' at time 1483.981 for reason 'discarding message because the queue is full'
[rviz2-2] [INFO] [1773238209.053631267] [rviz2]: Message Filter dropping message: frame 'laser_link' at time 1484.011 for reason 'discarding message because the queue is full'
[rviz2-2] [INFO] [1773238209.086850890] [rviz2]: Message Filter dropping message: frame 'laser_link' at time 1484.041 for reason 'discarding message because the queue is full'
[rviz2-2] [INFO] [1773238209.118090010] [rviz2]: Message Filter dropping message: frame 'laser_link' at time 1484.071 for reason 'discarding message because the queue is full'
[rviz2-2] [INFO] [1773238209.150519064] [rviz2]: Message Filter dropping message: frame 'laser_link' at time 1484.111 for reason 'discarding message because the queue is full'
[rviz2-2] [INFO] [1773238209.182003253] [rviz2]: Message Filter dropping message: frame 'laser_link' at time 1484.141 for reason 'discarding message because the queue is full'
[rviz2-2] [INFO] [1773238209.213205844] [rviz2]: Message Filter dropping message: frame 'odom' at time 1482.520 for reason 'discarding message because the queue is full'
[rviz2-2] [INFO] [1773238209.213378928] [rviz2]: Message Filter dropping message: frame 'laser_link' at time 1484.171 for reason 'discarding message because the queue is full'
[rviz2-2] [INFO] [1773238209.245734625] [rviz2]: Message Filter dropping message: frame 'laser_link' at time 1484.201 for reason 'discarding message because the queue is full'
[rviz2-2] [INFO] [1773238209.278920595] [rviz2]: Message Filter dropping message: frame 'laser_link' at time 1484.241 for reason 'discarding message because the queue is full'
[rviz2-2] [INFO] [1773238209.310269791] [rviz2]: Message Filter dropping message: frame 'laser_link' at time 1484.271 for reason 'discarding message because the queue is full'
[component_container_isolated-1] [INFO] [1773238209.322856321] [global_costmap.global_costmap]: Timed out waiting for transform from base_link to map to become available, tf error: Invalid frame ID "map" passed to canTransform argument target_frame - frame does not exist
[rviz2-2] [INFO] [1773238209.340763648] [rviz2]: Message Filter dropping message: frame 'laser_link' at time 1484.301 for reason 'discarding message because the queue is full'
[rviz2-2] [INFO] [1773238209.374332113] [rviz2]: Message Filter dropping message: frame 'laser_link' at time 1484.331 for reason 'discarding message because the queue is full'
[rviz2-2] [INFO] [1773238209.406626235] [rviz2]: Message Filter dropping message: frame 'laser_link' at time 1484.361 for reason 'discarding message because the queue is full'
[rviz2-2] [INFO] [1773238209.437912934] [rviz2]: Message Filter dropping message: frame 'odom' at time 1482.720 for reason 'discarding message because the queue is full'
[rviz2-2] [INFO] [1773238209.438130541] [rviz2]: Message Filter dropping message: frame 'laser_link' at time 1484.391 for reason 'discarding message because the queue is full'
[rviz2-2] [INFO] [1773238209.470424292] [rviz2]: Message Filter dropping message: frame 'laser_link' at time 1484.431 for reason 'discarding message because the queue is full'
[rviz2-2] [INFO] [1773238209.501785381] [rviz2]: Message Filter dropping message: frame 'laser_link' at time 1484.461 for reason 'discarding message because the queue is full'
[rviz2-2] [INFO] [1773238209.534180682] [rviz2]: Message Filter dropping message: frame 'laser_link' at time 1484.491 for reason 'discarding message because the queue is full'
[rviz2-2] [INFO] [1773238209.565953500] [rviz2]: Message Filter dropping message: frame 'laser_link' at time 1484.521 for reason 'discarding message because the queue is full'
[rviz2-2] [INFO] [1773238209.597826485] [rviz2]: Message Filter dropping message: frame 'laser_link' at time 1484.561 for reason 'discarding message because the queue is full'
[rviz2-2] [INFO] [1773238209.630484578] [rviz2]: Message Filter dropping message: frame 'odom' at time 1482.920 for reason 'discarding message because the queue is full'
[rviz2-2] [INFO] [1773238209.630678641] [rviz2]: Message Filter dropping message: frame 'odom' at time 1478.738 for reason 'discarding message because the queue is full'
[rviz2-2] [INFO] [1773238209.630825205] [rviz2]: Message Filter dropping message: frame 'laser_link' at time 1484.591 for reason 'discarding message because the queue is full'
[rviz2-2] [INFO] [1773238209.662489029] [rviz2]: Message Filter dropping message: frame 'laser_link' at time 1484.621 for reason 'discarding message because the queue is full'
[rviz2-2] [INFO] [1773238209.694191735] [rviz2]: Message Filter dropping message: frame 'laser_link' at time 1484.651 for reason 'discarding message because the queue is full'
[rviz2-2] [INFO] [1773238209.726383446] [rviz2]: Message Filter dropping message: frame 'laser_link' at time 1484.681 for reason 'discarding message because the queue is full'
[rviz2-2] [INFO] [1773238209.758265489] [rviz2]: Message Filter dropping message: frame 'laser_link' at time 1484.711 for reason 'discarding message because the queue is full'
[rviz2-2] [INFO] [1773238209.790169532] [rviz2]: Message Filter dropping message: frame 'laser_link' at time 1484.751 for reason 'discarding message because the queue is full'
[rviz2-2] [INFO] [1773238209.822329603] [rviz2]: Message Filter dropping message: frame 'odom' at time 1483.120 for reason 'discarding message because the queue is full'
[rviz2-2] [INFO] [1773238209.822417758] [rviz2]: Message Filter dropping message: frame 'laser_link' at time 1484.781 for reason 'discarding message because the queue is full'
[component_container_isolated-1] [INFO] [1773238209.822869012] [global_costmap.global_costmap]: Timed out waiting for transform from base_link to map to become available, tf error: Invalid frame ID "map" passed to canTransform argument target_frame - frame does not exist
[rviz2-2] [INFO] [1773238209.853728262] [rviz2]: Message Filter dropping message: frame 'laser_link' at time 1484.811 for reason 'discarding message because the queue is full'
[rviz2-2] [INFO] [1773238209.887120788] [rviz2]: Message Filter dropping message: frame 'laser_link' at time 1484.841 for reason 'discarding message because the queue is full'
[rviz2-2] [INFO] [1773238209.918611318] [rviz2]: Message Filter dropping message: frame 'laser_link' at time 1484.871 for reason 'discarding message because the queue is full'
[rviz2-2] [INFO] [1773238209.950284109] [rviz2]: Message Filter dropping message: frame 'laser_link' at time 1484.911 for reason 'discarding message because the queue is full'
[rviz2-2] [INFO] [1773238209.982440453] [rviz2]: Message Filter dropping message: frame 'laser_link' at time 1484.941 for reason 'discarding message because the queue is full'
[rviz2-2] [INFO] [1773238210.014341220] [rviz2]: Message Filter dropping message: frame 'odom' at time 1483.320 for reason 'discarding message because the queue is full'
[rviz2-2] [INFO] [1773238210.014556894] [rviz2]: Message Filter dropping message: frame 'laser_link' at time 1484.971 for reason 'discarding message because the queue is full'
[rviz2-2] [INFO] [1773238210.046190462] [rviz2]: Message Filter dropping message: frame 'laser_link' at time 1485.001 for reason 'discarding message because the queue is full'
[rviz2-2] [INFO] [1773238210.078524239] [rviz2]: Message Filter dropping message: frame 'laser_link' at time 1485.031 for reason 'discarding message because the queue is full'
[rviz2-2] [INFO] [1773238210.111173435] [rviz2]: Message Filter dropping message: frame 'laser_link' at time 1485.071 for reason 'discarding message because the queue is full'
[component_container_isolated-1] [WARN] [1773238210.117120272] [amcl]: AMCL cannot publish a pose or update the transform. Please set the initial pose...
[rviz2-2] [INFO] [1773238210.141764634] [rviz2]: Message Filter dropping message: frame 'laser_link' at time 1485.101 for reason 'discarding message because the queue is full'
[rviz2-2] [INFO] [1773238210.175132424] [rviz2]: Message Filter dropping message: frame 'laser_link' at time 1485.131 for reason 'discarding message because the queue is full'
[rviz2-2] [INFO] [1773238210.206007875] [rviz2]: Message Filter dropping message: frame 'laser_link' at time 1485.161 for reason 'discarding message because the queue is full'
[rviz2-2] [INFO] [1773238210.238093127] [rviz2]: Message Filter dropping message: frame 'odom' at time 1483.520 for reason 'discarding message because the queue is full'
[rviz2-2] [INFO] [1773238210.238352993] [rviz2]: Message Filter dropping message: frame 'odom' at time 1479.338 for reason 'discarding message because the queue is full'
[rviz2-2] [INFO] [1773238210.238459953] [rviz2]: Message Filter dropping message: frame 'laser_link' at time 1485.201 for reason 'discarding message because the queue is full'
[rviz2-2] [INFO] [1773238210.269879932] [rviz2]: Message Filter dropping message: frame 'laser_link' at time 1485.231 for reason 'discarding message because the queue is full'
[rviz2-2] [INFO] [1773238210.301922234] [rviz2]: Message Filter dropping message: frame 'laser_link' at time 1485.261 for reason 'discarding message because the queue is full'
[component_container_isolated-1] [INFO] [1773238210.322849687] [global_costmap.global_costmap]: Timed out waiting for transform from base_link to map to become available, tf error: Invalid frame ID "map" passed to canTransform argument target_frame - frame does not exist
[rviz2-2] [INFO] [1773238210.335074931] [rviz2]: Message Filter dropping message: frame 'laser_link' at time 1485.291 for reason 'discarding message because the queue is full'
[rviz2-2] [INFO] [1773238210.365856386] [rviz2]: Message Filter dropping message: frame 'laser_link' at time 1485.321 for reason 'discarding message because the queue is full'
[rviz2-2] [INFO] [1773238210.399120422] [rviz2]: Message Filter dropping message: frame 'laser_link' at time 1485.361 for reason 'discarding message because the queue is full'
[rviz2-2] [INFO] [1773238210.431559506] [rviz2]: Message Filter dropping message: frame 'odom' at time 1483.720 for reason 'discarding message because the queue is full'
[rviz2-2] [INFO] [1773238210.431763307] [rviz2]: Message Filter dropping message: frame 'laser_link' at time 1485.391 for reason 'discarding message because the queue is full'
[rviz2-2] [INFO] [1773238210.462707046] [rviz2]: Message Filter dropping message: frame 'laser_link' at time 1485.421 for reason 'discarding message because the queue is full'
[rviz2-2] [INFO] [1773238210.494093542] [rviz2]: Message Filter dropping message: frame 'laser_link' at time 1485.451 for reason 'discarding message because the queue is full'
[rviz2-2] [INFO] [1773238210.526391101] [rviz2]: Message Filter dropping message: frame 'laser_link' at time 1485.481 for reason 'discarding message because the queue is full'
[rviz2-2] [INFO] [1773238210.559522368] [rviz2]: Message Filter dropping message: frame 'laser_link' at time 1485.511 for reason 'discarding message because the queue is full'
[rviz2-2] [INFO] [1773238210.590121292] [rviz2]: Message Filter dropping message: frame 'laser_link' at time 1485.551 for reason 'discarding message because the queue is full'
[rviz2-2] [INFO] [1773238210.622363628] [rviz2]: Message Filter dropping message: frame 'odom' at time 1483.920 for reason 'discarding message because the queue is full'
[rviz2-2] [INFO] [1773238210.622451693] [rviz2]: Message Filter dropping message: frame 'laser_link' at time 1485.581 for reason 'discarding message because the queue is full'
[rviz2-2] [INFO] [1773238210.655498302] [rviz2]: Message Filter dropping message: frame 'laser_link' at time 1485.611 for reason 'discarding message because the queue is full'
[rviz2-2] [INFO] [1773238210.686030141] [rviz2]: Message Filter dropping message: frame 'laser_link' at time 1485.641 for reason 'discarding message because the queue is full'
[rviz2-2] [INFO] [1773238210.718374577] [rviz2]: Message Filter dropping message: frame 'laser_link' at time 1485.681 for reason 'discarding message because the queue is full'
[rviz2-2] [INFO] [1773238210.750162794] [rviz2]: Message Filter dropping message: frame 'laser_link' at time 1485.711 for reason 'discarding message because the queue is full'
[rviz2-2] [INFO] [1773238210.783120458] [rviz2]: Message Filter dropping message: frame 'laser_link' at time 1485.741 for reason 'discarding message because the queue is full'
[rviz2-2] [INFO] [1773238210.814793800] [rviz2]: Message Filter dropping message: frame 'odom' at time 1484.120 for reason 'discarding message because the queue is full'
[rviz2-2] [INFO] [1773238210.814894618] [rviz2]: Message Filter dropping message: frame 'odom' at time 1480.038 for reason 'discarding message because the queue is full'
[rviz2-2] [INFO] [1773238210.814938350] [rviz2]: Message Filter dropping message: frame 'laser_link' at time 1485.771 for reason 'discarding message because the queue is full'
[component_container_isolated-1] [INFO] [1773238210.822849630] [global_costmap.global_costmap]: Timed out waiting for transform from base_link to map to become available, tf error: Invalid frame ID "map" passed to canTransform argument target_frame - frame does not exist
[rviz2-2] [INFO] [1773238210.846305290] [rviz2]: Message Filter dropping message: frame 'laser_link' at time 1485.801 for reason 'discarding message because the queue is full'
[rviz2-2] [INFO] [1773238210.880668130] [rviz2]: Message Filter dropping message: frame 'laser_link' at time 1485.841 for reason 'discarding message because the queue is full'
[rviz2-2] [INFO] [1773238210.911611798] [rviz2]: Message Filter dropping message: frame 'laser_link' at time 1485.871 for reason 'discarding message because the queue is full'
[rviz2-2] [INFO] [1773238210.942878229] [rviz2]: Message Filter dropping message: frame 'laser_link' at time 1485.901 for reason 'discarding message because the queue is full'
[rviz2-2] [INFO] [1773238210.974410528] [rviz2]: Message Filter dropping message: frame 'laser_link' at time 1485.931 for reason 'discarding message because the queue is full'
[rviz2-2] [INFO] [1773238211.007440036] [rviz2]: Message Filter dropping message: frame 'laser_link' at time 1485.961 for reason 'discarding message because the queue is full'
[rviz2-2] [INFO] [1773238211.038594528] [rviz2]: Message Filter dropping message: frame 'odom' at time 1484.320 for reason 'discarding message because the queue is full'
[rviz2-2] [INFO] [1773238211.038685649] [rviz2]: Message Filter dropping message: frame 'laser_link' at time 1485.991 for reason 'discarding message because the queue is full'
[rviz2-2] [INFO] [1773238211.071328243] [rviz2]: Message Filter dropping message: frame 'laser_link' at time 1486.031 for reason 'discarding message because the queue is full'
[rviz2-2] [INFO] [1773238211.102373271] [rviz2]: Message Filter dropping message: frame 'laser_link' at time 1486.061 for reason 'discarding message because the queue is full'
[rviz2-2] [INFO] [1773238211.135997772] [rviz2]: Message Filter dropping message: frame 'laser_link' at time 1486.091 for reason 'discarding message because the queue is full'
[rviz2-2] [INFO] [1773238211.166782653] [rviz2]: Message Filter dropping message: frame 'laser_link' at time 1486.121 for reason 'discarding message because the queue is full'
[rviz2-2] [INFO] [1773238211.197768230] [rviz2]: Message Filter dropping message: frame 'laser_link' at time 1486.161 for reason 'discarding message because the queue is full'
[rviz2-2] [INFO] [1773238211.233554362] [rviz2]: Message Filter dropping message: frame 'odom' at time 1484.520 for reason 'discarding message because the queue is full'
[rviz2-2] [INFO] [1773238211.233888036] [rviz2]: Message Filter dropping message: frame 'laser_link' at time 1486.191 for reason 'discarding message because the queue is full'
[rviz2-2] [INFO] [1773238211.262106229] [rviz2]: Message Filter dropping message: frame 'laser_link' at time 1486.221 for reason 'discarding message because the queue is full'
[rviz2-2] [INFO] [1773238211.294220576] [rviz2]: Message Filter dropping message: frame 'laser_link' at time 1486.251 for reason 'discarding message because the queue is full'
[component_container_isolated-1] [INFO] [1773238211.322859355] [global_costmap.global_costmap]: Timed out waiting for transform from base_link to map to become available, tf error: Invalid frame ID "map" passed to canTransform argument target_frame - frame does not exist
[rviz2-2] [INFO] [1773238211.326543313] [rviz2]: Message Filter dropping message: frame 'laser_link' at time 1486.281 for reason 'discarding message because the queue is full'
[rviz2-2] [INFO] [1773238211.358042610] [rviz2]: Message Filter dropping message: frame 'laser_link' at time 1486.311 for reason 'discarding message because the queue is full'
[rviz2-2] [INFO] [1773238211.390520356] [rviz2]: Message Filter dropping message: frame 'laser_link' at time 1486.351 for reason 'discarding message because the queue is full'
[rviz2-2] [INFO] [1773238211.421891494] [rviz2]: Message Filter dropping message: frame 'odom' at time 1484.720 for reason 'discarding message because the queue is full'
[rviz2-2] [INFO] [1773238211.422130962] [rviz2]: Message Filter dropping message: frame 'odom' at time 1480.638 for reason 'discarding message because the queue is full'
[rviz2-2] [INFO] [1773238211.422210741] [rviz2]: Message Filter dropping message: frame 'laser_link' at time 1486.381 for reason 'discarding message because the queue is full'
[rviz2-2] [INFO] [1773238211.455219630] [rviz2]: Message Filter dropping message: frame 'laser_link' at time 1486.411 for reason 'discarding message because the queue is full'
[rviz2-2] [INFO] [1773238211.486507402] [rviz2]: Message Filter dropping message: frame 'laser_link' at time 1486.441 for reason 'discarding message because the queue is full'
[rviz2-2] [INFO] [1773238211.518501424] [rviz2]: Message Filter dropping message: frame 'laser_link' at time 1486.471 for reason 'discarding message because the queue is full'
[rviz2-2] [INFO] [1773238211.550290223] [rviz2]: Message Filter dropping message: frame 'laser_link' at time 1486.511 for reason 'discarding message because the queue is full'
[rviz2-2] [INFO] [1773238211.583142219] [rviz2]: Message Filter dropping message: frame 'laser_link' at time 1486.541 for reason 'discarding message because the queue is full'
[rviz2-2] [INFO] [1773238211.613511914] [rviz2]: Message Filter dropping message: frame 'odom' at time 1484.920 for reason 'discarding message because the queue is full'
[rviz2-2] [INFO] [1773238211.613800814] [rviz2]: Message Filter dropping message: frame 'laser_link' at time 1486.571 for reason 'discarding message because the queue is full'
[rviz2-2] [INFO] [1773238211.646628796] [rviz2]: Message Filter dropping message: frame 'laser_link' at time 1486.601 for reason 'discarding message because the queue is full'
[rviz2-2] [INFO] [1773238211.679062580] [rviz2]: Message Filter dropping message: frame 'laser_link' at time 1486.631 for reason 'discarding message because the queue is full'
[rviz2-2] [INFO] [1773238211.709889961] [rviz2]: Message Filter dropping message: frame 'laser_link' at time 1486.671 for reason 'discarding message because the queue is full'
[rviz2-2] [INFO] [1773238211.742542985] [rviz2]: Message Filter dropping message: frame 'laser_link' at time 1486.701 for reason 'discarding message because the queue is full'
[rviz2-2] [INFO] [1773238211.775630942] [rviz2]: Message Filter dropping message: frame 'laser_link' at time 1486.731 for reason 'discarding message because the queue is full'
[rviz2-2] [INFO] [1773238211.806437414] [rviz2]: Message Filter dropping message: frame 'laser_link' at time 1486.761 for reason 'discarding message because the queue is full'
[component_container_isolated-1] [INFO] [1773238211.822855227] [global_costmap.global_costmap]: Timed out waiting for transform from base_link to map to become available, tf error: Invalid frame ID "map" passed to canTransform argument target_frame - frame does not exist
[rviz2-2] [INFO] [1773238211.838089948] [rviz2]: Message Filter dropping message: frame 'odom' at time 1485.120 for reason 'discarding message because the queue is full'
[rviz2-2] [INFO] [1773238211.838213339] [rviz2]: Message Filter dropping message: frame 'laser_link' at time 1486.791 for reason 'discarding message because the queue is full'
[rviz2-2] [INFO] [1773238211.870703368] [rviz2]: Message Filter dropping message: frame 'laser_link' at time 1486.831 for reason 'discarding message because the queue is full'
[rviz2-2] [INFO] [1773238211.902852360] [rviz2]: Message Filter dropping message: frame 'laser_link' at time 1486.861 for reason 'discarding message because the queue is full'
[rviz2-2] [INFO] [1773238211.934368759] [rviz2]: Message Filter dropping message: frame 'laser_link' at time 1486.891 for reason 'discarding message because the queue is full'
[rviz2-2] [INFO] [1773238211.966683321] [rviz2]: Message Filter dropping message: frame 'laser_link' at time 1486.921 for reason 'discarding message because the queue is full'
[rviz2-2] [INFO] [1773238211.998377452] [rviz2]: Message Filter dropping message: frame 'laser_link' at time 1486.951 for reason 'discarding message because the queue is full'
[rviz2-2] [INFO] [1773238212.029256150] [rviz2]: Message Filter dropping message: frame 'odom' at time 1485.320 for reason 'discarding message because the queue is full'
[rviz2-2] [INFO] [1773238212.029515605] [rviz2]: Message Filter dropping message: frame 'odom' at time 1481.238 for reason 'discarding message because the queue is full'
[rviz2-2] [INFO] [1773238212.029618858] [rviz2]: Message Filter dropping message: frame 'laser_link' at time 1486.981 for reason 'discarding message because the queue is full'
[rviz2-2] [INFO] [1773238212.062131450] [rviz2]: Message Filter dropping message: frame 'laser_link' at time 1487.021 for reason 'discarding message because the queue is full'
[rviz2-2] [INFO] [1773238212.094602845] [rviz2]: Message Filter dropping message: frame 'laser_link' at time 1487.051 for reason 'discarding message because the queue is full'
[rviz2-2] [INFO] [1773238212.126126458] [rviz2]: Message Filter dropping message: frame 'laser_link' at time 1487.081 for reason 'discarding message because the queue is full'
[rviz2-2] [INFO] [1773238212.158688633] [rviz2]: Message Filter dropping message: frame 'laser_link' at time 1487.111 for reason 'discarding message because the queue is full'
[rviz2-2] [INFO] [1773238212.192231110] [rviz2]: Message Filter dropping message: frame 'laser_link' at time 1487.151 for reason 'discarding message because the queue is full'
[component_container_isolated-1] [WARN] [1773238212.218950201] [amcl]: AMCL cannot publish a pose or update the transform. Please set the initial pose...
[rviz2-2] [INFO] [1773238212.223248296] [rviz2]: Message Filter dropping message: frame 'odom' at time 1485.520 for reason 'discarding message because the queue is full'
[rviz2-2] [INFO] [1773238212.223351980] [rviz2]: Message Filter dropping message: frame 'laser_link' at time 1487.181 for reason 'discarding message because the queue is full'
[rviz2-2] [INFO] [1773238212.253630796] [rviz2]: Message Filter dropping message: frame 'laser_link' at time 1487.211 for reason 'discarding message because the queue is full'
[rviz2-2] [INFO] [1773238212.287059050] [rviz2]: Message Filter dropping message: frame 'laser_link' at time 1487.241 for reason 'discarding message because the queue is full'
[rviz2-2] [INFO] [1773238212.319404950] [rviz2]: Message Filter dropping message: frame 'laser_link' at time 1487.271 for reason 'discarding message because the queue is full'
[component_container_isolated-1] [INFO] [1773238212.322850682] [global_costmap.global_costmap]: Timed out waiting for transform from base_link to map to become available, tf error: Invalid frame ID "map" passed to canTransform argument target_frame - frame does not exist
[rviz2-2] [INFO] [1773238212.349923995] [rviz2]: Message Filter dropping message: frame 'laser_link' at time 1487.301 for reason 'discarding message because the queue is full'
[rviz2-2] [INFO] [1773238212.382102272] [rviz2]: Message Filter dropping message: frame 'laser_link' at time 1487.341 for reason 'discarding message because the queue is full'
[rviz2-2] [INFO] [1773238212.414768421] [rviz2]: Message Filter dropping message: frame 'odom' at time 1485.720 for reason 'discarding message because the queue is full'
[rviz2-2] [INFO] [1773238212.414868178] [rviz2]: Message Filter dropping message: frame 'laser_link' at time 1487.371 for reason 'discarding message because the queue is full'
[rviz2-2] [INFO] [1773238212.446443037] [rviz2]: Message Filter dropping message: frame 'laser_link' at time 1487.401 for reason 'discarding message because the queue is full'
[rviz2-2] [INFO] [1773238212.479219863] [rviz2]: Message Filter dropping message: frame 'laser_link' at time 1487.431 for reason 'discarding message because the queue is full'
[rviz2-2] [INFO] [1773238212.510418518] [rviz2]: Message Filter dropping message: frame 'laser_link' at time 1487.471 for reason 'discarding message because the queue is full'
[rviz2-2] [INFO] [1773238212.541808482] [rviz2]: Message Filter dropping message: frame 'laser_link' at time 1487.501 for reason 'discarding message because the queue is full'
[rviz2-2] [INFO] [1773238212.574830406] [rviz2]: Message Filter dropping message: frame 'laser_link' at time 1487.531 for reason 'discarding message because the queue is full'
[rviz2-2] [INFO] [1773238212.605844096] [rviz2]: Message Filter dropping message: frame 'laser_link' at time 1487.561 for reason 'discarding message because the queue is full'
[rviz2-2] [INFO] [1773238212.639425255] [rviz2]: Message Filter dropping message: frame 'odom' at time 1485.920 for reason 'discarding message because the queue is full'
[rviz2-2] [INFO] [1773238212.639534800] [rviz2]: Message Filter dropping message: frame 'odom' at time 1481.838 for reason 'discarding message because the queue is full'
[rviz2-2] [INFO] [1773238212.639579474] [rviz2]: Message Filter dropping message: frame 'laser_link' at time 1487.591 for reason 'discarding message because the queue is full'
[rviz2-2] [INFO] [1773238212.669853110] [rviz2]: Message Filter dropping message: frame 'laser_link' at time 1487.621 for reason 'discarding message because the queue is full'
[rviz2-2] [INFO] [1773238212.701396520] [rviz2]: Message Filter dropping message: frame 'laser_link' at time 1487.661 for reason 'discarding message because the queue is full'
[rviz2-2] [INFO] [1773238212.734068881] [rviz2]: Message Filter dropping message: frame 'laser_link' at time 1487.691 for reason 'discarding message because the queue is full'
[rviz2-2] [INFO] [1773238212.766007470] [rviz2]: Message Filter dropping message: frame 'laser_link' at time 1487.721 for reason 'discarding message because the queue is full'
[rviz2-2] [INFO] [1773238212.797998597] [rviz2]: Message Filter dropping message: frame 'laser_link' at time 1487.751 for reason 'discarding message because the queue is full'
[component_container_isolated-1] [INFO] [1773238212.822865415] [global_costmap.global_costmap]: Timed out waiting for transform from base_link to map to become available, tf error: Invalid frame ID "map" passed to canTransform argument target_frame - frame does not exist
[rviz2-2] [INFO] [1773238212.829410621] [rviz2]: Message Filter dropping message: frame 'odom' at time 1486.120 for reason 'discarding message because the queue is full'
[rviz2-2] [INFO] [1773238212.829641994] [rviz2]: Message Filter dropping message: frame 'laser_link' at time 1487.781 for reason 'discarding message because the queue is full'
[rviz2-2] [INFO] [1773238212.862163282] [rviz2]: Message Filter dropping message: frame 'laser_link' at time 1487.821 for reason 'discarding message because the queue is full'
[rviz2-2] [INFO] [1773238212.894798994] [rviz2]: Message Filter dropping message: frame 'laser_link' at time 1487.851 for reason 'discarding message because the queue is full'
[rviz2-2] [INFO] [1773238212.926242327] [rviz2]: Message Filter dropping message: frame 'laser_link' at time 1487.881 for reason 'discarding message because the queue is full'
[rviz2-2] [INFO] [1773238212.958914237] [rviz2]: Message Filter dropping message: frame 'laser_link' at time 1487.911 for reason 'discarding message because the queue is full'
[rviz2-2] [INFO] [1773238212.990168877] [rviz2]: Message Filter dropping message: frame 'laser_link' at time 1487.941 for reason 'discarding message because the queue is full'
[rviz2-2] [INFO] [1773238213.021521541] [rviz2]: Message Filter dropping message: frame 'odom' at time 1486.320 for reason 'discarding message because the queue is full'
[rviz2-2] [INFO] [1773238213.021795633] [rviz2]: Message Filter dropping message: frame 'laser_link' at time 1487.981 for reason 'discarding message because the queue is full'
[rviz2-2] [INFO] [1773238213.053931381] [rviz2]: Message Filter dropping message: frame 'laser_link' at time 1488.011 for reason 'discarding message because the queue is full'
[rviz2-2] [INFO] [1773238213.086242727] [rviz2]: Message Filter dropping message: frame 'laser_link' at time 1488.041 for reason 'discarding message because the queue is full'
[rviz2-2] [INFO] [1773238213.118615448] [rviz2]: Message Filter dropping message: frame 'laser_link' at time 1488.071 for reason 'discarding message because the queue is full'
[rviz2-2] [INFO] [1773238213.150020210] [rviz2]: Message Filter dropping message: frame 'laser_link' at time 1488.101 for reason 'discarding message because the queue is full'
[rviz2-2] [INFO] [1773238213.183175614] [rviz2]: Message Filter dropping message: frame 'laser_link' at time 1488.141 for reason 'discarding message because the queue is full'
[rviz2-2] [INFO] [1773238213.214378728] [rviz2]: Message Filter dropping message: frame 'odom' at time 1486.520 for reason 'discarding message because the queue is full'
[rviz2-2] [INFO] [1773238213.214598389] [rviz2]: Message Filter dropping message: frame 'odom' at time 1482.438 for reason 'discarding message because the queue is full'
[rviz2-2] [INFO] [1773238213.214677346] [rviz2]: Message Filter dropping message: frame 'laser_link' at time 1488.171 for reason 'discarding message because the queue is full'
[rviz2-2] [INFO] [1773238213.245789972] [rviz2]: Message Filter dropping message: frame 'laser_link' at time 1488.201 for reason 'discarding message because the queue is full'
[rviz2-2] [INFO] [1773238213.277671114] [rviz2]: Message Filter dropping message: frame 'laser_link' at time 1488.231 for reason 'discarding message because the queue is full'
[rviz2-2] [INFO] [1773238213.311566952] [rviz2]: Message Filter dropping message: frame 'laser_link' at time 1488.261 for reason 'discarding message because the queue is full'
[component_container_isolated-1] [INFO] [1773238213.322850867] [global_costmap.global_costmap]: Timed out waiting for transform from base_link to map to become available, tf error: Invalid frame ID "map" passed to canTransform argument target_frame - frame does not exist
[rviz2-2] [INFO] [1773238213.342470356] [rviz2]: Message Filter dropping message: frame 'laser_link' at time 1488.301 for reason 'discarding message because the queue is full'
[rviz2-2] [INFO] [1773238213.374045305] [rviz2]: Message Filter dropping message: frame 'laser_link' at time 1488.331 for reason 'discarding message because the queue is full'
[rviz2-2] [INFO] [1773238213.405927569] [rviz2]: Message Filter dropping message: frame 'laser_link' at time 1488.361 for reason 'discarding message because the queue is full'
[rviz2-2] [INFO] [1773238213.438498631] [rviz2]: Message Filter dropping message: frame 'odom' at time 1486.720 for reason 'discarding message because the queue is full'
[rviz2-2] [INFO] [1773238213.438728821] [rviz2]: Message Filter dropping message: frame 'laser_link' at time 1488.391 for reason 'discarding message because the queue is full'
[rviz2-2] [INFO] [1773238213.469613901] [rviz2]: Message Filter dropping message: frame 'laser_link' at time 1488.421 for reason 'discarding message because the queue is full'
[rviz2-2] [INFO] [1773238213.502668487] [rviz2]: Message Filter dropping message: frame 'laser_link' at time 1488.461 for reason 'discarding message because the queue is full'
[rviz2-2] [INFO] [1773238213.533802602] [rviz2]: Message Filter dropping message: frame 'laser_link' at time 1488.491 for reason 'discarding message because the queue is full'
[rviz2-2] [INFO] [1773238213.565951264] [rviz2]: Message Filter dropping message: frame 'laser_link' at time 1488.521 for reason 'discarding message because the queue is full'
[rviz2-2] [INFO] [1773238213.597877470] [rviz2]: Message Filter dropping message: frame 'laser_link' at time 1488.551 for reason 'discarding message because the queue is full'
[rviz2-2] [INFO] [1773238213.630184518] [rviz2]: Message Filter dropping message: frame 'odom' at time 1486.920 for reason 'discarding message because the queue is full'
[rviz2-2] [INFO] [1773238213.630455856] [rviz2]: Message Filter dropping message: frame 'laser_link' at time 1488.591 for reason 'discarding message because the queue is full'
[rviz2-2] [INFO] [1773238213.662329343] [rviz2]: Message Filter dropping message: frame 'laser_link' at time 1488.621 for reason 'discarding message because the queue is full'
[rviz2-2] [INFO] [1773238213.694509143] [rviz2]: Message Filter dropping message: frame 'laser_link' at time 1488.651 for reason 'discarding message because the queue is full'
[rviz2-2] [INFO] [1773238213.727389123] [rviz2]: Message Filter dropping message: frame 'laser_link' at time 1488.681 for reason 'discarding message because the queue is full'
[rviz2-2] [INFO] [1773238213.757902998] [rviz2]: Message Filter dropping message: frame 'laser_link' at time 1488.711 for reason 'discarding message because the queue is full'
[rviz2-2] [INFO] [1773238213.790645801] [rviz2]: Message Filter dropping message: frame 'laser_link' at time 1488.741 for reason 'discarding message because the queue is full'
[component_container_isolated-1] [INFO] [1773238213.822865025] [global_costmap.global_costmap]: Timed out waiting for transform from base_link to map to become available, tf error: Invalid frame ID "map" passed to canTransform argument target_frame - frame does not exist
[rviz2-2] [INFO] [1773238213.822905571] [rviz2]: Message Filter dropping message: frame 'odom' at time 1487.120 for reason 'discarding message because the queue is full'
[rviz2-2] [INFO] [1773238213.823100565] [rviz2]: Message Filter dropping message: frame 'odom' at time 1483.038 for reason 'discarding message because the queue is full'
[rviz2-2] [INFO] [1773238213.823187909] [rviz2]: Message Filter dropping message: frame 'laser_link' at time 1488.781 for reason 'discarding message because the queue is full'
[rviz2-2] [INFO] [1773238213.854449472] [rviz2]: Message Filter dropping message: frame 'laser_link' at time 1488.811 for reason 'discarding message because the queue is full'
[rviz2-2] [INFO] [1773238213.886605188] [rviz2]: Message Filter dropping message: frame 'laser_link' at time 1488.841 for reason 'discarding message because the queue is full'
[rviz2-2] [INFO] [1773238213.918343783] [rviz2]: Message Filter dropping message: frame 'laser_link' at time 1488.871 for reason 'discarding message because the queue is full'
[rviz2-2] [INFO] [1773238213.950870051] [rviz2]: Message Filter dropping message: frame 'laser_link' at time 1488.901 for reason 'discarding message because the queue is full'
[rviz2-2] [INFO] [1773238213.983316690] [rviz2]: Message Filter dropping message: frame 'laser_link' at time 1488.941 for reason 'discarding message because the queue is full'
[rviz2-2] [INFO] [1773238214.013432432] [rviz2]: Message Filter dropping message: frame 'odom' at time 1487.320 for reason 'discarding message because the queue is full'
[rviz2-2] [INFO] [1773238214.013693961] [rviz2]: Message Filter dropping message: frame 'laser_link' at time 1488.971 for reason 'discarding message because the queue is full'
[rviz2-2] [INFO] [1773238214.047829197] [rviz2]: Message Filter dropping message: frame 'laser_link' at time 1489.001 for reason 'discarding message because the queue is full'
[rviz2-2] [INFO] [1773238214.079120046] [rviz2]: Message Filter dropping message: frame 'laser_link' at time 1489.031 for reason 'discarding message because the queue is full'
[rviz2-2] [INFO] [1773238214.109709393] [rviz2]: Message Filter dropping message: frame 'laser_link' at time 1489.061 for reason 'discarding message because the queue is full'
[rviz2-2] [INFO] [1773238214.143957721] [rviz2]: Message Filter dropping message: frame 'laser_link' at time 1489.101 for reason 'discarding message because the queue is full'
[rviz2-2] [INFO] [1773238214.173795223] [rviz2]: Message Filter dropping message: frame 'laser_link' at time 1489.131 for reason 'discarding message because the queue is full'
[rviz2-2] [INFO] [1773238214.207063929] [rviz2]: Message Filter dropping message: frame 'laser_link' at time 1489.161 for reason 'discarding message because the queue is full'
[rviz2-2] [INFO] [1773238214.239453842] [rviz2]: Message Filter dropping message: frame 'odom' at time 1487.520 for reason 'discarding message because the queue is full'
[rviz2-2] [INFO] [1773238214.239820358] [rviz2]: Message Filter dropping message: frame 'laser_link' at time 1489.191 for reason 'discarding message because the queue is full'
[rviz2-2] [INFO] [1773238214.270699176] [rviz2]: Message Filter dropping message: frame 'laser_link' at time 1489.221 for reason 'discarding message because the queue is full'
[rviz2-2] [INFO] [1773238214.302326544] [rviz2]: Message Filter dropping message: frame 'laser_link' at time 1489.261 for reason 'discarding message because the queue is full'
[component_container_isolated-1] [WARN] [1773238214.320072991] [amcl]: AMCL cannot publish a pose or update the transform. Please set the initial pose...
[component_container_isolated-1] [INFO] [1773238214.322852828] [global_costmap.global_costmap]: Timed out waiting for transform from base_link to map to become available, tf error: Invalid frame ID "map" passed to canTransform argument target_frame - frame does not exist
[rviz2-2] [INFO] [1773238214.334683616] [rviz2]: Message Filter dropping message: frame 'laser_link' at time 1489.291 for reason 'discarding message because the queue is full'
[rviz2-2] [INFO] [1773238214.366044706] [rviz2]: Message Filter dropping message: frame 'laser_link' at time 1489.321 for reason 'discarding message because the queue is full'
[rviz2-2] [INFO] [1773238214.397973437] [rviz2]: Message Filter dropping message: frame 'laser_link' at time 1489.351 for reason 'discarding message because the queue is full'
[rviz2-2] [INFO] [1773238214.431623096] [rviz2]: Message Filter dropping message: frame 'odom' at time 1487.720 for reason 'discarding message because the queue is full'
[rviz2-2] [INFO] [1773238214.431953974] [rviz2]: Message Filter dropping message: frame 'odom' at time 1483.638 for reason 'discarding message because the queue is full'
[rviz2-2] [INFO] [1773238214.432115516] [rviz2]: Message Filter dropping message: frame 'laser_link' at time 1489.381 for reason 'discarding message because the queue is full'
[rviz2-2] [INFO] [1773238214.462223884] [rviz2]: Message Filter dropping message: frame 'laser_link' at time 1489.421 for reason 'discarding message because the queue is full'
[rviz2-2] [INFO] [1773238214.495223287] [rviz2]: Message Filter dropping message: frame 'laser_link' at time 1489.451 for reason 'discarding message because the queue is full'
[rviz2-2] [INFO] [1773238214.526069605] [rviz2]: Message Filter dropping message: frame 'laser_link' at time 1489.481 for reason 'discarding message because the queue is full'
[rviz2-2] [INFO] [1773238214.558563513] [rviz2]: Message Filter dropping message: frame 'laser_link' at time 1489.511 for reason 'discarding message because the queue is full'
[rviz2-2] [INFO] [1773238214.589992149] [rviz2]: Message Filter dropping message: frame 'laser_link' at time 1489.541 for reason 'discarding message because the queue is full'
[rviz2-2] [INFO] [1773238214.621908587] [rviz2]: Message Filter dropping message: frame 'odom' at time 1487.920 for reason 'discarding message because the queue is full'
[rviz2-2] [INFO] [1773238214.622112909] [rviz2]: Message Filter dropping message: frame 'laser_link' at time 1489.581 for reason 'discarding message because the queue is full'
[rviz2-2] [INFO] [1773238214.655524433] [rviz2]: Message Filter dropping message: frame 'laser_link' at time 1489.611 for reason 'discarding message because the queue is full'
[rviz2-2] [INFO] [1773238214.686668587] [rviz2]: Message Filter dropping message: frame 'laser_link' at time 1489.641 for reason 'discarding message because the queue is full'
[rviz2-2] [INFO] [1773238214.718527137] [rviz2]: Message Filter dropping message: frame 'laser_link' at time 1489.671 for reason 'discarding message because the queue is full'
[rviz2-2] [INFO] [1773238214.749932821] [rviz2]: Message Filter dropping message: frame 'laser_link' at time 1489.711 for reason 'discarding message because the queue is full'
[rviz2-2] [INFO] [1773238214.783063779] [rviz2]: Message Filter dropping message: frame 'laser_link' at time 1489.741 for reason 'discarding message because the queue is full'
[rviz2-2] [INFO] [1773238214.814186363] [rviz2]: Message Filter dropping message: frame 'odom' at time 1488.120 for reason 'discarding message because the queue is full'
[rviz2-2] [INFO] [1773238214.814282914] [rviz2]: Message Filter dropping message: frame 'laser_link' at time 1489.771 for reason 'discarding message because the queue is full'
[component_container_isolated-1] [INFO] [1773238214.822850802] [global_costmap.global_costmap]: Timed out waiting for transform from base_link to map to become available, tf error: Invalid frame ID "map" passed to canTransform argument target_frame - frame does not exist
[rviz2-2] [INFO] [1773238214.846626551] [rviz2]: Message Filter dropping message: frame 'laser_link' at time 1489.801 for reason 'discarding message because the queue is full'
[rviz2-2] [INFO] [1773238214.879734737] [rviz2]: Message Filter dropping message: frame 'laser_link' at time 1489.831 for reason 'discarding message because the queue is full'
[rviz2-2] [INFO] [1773238214.910120684] [rviz2]: Message Filter dropping message: frame 'laser_link' at time 1489.861 for reason 'discarding message because the queue is full'
[rviz2-2] [INFO] [1773238214.942285507] [rviz2]: Message Filter dropping message: frame 'laser_link' at time 1489.901 for reason 'discarding message because the queue is full'
[rviz2-2] [INFO] [1773238214.974870725] [rviz2]: Message Filter dropping message: frame 'laser_link' at time 1489.931 for reason 'discarding message because the queue is full'
[rviz2-2] [INFO] [1773238215.006021983] [rviz2]: Message Filter dropping message: frame 'laser_link' at time 1489.961 for reason 'discarding message because the queue is full'
[rviz2-2] [INFO] [1773238215.039158102] [rviz2]: Message Filter dropping message: frame 'odom' at time 1488.320 for reason 'discarding message because the queue is full'
[rviz2-2] [INFO] [1773238215.039251727] [rviz2]: Message Filter dropping message: frame 'odom' at time 1484.238 for reason 'discarding message because the queue is full'
[rviz2-2] [INFO] [1773238215.039293946] [rviz2]: Message Filter dropping message: frame 'laser_link' at time 1489.991 for reason 'discarding message because the queue is full'
[rviz2-2] [INFO] [1773238215.070462326] [rviz2]: Message Filter dropping message: frame 'laser_link' at time 1490.021 for reason 'discarding message because the queue is full'
[rviz2-2] [INFO] [1773238215.103285179] [rviz2]: Message Filter dropping message: frame 'laser_link' at time 1490.061 for reason 'discarding message because the queue is full'
[rviz2-2] [INFO] [1773238215.135133160] [rviz2]: Message Filter dropping message: frame 'laser_link' at time 1490.091 for reason 'discarding message because the queue is full'
[rviz2-2] [INFO] [1773238215.166397129] [rviz2]: Message Filter dropping message: frame 'laser_link' at time 1490.121 for reason 'discarding message because the queue is full'
[rviz2-2] [INFO] [1773238215.199005321] [rviz2]: Message Filter dropping message: frame 'laser_link' at time 1490.151 for reason 'discarding message because the queue is full'
[rviz2-2] [INFO] [1773238215.230283907] [rviz2]: Message Filter dropping message: frame 'odom' at time 1488.520 for reason 'discarding message because the queue is full'
[rviz2-2] [INFO] [1773238215.230388733] [rviz2]: Message Filter dropping message: frame 'laser_link' at time 1490.181 for reason 'discarding message because the queue is full'
[rviz2-2] [INFO] [1773238215.262137418] [rviz2]: Message Filter dropping message: frame 'laser_link' at time 1490.221 for reason 'discarding message because the queue is full'
[rviz2-2] [INFO] [1773238215.295484682] [rviz2]: Message Filter dropping message: frame 'laser_link' at time 1490.251 for reason 'discarding message because the queue is full'
[component_container_isolated-1] [INFO] [1773238215.322852236] [global_costmap.global_costmap]: Timed out waiting for transform from base_link to map to become available, tf error: Invalid frame ID "map" passed to canTransform argument target_frame - frame does not exist
[rviz2-2] [INFO] [1773238215.326659784] [rviz2]: Message Filter dropping message: frame 'laser_link' at time 1490.281 for reason 'discarding message because the queue is full'
[rviz2-2] [INFO] [1773238215.358382481] [rviz2]: Message Filter dropping message: frame 'laser_link' at time 1490.311 for reason 'discarding message because the queue is full'
[rviz2-2] [INFO] [1773238215.390154249] [rviz2]: Message Filter dropping message: frame 'laser_link' at time 1490.341 for reason 'discarding message because the queue is full'
[rviz2-2] [INFO] [1773238215.421921108] [rviz2]: Message Filter dropping message: frame 'odom' at time 1488.720 for reason 'discarding message because the queue is full'
[rviz2-2] [INFO] [1773238215.422136581] [rviz2]: Message Filter dropping message: frame 'laser_link' at time 1490.381 for reason 'discarding message because the queue is full'
[rviz2-2] [INFO] [1773238215.454031058] [rviz2]: Message Filter dropping message: frame 'laser_link' at time 1490.411 for reason 'discarding message because the queue is full'
[rviz2-2] [INFO] [1773238215.488047313] [rviz2]: Message Filter dropping message: frame 'laser_link' at time 1490.441 for reason 'discarding message because the queue is full'
[rviz2-2] [INFO] [1773238215.518214962] [rviz2]: Message Filter dropping message: frame 'laser_link' at time 1490.471 for reason 'discarding message because the queue is full'
[rviz2-2] [INFO] [1773238215.550302100] [rviz2]: Message Filter dropping message: frame 'laser_link' at time 1490.501 for reason 'discarding message because the queue is full'
[rviz2-2] [INFO] [1773238215.582319988] [rviz2]: Message Filter dropping message: frame 'laser_link' at time 1490.531 for reason 'discarding message because the queue is full'
[rviz2-2] [INFO] [1773238215.614199858] [rviz2]: Message Filter dropping message: frame 'odom' at time 1488.920 for reason 'discarding message because the queue is full'
[rviz2-2] [INFO] [1773238215.614442822] [rviz2]: Message Filter dropping message: frame 'odom' at time 1484.838 for reason 'discarding message because the queue is full'
[rviz2-2] [INFO] [1773238215.614540976] [rviz2]: Message Filter dropping message: frame 'laser_link' at time 1490.571 for reason 'discarding message because the queue is full'
[rviz2-2] [INFO] [1773238215.646422409] [rviz2]: Message Filter dropping message: frame 'laser_link' at time 1490.601 for reason 'discarding message because the queue is full'
[rviz2-2] [INFO] [1773238215.679184339] [rviz2]: Message Filter dropping message: frame 'laser_link' at time 1490.631 for reason 'discarding message because the queue is full'
[rviz2-2] [INFO] [1773238215.709694919] [rviz2]: Message Filter dropping message: frame 'laser_link' at time 1490.661 for reason 'discarding message because the queue is full'
[rviz2-2] [INFO] [1773238215.741746029] [rviz2]: Message Filter dropping message: frame 'laser_link' at time 1490.691 for reason 'discarding message because the queue is full'
[rviz2-2] [INFO] [1773238215.775048449] [rviz2]: Message Filter dropping message: frame 'laser_link' at time 1490.731 for reason 'discarding message because the queue is full'
[rviz2-2] [INFO] [1773238215.805525477] [rviz2]: Message Filter dropping message: frame 'laser_link' at time 1490.761 for reason 'discarding message because the queue is full'
[component_container_isolated-1] [INFO] [1773238215.822853903] [global_costmap.global_costmap]: Timed out waiting for transform from base_link to map to become available, tf error: Invalid frame ID "map" passed to canTransform argument target_frame - frame does not exist
[rviz2-2] [INFO] [1773238215.837420024] [rviz2]: Message Filter dropping message: frame 'odom' at time 1489.120 for reason 'discarding message because the queue is full'
[rviz2-2] [INFO] [1773238215.837678648] [rviz2]: Message Filter dropping message: frame 'laser_link' at time 1490.791 for reason 'discarding message because the queue is full'
[rviz2-2] [INFO] [1773238215.872006485] [rviz2]: Message Filter dropping message: frame 'laser_link' at time 1490.821 for reason 'discarding message because the queue is full'
[rviz2-2] [INFO] [1773238215.902252751] [rviz2]: Message Filter dropping message: frame 'laser_link' at time 1490.851 for reason 'discarding message because the queue is full'
[rviz2-2] [INFO] [1773238215.934767839] [rviz2]: Message Filter dropping message: frame 'laser_link' at time 1490.891 for reason 'discarding message because the queue is full'
[rviz2-2] [INFO] [1773238215.966892276] [rviz2]: Message Filter dropping message: frame 'laser_link' at time 1490.921 for reason 'discarding message because the queue is full'
[rviz2-2] [INFO] [1773238215.998347753] [rviz2]: Message Filter dropping message: frame 'laser_link' at time 1490.951 for reason 'discarding message because the queue is full'
[rviz2-2] [INFO] [1773238216.030019836] [rviz2]: Message Filter dropping message: frame 'odom' at time 1489.320 for reason 'discarding message because the queue is full'
[rviz2-2] [INFO] [1773238216.030330486] [rviz2]: Message Filter dropping message: frame 'laser_link' at time 1490.981 for reason 'discarding message because the queue is full'
[rviz2-2] [INFO] [1773238216.063304683] [rviz2]: Message Filter dropping message: frame 'laser_link' at time 1491.011 for reason 'discarding message because the queue is full'
[rviz2-2] [INFO] [1773238216.095525872] [rviz2]: Message Filter dropping message: frame 'laser_link' at time 1491.051 for reason 'discarding message because the queue is full'
[rviz2-2] [INFO] [1773238216.127385585] [rviz2]: Message Filter dropping message: frame 'laser_link' at time 1491.081 for reason 'discarding message because the queue is full'
[rviz2-2] [INFO] [1773238216.158051766] [rviz2]: Message Filter dropping message: frame 'laser_link' at time 1491.111 for reason 'discarding message because the queue is full'
[rviz2-2] [INFO] [1773238216.190524686] [rviz2]: Message Filter dropping message: frame 'laser_link' at time 1491.141 for reason 'discarding message because the queue is full'
[rviz2-2] [INFO] [1773238216.221577149] [rviz2]: Message Filter dropping message: frame 'odom' at time 1489.520 for reason 'discarding message because the queue is full'
[rviz2-2] [INFO] [1773238216.221929789] [rviz2]: Message Filter dropping message: frame 'odom' at time 1485.438 for reason 'discarding message because the queue is full'
[rviz2-2] [INFO] [1773238216.222047529] [rviz2]: Message Filter dropping message: frame 'laser_link' at time 1491.171 for reason 'discarding message because the queue is full'
[rviz2-2] [INFO] [1773238216.254032095] [rviz2]: Message Filter dropping message: frame 'laser_link' at time 1491.211 for reason 'discarding message because the queue is full'
[rviz2-2] [INFO] [1773238216.286340407] [rviz2]: Message Filter dropping message: frame 'laser_link' at time 1491.241 for reason 'discarding message because the queue is full'
[rviz2-2] [INFO] [1773238216.318072832] [rviz2]: Message Filter dropping message: frame 'laser_link' at time 1491.271 for reason 'discarding message because the queue is full'
[component_container_isolated-1] [INFO] [1773238216.322850524] [global_costmap.global_costmap]: Timed out waiting for transform from base_link to map to become available, tf error: Invalid frame ID "map" passed to canTransform argument target_frame - frame does not exist
[rviz2-2] [INFO] [1773238216.350162545] [rviz2]: Message Filter dropping message: frame 'laser_link' at time 1491.301 for reason 'discarding message because the queue is full'
[rviz2-2] [INFO] [1773238216.382449947] [rviz2]: Message Filter dropping message: frame 'laser_link' at time 1491.341 for reason 'discarding message because the queue is full'
[rviz2-2] [INFO] [1773238216.414733843] [rviz2]: Message Filter dropping message: frame 'odom' at time 1489.720 for reason 'discarding message because the queue is full'
[rviz2-2] [INFO] [1773238216.414832758] [rviz2]: Message Filter dropping message: frame 'laser_link' at time 1491.371 for reason 'discarding message because the queue is full'
[component_container_isolated-1] [WARN] [1773238216.421591895] [amcl]: AMCL cannot publish a pose or update the transform. Please set the initial pose...
[rviz2-2] [INFO] [1773238216.446289768] [rviz2]: Message Filter dropping message: frame 'laser_link' at time 1491.401 for reason 'discarding message because the queue is full'
[rviz2-2] [INFO] [1773238216.479763749] [rviz2]: Message Filter dropping message: frame 'laser_link' at time 1491.431 for reason 'discarding message because the queue is full'
[rviz2-2] [INFO] [1773238216.511019814] [rviz2]: Message Filter dropping message: frame 'laser_link' at time 1491.461 for reason 'discarding message because the queue is full'
[rviz2-2] [INFO] [1773238216.543080192] [rviz2]: Message Filter dropping message: frame 'laser_link' at time 1491.491 for reason 'discarding message because the queue is full'
[rviz2-2] [INFO] [1773238216.575121164] [rviz2]: Message Filter dropping message: frame 'laser_link' at time 1491.531 for reason 'discarding message because the queue is full'
[rviz2-2] [INFO] [1773238216.606938087] [rviz2]: Message Filter dropping message: frame 'laser_link' at time 1491.561 for reason 'discarding message because the queue is full'
[rviz2-2] [INFO] [1773238216.639050612] [rviz2]: Message Filter dropping message: frame 'odom' at time 1489.920 for reason 'discarding message because the queue is full'
[rviz2-2] [INFO] [1773238216.639147964] [rviz2]: Message Filter dropping message: frame 'laser_link' at time 1491.591 for reason 'discarding message because the queue is full'
[rviz2-2] [INFO] [1773238216.670225125] [rviz2]: Message Filter dropping message: frame 'laser_link' at time 1491.621 for reason 'discarding message because the queue is full'
[rviz2-2] [INFO] [1773238216.703201425] [rviz2]: Message Filter dropping message: frame 'laser_link' at time 1491.651 for reason 'discarding message because the queue is full'
[rviz2-2] [INFO] [1773238216.734970699] [rviz2]: Message Filter dropping message: frame 'laser_link' at time 1491.691 for reason 'discarding message because the queue is full'
[rviz2-2] [INFO] [1773238216.765775640] [rviz2]: Message Filter dropping message: frame 'laser_link' at time 1491.721 for reason 'discarding message because the queue is full'
[rviz2-2] [INFO] [1773238216.799787336] [rviz2]: Message Filter dropping message: frame 'laser_link' at time 1491.751 for reason 'discarding message because the queue is full'
[component_container_isolated-1] [INFO] [1773238216.822851365] [global_costmap.global_costmap]: Timed out waiting for transform from base_link to map to become available, tf error: Invalid frame ID "map" passed to canTransform argument target_frame - frame does not exist
[rviz2-2] [INFO] [1773238216.830468375] [rviz2]: Message Filter dropping message: frame 'odom' at time 1490.120 for reason 'discarding message because the queue is full'
[rviz2-2] [INFO] [1773238216.830568202] [rviz2]: Message Filter dropping message: frame 'odom' at time 1486.038 for reason 'discarding message because the queue is full'
[rviz2-2] [INFO] [1773238216.830676625] [rviz2]: Message Filter dropping message: frame 'laser_link' at time 1491.781 for reason 'discarding message because the queue is full'
[rviz2-2] [INFO] [1773238216.863152961] [rviz2]: Message Filter dropping message: frame 'laser_link' at time 1491.821 for reason 'discarding message because the queue is full'
[rviz2-2] [INFO] [1773238216.896264043] [rviz2]: Message Filter dropping message: frame 'laser_link' at time 1491.851 for reason 'discarding message because the queue is full'
[rviz2-2] [INFO] [1773238216.926946655] [rviz2]: Message Filter dropping message: frame 'laser_link' at time 1491.881 for reason 'discarding message because the queue is full'
[rviz2-2] [INFO] [1773238216.958235611] [rviz2]: Message Filter dropping message: frame 'laser_link' at time 1491.911 for reason 'discarding message because the queue is full'
[rviz2-2] [INFO] [1773238216.990750980] [rviz2]: Message Filter dropping message: frame 'laser_link' at time 1491.941 for reason 'discarding message because the queue is full'
[rviz2-2] [INFO] [1773238217.022756025] [rviz2]: Message Filter dropping message: frame 'odom' at time 1490.320 for reason 'discarding message because the queue is full'
[rviz2-2] [INFO] [1773238217.023027312] [rviz2]: Message Filter dropping message: frame 'laser_link' at time 1491.981 for reason 'discarding message because the queue is full'
[rviz2-2] [INFO] [1773238217.054309246] [rviz2]: Message Filter dropping message: frame 'laser_link' at time 1492.011 for reason 'discarding message because the queue is full'
[rviz2-2] [INFO] [1773238217.087450074] [rviz2]: Message Filter dropping message: frame 'laser_link' at time 1492.041 for reason 'discarding message because the queue is full'
[rviz2-2] [INFO] [1773238217.119485245] [rviz2]: Message Filter dropping message: frame 'laser_link' at time 1492.071 for reason 'discarding message because the queue is full'
[rviz2-2] [INFO] [1773238217.150724439] [rviz2]: Message Filter dropping message: frame 'laser_link' at time 1492.101 for reason 'discarding message because the queue is full'
[rviz2-2] [INFO] [1773238217.183572179] [rviz2]: Message Filter dropping message: frame 'laser_link' at time 1492.141 for reason 'discarding message because the queue is full'
[rviz2-2] [INFO] [1773238217.214851528] [rviz2]: Message Filter dropping message: frame 'odom' at time 1490.520 for reason 'discarding message because the queue is full'
[rviz2-2] [INFO] [1773238217.214959139] [rviz2]: Message Filter dropping message: frame 'laser_link' at time 1492.171 for reason 'discarding message because the queue is full'
[rviz2-2] [INFO] [1773238217.246658803] [rviz2]: Message Filter dropping message: frame 'laser_link' at time 1492.201 for reason 'discarding message because the queue is full'
[rviz2-2] [INFO] [1773238217.278892555] [rviz2]: Message Filter dropping message: frame 'laser_link' at time 1492.231 for reason 'discarding message because the queue is full'
[rviz2-2] [INFO] [1773238217.310726350] [rviz2]: Message Filter dropping message: frame 'laser_link' at time 1492.261 for reason 'discarding message because the queue is full'
[component_container_isolated-1] [INFO] [1773238217.322861928] [global_costmap.global_costmap]: Timed out waiting for transform from base_link to map to become available, tf error: Invalid frame ID "map" passed to canTransform argument target_frame - frame does not exist
[rviz2-2] [INFO] [1773238217.342781118] [rviz2]: Message Filter dropping message: frame 'laser_link' at time 1492.291 for reason 'discarding message because the queue is full'
[rviz2-2] [INFO] [1773238217.374724358] [rviz2]: Message Filter dropping message: frame 'laser_link' at time 1492.331 for reason 'discarding message because the queue is full'
[rviz2-2] [INFO] [1773238217.405446715] [rviz2]: Message Filter dropping message: frame 'laser_link' at time 1492.361 for reason 'discarding message because the queue is full'
[rviz2-2] [INFO] [1773238217.439933269] [rviz2]: Message Filter dropping message: frame 'odom' at time 1490.720 for reason 'discarding message because the queue is full'
[rviz2-2] [INFO] [1773238217.440119758] [rviz2]: Message Filter dropping message: frame 'odom' at time 1486.638 for reason 'discarding message because the queue is full'
[rviz2-2] [INFO] [1773238217.440180482] [rviz2]: Message Filter dropping message: frame 'laser_link' at time 1492.391 for reason 'discarding message because the queue is full'
[rviz2-2] [INFO] [1773238217.470810566] [rviz2]: Message Filter dropping message: frame 'laser_link' at time 1492.421 for reason 'discarding message because the queue is full'
[rviz2-2] [INFO] [1773238217.501846419] [rviz2]: Message Filter dropping message: frame 'laser_link' at time 1492.461 for reason 'discarding message because the queue is full'
[rviz2-2] [INFO] [1773238217.535983470] [rviz2]: Message Filter dropping message: frame 'laser_link' at time 1492.491 for reason 'discarding message because the queue is full'
[rviz2-2] [INFO] [1773238217.566381992] [rviz2]: Message Filter dropping message: frame 'laser_link' at time 1492.521 for reason 'discarding message because the queue is full'
[rviz2-2] [INFO] [1773238217.600131258] [rviz2]: Message Filter dropping message: frame 'laser_link' at time 1492.551 for reason 'discarding message because the queue is full'
[rviz2-2] [INFO] [1773238217.632769036] [rviz2]: Message Filter dropping message: frame 'odom' at time 1490.920 for reason 'discarding message because the queue is full'
[rviz2-2] [INFO] [1773238217.633020836] [rviz2]: Message Filter dropping message: frame 'laser_link' at time 1492.581 for reason 'discarding message because the queue is full'
[rviz2-2] [INFO] [1773238217.663877404] [rviz2]: Message Filter dropping message: frame 'laser_link' at time 1492.611 for reason 'discarding message because the queue is full'
[rviz2-2] [INFO] [1773238217.695337130] [rviz2]: Message Filter dropping message: frame 'laser_link' at time 1492.651 for reason 'discarding message because the queue is full'
[rviz2-2] [INFO] [1773238217.726296079] [rviz2]: Message Filter dropping message: frame 'laser_link' at time 1492.681 for reason 'discarding message because the queue is full'
[rviz2-2] [INFO] [1773238217.760746446] [rviz2]: Message Filter dropping message: frame 'laser_link' at time 1492.711 for reason 'discarding message because the queue is full'
[rviz2-2] [INFO] [1773238217.791233984] [rviz2]: Message Filter dropping message: frame 'laser_link' at time 1492.741 for reason 'discarding message because the queue is full'
[component_container_isolated-1] [INFO] [1773238217.822856193] [global_costmap.global_costmap]: Timed out waiting for transform from base_link to map to become available, tf error: Invalid frame ID "map" passed to canTransform argument target_frame - frame does not exist
[rviz2-2] [INFO] [1773238217.822859229] [rviz2]: Message Filter dropping message: frame 'odom' at time 1491.120 for reason 'discarding message because the queue is full'
[rviz2-2] [INFO] [1773238217.822991306] [rviz2]: Message Filter dropping message: frame 'laser_link' at time 1492.771 for reason 'discarding message because the queue is full'
[rviz2-2] [INFO] [1773238217.855929866] [rviz2]: Message Filter dropping message: frame 'laser_link' at time 1492.811 for reason 'discarding message because the queue is full'
[rviz2-2] [INFO] [1773238217.887401023] [rviz2]: Message Filter dropping message: frame 'laser_link' at time 1492.841 for reason 'discarding message because the queue is full'
[rviz2-2] [INFO] [1773238217.918945487] [rviz2]: Message Filter dropping message: frame 'laser_link' at time 1492.871 for reason 'discarding message because the queue is full'
[rviz2-2] [INFO] [1773238217.951462089] [rviz2]: Message Filter dropping message: frame 'laser_link' at time 1492.901 for reason 'discarding message because the queue is full'
[rviz2-2] [INFO] [1773238217.983442418] [rviz2]: Message Filter dropping message: frame 'laser_link' at time 1492.941 for reason 'discarding message because the queue is full'
[rviz2-2] [INFO] [1773238218.014605389] [rviz2]: Message Filter dropping message: frame 'odom' at time 1491.320 for reason 'discarding message because the queue is full'
[rviz2-2] [INFO] [1773238218.014703442] [rviz2]: Message Filter dropping message: frame 'odom' at time 1487.238 for reason 'discarding message because the queue is full'
[rviz2-2] [INFO] [1773238218.014746883] [rviz2]: Message Filter dropping message: frame 'laser_link' at time 1492.971 for reason 'discarding message because the queue is full'
[rviz2-2] [INFO] [1773238218.046219473] [rviz2]: Message Filter dropping message: frame 'laser_link' at time 1493.001 for reason 'discarding message because the queue is full'
[rviz2-2] [INFO] [1773238218.079140932] [rviz2]: Message Filter dropping message: frame 'laser_link' at time 1493.031 for reason 'discarding message because the queue is full'
[rviz2-2] [INFO] [1773238218.110725100] [rviz2]: Message Filter dropping message: frame 'laser_link' at time 1493.061 for reason 'discarding message because the queue is full'
[rviz2-2] [INFO] [1773238218.144044443] [rviz2]: Message Filter dropping message: frame 'laser_link' at time 1493.091 for reason 'discarding message because the queue is full'
[rviz2-2] [INFO] [1773238218.175101647] [rviz2]: Message Filter dropping message: frame 'laser_link' at time 1493.131 for reason 'discarding message because the queue is full'
[rviz2-2] [INFO] [1773238218.205778559] [rviz2]: Message Filter dropping message: frame 'laser_link' at time 1493.161 for reason 'discarding message because the queue is full'
[rviz2-2] [INFO] [1773238218.238356075] [rviz2]: Message Filter dropping message: frame 'odom' at time 1491.520 for reason 'discarding message because the queue is full'
[rviz2-2] [INFO] [1773238218.238579262] [rviz2]: Message Filter dropping message: frame 'laser_link' at time 1493.191 for reason 'discarding message because the queue is full'
[rviz2-2] [INFO] [1773238218.269852670] [rviz2]: Message Filter dropping message: frame 'laser_link' at time 1493.221 for reason 'discarding message because the queue is full'
[rviz2-2] [INFO] [1773238218.301466433] [rviz2]: Message Filter dropping message: frame 'laser_link' at time 1493.251 for reason 'discarding message because the queue is full'
[component_container_isolated-1] [INFO] [1773238218.322855392] [global_costmap.global_costmap]: Timed out waiting for transform from base_link to map to become available, tf error: Invalid frame ID "map" passed to canTransform argument target_frame - frame does not exist
[rviz2-2] [INFO] [1773238218.333550166] [rviz2]: Message Filter dropping message: frame 'laser_link' at time 1493.291 for reason 'discarding message because the queue is full'
[rviz2-2] [INFO] [1773238218.366133372] [rviz2]: Message Filter dropping message: frame 'laser_link' at time 1493.321 for reason 'discarding message because the queue is full'
[rviz2-2] [INFO] [1773238218.398289320] [rviz2]: Message Filter dropping message: frame 'laser_link' at time 1493.351 for reason 'discarding message because the queue is full'
[rviz2-2] [INFO] [1773238218.430589046] [rviz2]: Message Filter dropping message: frame 'odom' at time 1491.720 for reason 'discarding message because the queue is full'
[rviz2-2] [INFO] [1773238218.430835076] [rviz2]: Message Filter dropping message: frame 'laser_link' at time 1493.381 for reason 'discarding message because the queue is full'
[rviz2-2] [INFO] [1773238218.461764851] [rviz2]: Message Filter dropping message: frame 'laser_link' at time 1493.421 for reason 'discarding message because the queue is full'
[rviz2-2] [INFO] [1773238218.495509579] [rviz2]: Message Filter dropping message: frame 'laser_link' at time 1493.451 for reason 'discarding message because the queue is full'
[component_container_isolated-1] [WARN] [1773238218.522160816] [amcl]: AMCL cannot publish a pose or update the transform. Please set the initial pose...
[rviz2-2] [INFO] [1773238218.526711293] [rviz2]: Message Filter dropping message: frame 'laser_link' at time 1493.481 for reason 'discarding message because the queue is full'
[rviz2-2] [INFO] [1773238218.558324616] [rviz2]: Message Filter dropping message: frame 'laser_link' at time 1493.511 for reason 'discarding message because the queue is full'
[rviz2-2] [INFO] [1773238218.590492456] [rviz2]: Message Filter dropping message: frame 'laser_link' at time 1493.541 for reason 'discarding message because the queue is full'
[rviz2-2] [INFO] [1773238218.622015450] [rviz2]: Message Filter dropping message: frame 'odom' at time 1491.920 for reason 'discarding message because the queue is full'
[rviz2-2] [INFO] [1773238218.622146846] [rviz2]: Message Filter dropping message: frame 'odom' at time 1487.838 for reason 'discarding message because the queue is full'
[rviz2-2] [INFO] [1773238218.622375704] [rviz2]: Message Filter dropping message: frame 'laser_link' at time 1493.571 for reason 'discarding message because the queue is full'
[rviz2-2] [INFO] [1773238218.654589489] [rviz2]: Message Filter dropping message: frame 'laser_link' at time 1493.601 for reason 'discarding message because the queue is full'
[rviz2-2] [INFO] [1773238218.686803686] [rviz2]: Message Filter dropping message: frame 'laser_link' at time 1493.641 for reason 'discarding message because the queue is full'
[rviz2-2] [INFO] [1773238218.718493422] [rviz2]: Message Filter dropping message: frame 'laser_link' at time 1493.671 for reason 'discarding message because the queue is full'
[rviz2-2] [INFO] [1773238218.750954841] [rviz2]: Message Filter dropping message: frame 'laser_link' at time 1493.701 for reason 'discarding message because the queue is full'
[rviz2-2] [INFO] [1773238218.781853037] [rviz2]: Message Filter dropping message: frame 'laser_link' at time 1493.731 for reason 'discarding message because the queue is full'
[rviz2-2] [INFO] [1773238218.813860737] [rviz2]: Message Filter dropping message: frame 'odom' at time 1492.120 for reason 'discarding message because the queue is full'
[rviz2-2] [INFO] [1773238218.814308985] [rviz2]: Message Filter dropping message: frame 'laser_link' at time 1493.771 for reason 'discarding message because the queue is full'
[component_container_isolated-1] [INFO] [1773238218.822859912] [global_costmap.global_costmap]: Timed out waiting for transform from base_link to map to become available, tf error: Invalid frame ID "map" passed to canTransform argument target_frame - frame does not exist
[rviz2-2] [INFO] [1773238218.846639289] [rviz2]: Message Filter dropping message: frame 'laser_link' at time 1493.801 for reason 'discarding message because the queue is full'
[rviz2-2] [INFO] [1773238218.879403674] [rviz2]: Message Filter dropping message: frame 'laser_link' at time 1493.831 for reason 'discarding message because the queue is full'
[rviz2-2] [INFO] [1773238218.910581302] [rviz2]: Message Filter dropping message: frame 'laser_link' at time 1493.861 for reason 'discarding message because the queue is full'
[rviz2-2] [INFO] [1773238218.942208451] [rviz2]: Message Filter dropping message: frame 'laser_link' at time 1493.891 for reason 'discarding message because the queue is full'
[rviz2-2] [INFO] [1773238218.974442916] [rviz2]: Message Filter dropping message: frame 'laser_link' at time 1493.931 for reason 'discarding message because the queue is full'
[rviz2-2] [INFO] [1773238219.005728616] [rviz2]: Message Filter dropping message: frame 'laser_link' at time 1493.961 for reason 'discarding message because the queue is full'
[rviz2-2] [INFO] [1773238219.038125044] [rviz2]: Message Filter dropping message: frame 'odom' at time 1492.320 for reason 'discarding message because the queue is full'
[rviz2-2] [INFO] [1773238219.038405138] [rviz2]: Message Filter dropping message: frame 'laser_link' at time 1493.991 for reason 'discarding message because the queue is full'
[rviz2-2] [INFO] [1773238219.070395426] [rviz2]: Message Filter dropping message: frame 'laser_link' at time 1494.021 for reason 'discarding message because the queue is full'
[rviz2-2] [INFO] [1773238219.102215516] [rviz2]: Message Filter dropping message: frame 'laser_link' at time 1494.051 for reason 'discarding message because the queue is full'
[rviz2-2] [INFO] [1773238219.135588519] [rviz2]: Message Filter dropping message: frame 'laser_link' at time 1494.091 for reason 'discarding message because the queue is full'
[rviz2-2] [INFO] [1773238219.166551787] [rviz2]: Message Filter dropping message: frame 'laser_link' at time 1494.121 for reason 'discarding message because the queue is full'
[rviz2-2] [INFO] [1773238219.198872634] [rviz2]: Message Filter dropping message: frame 'laser_link' at time 1494.151 for reason 'discarding message because the queue is full'
[rviz2-2] [INFO] [1773238219.231376392] [rviz2]: Message Filter dropping message: frame 'odom' at time 1492.520 for reason 'discarding message because the queue is full'
[rviz2-2] [INFO] [1773238219.231480446] [rviz2]: Message Filter dropping message: frame 'odom' at time 1488.438 for reason 'discarding message because the queue is full'
[rviz2-2] [INFO] [1773238219.231526302] [rviz2]: Message Filter dropping message: frame 'laser_link' at time 1494.181 for reason 'discarding message because the queue is full'
[rviz2-2] [INFO] [1773238219.263325934] [rviz2]: Message Filter dropping message: frame 'laser_link' at time 1494.211 for reason 'discarding message because the queue is full'
[rviz2-2] [INFO] [1773238219.295367829] [rviz2]: Message Filter dropping message: frame 'laser_link' at time 1494.251 for reason 'discarding message because the queue is full'
[component_container_isolated-1] [INFO] [1773238219.322858725] [global_costmap.global_costmap]: Timed out waiting for transform from base_link to map to become available, tf error: Invalid frame ID "map" passed to canTransform argument target_frame - frame does not exist
[rviz2-2] [INFO] [1773238219.326928323] [rviz2]: Message Filter dropping message: frame 'laser_link' at time 1494.281 for reason 'discarding message because the queue is full'
[rviz2-2] [INFO] [1773238219.358127162] [rviz2]: Message Filter dropping message: frame 'laser_link' at time 1494.311 for reason 'discarding message because the queue is full'
[rviz2-2] [INFO] [1773238219.390534280] [rviz2]: Message Filter dropping message: frame 'laser_link' at time 1494.341 for reason 'discarding message because the queue is full'
[rviz2-2] [INFO] [1773238219.422690819] [rviz2]: Message Filter dropping message: frame 'odom' at time 1492.720 for reason 'discarding message because the queue is full'
[rviz2-2] [INFO] [1773238219.422801526] [rviz2]: Message Filter dropping message: frame 'laser_link' at time 1494.371 for reason 'discarding message because the queue is full'
[rviz2-2] [INFO] [1773238219.454109999] [rviz2]: Message Filter dropping message: frame 'laser_link' at time 1494.411 for reason 'discarding message because the queue is full'
[rviz2-2] [INFO] [1773238219.487577569] [rviz2]: Message Filter dropping message: frame 'laser_link' at time 1494.441 for reason 'discarding message because the queue is full'
[rviz2-2] [INFO] [1773238219.519032917] [rviz2]: Message Filter dropping message: frame 'laser_link' at time 1494.471 for reason 'discarding message because the queue is full'
[rviz2-2] [INFO] [1773238219.550842077] [rviz2]: Message Filter dropping message: frame 'laser_link' at time 1494.501 for reason 'discarding message because the queue is full'
[rviz2-2] [INFO] [1773238219.583902636] [rviz2]: Message Filter dropping message: frame 'laser_link' at time 1494.531 for reason 'discarding message because the queue is full'
[rviz2-2] [INFO] [1773238219.614780224] [rviz2]: Message Filter dropping message: frame 'odom' at time 1492.920 for reason 'discarding message because the queue is full'
[rviz2-2] [INFO] [1773238219.614885741] [rviz2]: Message Filter dropping message: frame 'laser_link' at time 1494.571 for reason 'discarding message because the queue is full'
[rviz2-2] [INFO] [1773238219.647397926] [rviz2]: Message Filter dropping message: frame 'laser_link' at time 1494.601 for reason 'discarding message because the queue is full'
[rviz2-2] [INFO] [1773238219.679877108] [rviz2]: Message Filter dropping message: frame 'laser_link' at time 1494.631 for reason 'discarding message because the queue is full'
[rviz2-2] [INFO] [1773238219.710285428] [rviz2]: Message Filter dropping message: frame 'laser_link' at time 1494.661 for reason 'discarding message because the queue is full'
[rviz2-2] [INFO] [1773238219.742675173] [rviz2]: Message Filter dropping message: frame 'laser_link' at time 1494.691 for reason 'discarding message because the queue is full'
[rviz2-2] [INFO] [1773238219.774504501] [rviz2]: Message Filter dropping message: frame 'laser_link' at time 1494.721 for reason 'discarding message because the queue is full'
[rviz2-2] [INFO] [1773238219.807712556] [rviz2]: Message Filter dropping message: frame 'laser_link' at time 1494.761 for reason 'discarding message because the queue is full'
[component_container_isolated-1] [INFO] [1773238219.822854886] [global_costmap.global_costmap]: Timed out waiting for transform from base_link to map to become available, tf error: Invalid frame ID "map" passed to canTransform argument target_frame - frame does not exist
[rviz2-2] [INFO] [1773238219.838612295] [rviz2]: Message Filter dropping message: frame 'odom' at time 1493.120 for reason 'discarding message because the queue is full'
[rviz2-2] [INFO] [1773238219.838707964] [rviz2]: Message Filter dropping message: frame 'odom' at time 1489.038 for reason 'discarding message because the queue is full'
[rviz2-2] [INFO] [1773238219.838754050] [rviz2]: Message Filter dropping message: frame 'laser_link' at time 1494.791 for reason 'discarding message because the queue is full'
[rviz2-2] [INFO] [1773238219.871908204] [rviz2]: Message Filter dropping message: frame 'laser_link' at time 1494.821 for reason 'discarding message because the queue is full'
[rviz2-2] [INFO] [1773238219.902533931] [rviz2]: Message Filter dropping message: frame 'laser_link' at time 1494.851 for reason 'discarding message because the queue is full'
[rviz2-2] [INFO] [1773238219.934888350] [rviz2]: Message Filter dropping message: frame 'laser_link' at time 1494.891 for reason 'discarding message because the queue is full'
[rviz2-2] [INFO] [1773238219.966731454] [rviz2]: Message Filter dropping message: frame 'laser_link' at time 1494.921 for reason 'discarding message because the queue is full'
[rviz2-2] [INFO] [1773238219.999830625] [rviz2]: Message Filter dropping message: frame 'laser_link' at time 1494.951 for reason 'discarding message because the queue is full'
[rviz2-2] [INFO] [1773238220.030475077] [rviz2]: Message Filter dropping message: frame 'odom' at time 1493.320 for reason 'discarding message because the queue is full'
[rviz2-2] [INFO] [1773238220.030731317] [rviz2]: Message Filter dropping message: frame 'laser_link' at time 1494.981 for reason 'discarding message because the queue is full'
[rviz2-2] [INFO] [1773238220.063198166] [rviz2]: Message Filter dropping message: frame 'laser_link' at time 1495.011 for reason 'discarding message because the queue is full'
[rviz2-2] [INFO] [1773238220.095917748] [rviz2]: Message Filter dropping message: frame 'laser_link' at time 1495.051 for reason 'discarding message because the queue is full'
[rviz2-2] [INFO] [1773238220.127708394] [rviz2]: Message Filter dropping message: frame 'laser_link' at time 1495.081 for reason 'discarding message because the queue is full'
[rviz2-2] [INFO] [1773238220.159259862] [rviz2]: Message Filter dropping message: frame 'laser_link' at time 1495.111 for reason 'discarding message because the queue is full'
[rviz2-2] [INFO] [1773238220.190235013] [rviz2]: Message Filter dropping message: frame 'laser_link' at time 1495.141 for reason 'discarding message because the queue is full'
[rviz2-2] [INFO] [1773238220.224437377] [rviz2]: Message Filter dropping message: frame 'odom' at time 1493.520 for reason 'discarding message because the queue is full'
[rviz2-2] [INFO] [1773238220.224557461] [rviz2]: Message Filter dropping message: frame 'laser_link' at time 1495.171 for reason 'discarding message because the queue is full'
[rviz2-2] [INFO] [1773238220.254715575] [rviz2]: Message Filter dropping message: frame 'laser_link' at time 1495.211 for reason 'discarding message because the queue is full'
[rviz2-2] [INFO] [1773238220.287981789] [rviz2]: Message Filter dropping message: frame 'laser_link' at time 1495.241 for reason 'discarding message because the queue is full'
[rviz2-2] [INFO] [1773238220.318430475] [rviz2]: Message Filter dropping message: frame 'laser_link' at time 1495.271 for reason 'discarding message because the queue is full'
[component_container_isolated-1] [INFO] [1773238220.322850549] [global_costmap.global_costmap]: Timed out waiting for transform from base_link to map to become available, tf error: Invalid frame ID "map" passed to canTransform argument target_frame - frame does not exist
[rviz2-2] [INFO] [1773238220.351042847] [rviz2]: Message Filter dropping message: frame 'laser_link' at time 1495.301 for reason 'discarding message because the queue is full'
[rviz2-2] [INFO] [1773238220.383241385] [rviz2]: Message Filter dropping message: frame 'laser_link' at time 1495.331 for reason 'discarding message because the queue is full'
[rviz2-2] [INFO] [1773238220.415212758] [rviz2]: Message Filter dropping message: frame 'odom' at time 1493.720 for reason 'discarding message because the queue is full'
[rviz2-2] [INFO] [1773238220.415316863] [rviz2]: Message Filter dropping message: frame 'odom' at time 1489.638 for reason 'discarding message because the queue is full'
[rviz2-2] [INFO] [1773238220.415364041] [rviz2]: Message Filter dropping message: frame 'laser_link' at time 1495.371 for reason 'discarding message because the queue is full'
[rviz2-2] [INFO] [1773238220.447834297] [rviz2]: Message Filter dropping message: frame 'laser_link' at time 1495.401 for reason 'discarding message because the queue is full'
[rviz2-2] [INFO] [1773238220.478491313] [rviz2]: Message Filter dropping message: frame 'laser_link' at time 1495.431 for reason 'discarding message because the queue is full'
[rviz2-2] [INFO] [1773238220.510222417] [rviz2]: Message Filter dropping message: frame 'laser_link' at time 1495.461 for reason 'discarding message because the queue is full'
[rviz2-2] [INFO] [1773238220.543216492] [rviz2]: Message Filter dropping message: frame 'laser_link' at time 1495.501 for reason 'discarding message because the queue is full'
[rviz2-2] [INFO] [1773238220.575711865] [rviz2]: Message Filter dropping message: frame 'laser_link' at time 1495.531 for reason 'discarding message because the queue is full'
[rviz2-2] [INFO] [1773238220.606844130] [rviz2]: Message Filter dropping message: frame 'laser_link' at time 1495.561 for reason 'discarding message because the queue is full'
[component_container_isolated-1] [WARN] [1773238220.623709551] [amcl]: AMCL cannot publish a pose or update the transform. Please set the initial pose...
[rviz2-2] [INFO] [1773238220.639099253] [rviz2]: Message Filter dropping message: frame 'odom' at time 1493.920 for reason 'discarding message because the queue is full'
[rviz2-2] [INFO] [1773238220.639197427] [rviz2]: Message Filter dropping message: frame 'laser_link' at time 1495.591 for reason 'discarding message because the queue is full'
[rviz2-2] [INFO] [1773238220.671801914] [rviz2]: Message Filter dropping message: frame 'laser_link' at time 1495.621 for reason 'discarding message because the queue is full'
[rviz2-2] [INFO] [1773238220.702275597] [rviz2]: Message Filter dropping message: frame 'laser_link' at time 1495.651 for reason 'discarding message because the queue is full'
[rviz2-2] [INFO] [1773238220.735357166] [rviz2]: Message Filter dropping message: frame 'laser_link' at time 1495.691 for reason 'discarding message because the queue is full'
[rviz2-2] [INFO] [1773238220.768227400] [rviz2]: Message Filter dropping message: frame 'laser_link' at time 1495.721 for reason 'discarding message because the queue is full'
[rviz2-2] [INFO] [1773238220.799367990] [rviz2]: Message Filter dropping message: frame 'laser_link' at time 1495.751 for reason 'discarding message because the queue is full'
[component_container_isolated-1] [INFO] [1773238220.822856303] [global_costmap.global_costmap]: Timed out waiting for transform from base_link to map to become available, tf error: Invalid frame ID "map" passed to canTransform argument target_frame - frame does not exist
[rviz2-2] [INFO] [1773238220.830093023] [rviz2]: Message Filter dropping message: frame 'odom' at time 1494.120 for reason 'discarding message because the queue is full'
[rviz2-2] [INFO] [1773238220.830279311] [rviz2]: Message Filter dropping message: frame 'laser_link' at time 1495.781 for reason 'discarding message because the queue is full'
[rviz2-2] [INFO] [1773238220.862714752] [rviz2]: Message Filter dropping message: frame 'laser_link' at time 1495.811 for reason 'discarding message because the queue is full'
[rviz2-2] [INFO] [1773238220.897417041] [rviz2]: Message Filter dropping message: frame 'laser_link' at time 1495.851 for reason 'discarding message because the queue is full'
[rviz2-2] [INFO] [1773238220.927615330] [rviz2]: Message Filter dropping message: frame 'laser_link' at time 1495.881 for reason 'discarding message because the queue is full'
[rviz2-2] [INFO] [1773238220.959140829] [rviz2]: Message Filter dropping message: frame 'laser_link' at time 1495.911 for reason 'discarding message because the queue is full'
[rviz2-2] [INFO] [1773238220.992164580] [rviz2]: Message Filter dropping message: frame 'laser_link' at time 1495.941 for reason 'discarding message because the queue is full'
[rviz2-2] [INFO] [1773238221.023942802] [rviz2]: Message Filter dropping message: frame 'odom' at time 1494.320 for reason 'discarding message because the queue is full'
[rviz2-2] [INFO] [1773238221.024045394] [rviz2]: Message Filter dropping message: frame 'odom' at time 1490.238 for reason 'discarding message because the queue is full'
[rviz2-2] [INFO] [1773238221.024090699] [rviz2]: Message Filter dropping message: frame 'laser_link' at time 1495.971 for reason 'discarding message because the queue is full'
[rviz2-2] [INFO] [1773238221.054680840] [rviz2]: Message Filter dropping message: frame 'laser_link' at time 1496.011 for reason 'discarding message because the queue is full'
[rviz2-2] [INFO] [1773238221.087377079] [rviz2]: Message Filter dropping message: frame 'laser_link' at time 1496.041 for reason 'discarding message because the queue is full'
[rviz2-2] [INFO] [1773238221.120753099] [rviz2]: Message Filter dropping message: frame 'laser_link' at time 1496.071 for reason 'discarding message because the queue is full'
[rviz2-2] [INFO] [1773238221.151535730] [rviz2]: Message Filter dropping message: frame 'laser_link' at time 1496.101 for reason 'discarding message because the queue is full'
[rviz2-2] [INFO] [1773238221.184071078] [rviz2]: Message Filter dropping message: frame 'laser_link' at time 1496.131 for reason 'discarding message because the queue is full'
[rviz2-2] [INFO] [1773238221.216930041] [rviz2]: Message Filter dropping message: frame 'odom' at time 1494.520 for reason 'discarding message because the queue is full'
[rviz2-2] [INFO] [1773238221.217137950] [rviz2]: Message Filter dropping message: frame 'laser_link' at time 1496.171 for reason 'discarding message because the queue is full'
[rviz2-2] [INFO] [1773238221.246817950] [rviz2]: Message Filter dropping message: frame 'laser_link' at time 1496.201 for reason 'discarding message because the queue is full'
[rviz2-2] [INFO] [1773238221.280032998] [rviz2]: Message Filter dropping message: frame 'laser_link' at time 1496.231 for reason 'discarding message because the queue is full'
[rviz2-2] [INFO] [1773238221.310643127] [rviz2]: Message Filter dropping message: frame 'laser_link' at time 1496.261 for reason 'discarding message because the queue is full'
[component_container_isolated-1] [INFO] [1773238221.322855529] [global_costmap.global_costmap]: Timed out waiting for transform from base_link to map to become available, tf error: Invalid frame ID "map" passed to canTransform argument target_frame - frame does not exist
[rviz2-2] [INFO] [1773238221.343396192] [rviz2]: Message Filter dropping message: frame 'laser_link' at time 1496.291 for reason 'discarding message because the queue is full'
[rviz2-2] [INFO] [1773238221.374965103] [rviz2]: Message Filter dropping message: frame 'laser_link' at time 1496.321 for reason 'discarding message because the queue is full'
[rviz2-2] [INFO] [1773238221.406881604] [rviz2]: Message Filter dropping message: frame 'laser_link' at time 1496.361 for reason 'discarding message because the queue is full'
[rviz2-2] [INFO] [1773238221.440372058] [rviz2]: Message Filter dropping message: frame 'odom' at time 1494.720 for reason 'discarding message because the queue is full'
[rviz2-2] [INFO] [1773238221.440674023] [rviz2]: Message Filter dropping message: frame 'laser_link' at time 1496.391 for reason 'discarding message because the queue is full'
[rviz2-2] [INFO] [1773238221.469722963] [rviz2]: Message Filter dropping message: frame 'laser_link' at time 1496.421 for reason 'discarding message because the queue is full'
[rviz2-2] [INFO] [1773238221.503130772] [rviz2]: Message Filter dropping message: frame 'laser_link' at time 1496.451 for reason 'discarding message because the queue is full'
[rviz2-2] [INFO] [1773238221.535384393] [rviz2]: Message Filter dropping message: frame 'laser_link' at time 1496.491 for reason 'discarding message because the queue is full'
[rviz2-2] [INFO] [1773238221.567827799] [rviz2]: Message Filter dropping message: frame 'laser_link' at time 1496.521 for reason 'discarding message because the queue is full'
[rviz2-2] [INFO] [1773238221.600002143] [rviz2]: Message Filter dropping message: frame 'laser_link' at time 1496.551 for reason 'discarding message because the queue is full'
[rviz2-2] [INFO] [1773238221.630784804] [rviz2]: Message Filter dropping message: frame 'odom' at time 1494.920 for reason 'discarding message because the queue is full'
[rviz2-2] [INFO] [1773238221.631004314] [rviz2]: Message Filter dropping message: frame 'odom' at time 1490.838 for reason 'discarding message because the queue is full'
[rviz2-2] [INFO] [1773238221.631078924] [rviz2]: Message Filter dropping message: frame 'laser_link' at time 1496.581 for reason 'discarding message because the queue is full'
[rviz2-2] [INFO] [1773238221.662396635] [rviz2]: Message Filter dropping message: frame 'laser_link' at time 1496.611 for reason 'discarding message because the queue is full'
[rviz2-2] [INFO] [1773238221.695450713] [rviz2]: Message Filter dropping message: frame 'laser_link' at time 1496.641 for reason 'discarding message because the queue is full'
[rviz2-2] [INFO] [1773238221.726647529] [rviz2]: Message Filter dropping message: frame 'laser_link' at time 1496.681 for reason 'discarding message because the queue is full'
[rviz2-2] [INFO] [1773238221.759119628] [rviz2]: Message Filter dropping message: frame 'laser_link' at time 1496.711 for reason 'discarding message because the queue is full'
[rviz2-2] [INFO] [1773238221.791526216] [rviz2]: Message Filter dropping message: frame 'laser_link' at time 1496.741 for reason 'discarding message because the queue is full'
[rviz2-2] [INFO] [1773238221.822437217] [rviz2]: Message Filter dropping message: frame 'odom' at time 1495.120 for reason 'discarding message because the queue is full'
[rviz2-2] [INFO] [1773238221.822544407] [rviz2]: Message Filter dropping message: frame 'laser_link' at time 1496.771 for reason 'discarding message because the queue is full'
[component_container_isolated-1] [INFO] [1773238221.822853826] [global_costmap.global_costmap]: Timed out waiting for transform from base_link to map to become available, tf error: Invalid frame ID "map" passed to canTransform argument target_frame - frame does not exist
[rviz2-2] [INFO] [1773238221.854424100] [rviz2]: Message Filter dropping message: frame 'laser_link' at time 1496.811 for reason 'discarding message because the queue is full'
[rviz2-2] [INFO] [1773238221.889200999] [rviz2]: Message Filter dropping message: frame 'laser_link' at time 1496.841 for reason 'discarding message because the queue is full'
[rviz2-2] [INFO] [1773238221.918649075] [rviz2]: Message Filter dropping message: frame 'laser_link' at time 1496.871 for reason 'discarding message because the queue is full'
[rviz2-2] [INFO] [1773238221.950930648] [rviz2]: Message Filter dropping message: frame 'laser_link' at time 1496.901 for reason 'discarding message because the queue is full'
[rviz2-2] [INFO] [1773238221.984435890] [rviz2]: Message Filter dropping message: frame 'laser_link' at time 1496.931 for reason 'discarding message because the queue is full'
[rviz2-2] [INFO] [1773238222.014882944] [rviz2]: Message Filter dropping message: frame 'odom' at time 1495.320 for reason 'discarding message because the queue is full'
[rviz2-2] [INFO] [1773238222.014994853] [rviz2]: Message Filter dropping message: frame 'laser_link' at time 1496.971 for reason 'discarding message because the queue is full'
[rviz2-2] [INFO] [1773238222.047340677] [rviz2]: Message Filter dropping message: frame 'laser_link' at time 1497.001 for reason 'discarding message because the queue is full'
[rviz2-2] [INFO] [1773238222.081194100] [rviz2]: Message Filter dropping message: frame 'laser_link' at time 1497.031 for reason 'discarding message because the queue is full'
[rviz2-2] [INFO] [1773238222.110738887] [rviz2]: Message Filter dropping message: frame 'laser_link' at time 1497.061 for reason 'discarding message because the queue is full'
[rviz2-2] [INFO] [1773238222.143326172] [rviz2]: Message Filter dropping message: frame 'laser_link' at time 1497.091 for reason 'discarding message because the queue is full'
[rviz2-2] [INFO] [1773238222.176106509] [rviz2]: Message Filter dropping message: frame 'laser_link' at time 1497.121 for reason 'discarding message because the queue is full'
[rviz2-2] [INFO] [1773238222.207395036] [rviz2]: Message Filter dropping message: frame 'laser_link' at time 1497.161 for reason 'discarding message because the queue is full'
[rviz2-2] [INFO] [1773238222.239042946] [rviz2]: Message Filter dropping message: frame 'odom' at time 1495.520 for reason 'discarding message because the queue is full'
[rviz2-2] [INFO] [1773238222.239148002] [rviz2]: Message Filter dropping message: frame 'odom' at time 1491.438 for reason 'discarding message because the queue is full'
[rviz2-2] [INFO] [1773238222.239196422] [rviz2]: Message Filter dropping message: frame 'laser_link' at time 1497.191 for reason 'discarding message because the queue is full'
[rviz2-2] [INFO] [1773238222.270832951] [rviz2]: Message Filter dropping message: frame 'laser_link' at time 1497.221 for reason 'discarding message because the queue is full'
[rviz2-2] [INFO] [1773238222.302391012] [rviz2]: Message Filter dropping message: frame 'laser_link' at time 1497.251 for reason 'discarding message because the queue is full'
[component_container_isolated-1] [INFO] [1773238222.322849551] [global_costmap.global_costmap]: Timed out waiting for transform from base_link to map to become available, tf error: Invalid frame ID "map" passed to canTransform argument target_frame - frame does not exist
[rviz2-2] [INFO] [1773238222.334695188] [rviz2]: Message Filter dropping message: frame 'laser_link' at time 1497.281 for reason 'discarding message because the queue is full'
[rviz2-2] [INFO] [1773238222.367859753] [rviz2]: Message Filter dropping message: frame 'laser_link' at time 1497.321 for reason 'discarding message because the queue is full'
[rviz2-2] [INFO] [1773238222.399611046] [rviz2]: Message Filter dropping message: frame 'laser_link' at time 1497.351 for reason 'discarding message because the queue is full'
[rviz2-2] [INFO] [1773238222.430501649] [rviz2]: Message Filter dropping message: frame 'odom' at time 1495.720 for reason 'discarding message because the queue is full'
[rviz2-2] [INFO] [1773238222.430603800] [rviz2]: Message Filter dropping message: frame 'laser_link' at time 1497.381 for reason 'discarding message because the queue is full'
[rviz2-2] [INFO] [1773238222.463177560] [rviz2]: Message Filter dropping message: frame 'laser_link' at time 1497.411 for reason 'discarding message because the queue is full'
[rviz2-2] [INFO] [1773238222.495274789] [rviz2]: Message Filter dropping message: frame 'laser_link' at time 1497.451 for reason 'discarding message because the queue is full'
[rviz2-2] [INFO] [1773238222.526740829] [rviz2]: Message Filter dropping message: frame 'laser_link' at time 1497.481 for reason 'discarding message because the queue is full'
[rviz2-2] [INFO] [1773238222.559071074] [rviz2]: Message Filter dropping message: frame 'laser_link' at time 1497.511 for reason 'discarding message because the queue is full'
[rviz2-2] [INFO] [1773238222.590141844] [rviz2]: Message Filter dropping message: frame 'laser_link' at time 1497.541 for reason 'discarding message because the queue is full'
[rviz2-2] [INFO] [1773238222.623139397] [rviz2]: Message Filter dropping message: frame 'odom' at time 1495.920 for reason 'discarding message because the queue is full'
[rviz2-2] [INFO] [1773238222.623239133] [rviz2]: Message Filter dropping message: frame 'laser_link' at time 1497.571 for reason 'discarding message because the queue is full'
[rviz2-2] [INFO] [1773238222.655324200] [rviz2]: Message Filter dropping message: frame 'laser_link' at time 1497.601 for reason 'discarding message because the queue is full'
[rviz2-2] [INFO] [1773238222.687682647] [rviz2]: Message Filter dropping message: frame 'laser_link' at time 1497.641 for reason 'discarding message because the queue is full'
[rviz2-2] [INFO] [1773238222.718712030] [rviz2]: Message Filter dropping message: frame 'laser_link' at time 1497.671 for reason 'discarding message because the queue is full'
[component_container_isolated-1] [WARN] [1773238222.724861608] [amcl]: AMCL cannot publish a pose or update the transform. Please set the initial pose...
[rviz2-2] [INFO] [1773238222.750781127] [rviz2]: Message Filter dropping message: frame 'laser_link' at time 1497.701 for reason 'discarding message because the queue is full'
[rviz2-2] [INFO] [1773238222.783073632] [rviz2]: Message Filter dropping message: frame 'laser_link' at time 1497.731 for reason 'discarding message because the queue is full'
[rviz2-2] [INFO] [1773238222.814726300] [rviz2]: Message Filter dropping message: frame 'odom' at time 1496.120 for reason 'discarding message because the queue is full'
[rviz2-2] [INFO] [1773238222.814961399] [rviz2]: Message Filter dropping message: frame 'odom' at time 1492.038 for reason 'discarding message because the queue is full'
[rviz2-2] [INFO] [1773238222.815057399] [rviz2]: Message Filter dropping message: frame 'laser_link' at time 1497.761 for reason 'discarding message because the queue is full'
[component_container_isolated-1] [INFO] [1773238222.822854035] [global_costmap.global_costmap]: Timed out waiting for transform from base_link to map to become available, tf error: Invalid frame ID "map" passed to canTransform argument target_frame - frame does not exist
[rviz2-2] [INFO] [1773238222.848105305] [rviz2]: Message Filter dropping message: frame 'laser_link' at time 1497.801 for reason 'discarding message because the queue is full'
[rviz2-2] [INFO] [1773238222.878974409] [rviz2]: Message Filter dropping message: frame 'laser_link' at time 1497.831 for reason 'discarding message because the queue is full'
[rviz2-2] [INFO] [1773238222.911074834] [rviz2]: Message Filter dropping message: frame 'laser_link' at time 1497.861 for reason 'discarding message because the queue is full'
[rviz2-2] [INFO] [1773238222.943535352] [rviz2]: Message Filter dropping message: frame 'laser_link' at time 1497.891 for reason 'discarding message because the queue is full'
[rviz2-2] [INFO] [1773238222.974947261] [rviz2]: Message Filter dropping message: frame 'laser_link' at time 1497.921 for reason 'discarding message because the queue is full'
[rviz2-2] [INFO] [1773238223.007005718] [rviz2]: Message Filter dropping message: frame 'laser_link' at time 1497.961 for reason 'discarding message because the queue is full'
[rviz2-2] [INFO] [1773238223.038661311] [rviz2]: Message Filter dropping message: frame 'odom' at time 1496.320 for reason 'discarding message because the queue is full'
[rviz2-2] [INFO] [1773238223.038763062] [rviz2]: Message Filter dropping message: frame 'laser_link' at time 1497.991 for reason 'discarding message because the queue is full'
[rviz2-2] [INFO] [1773238223.069816600] [rviz2]: Message Filter dropping message: frame 'laser_link' at time 1498.021 for reason 'discarding message because the queue is full'
[rviz2-2] [INFO] [1773238223.102989221] [rviz2]: Message Filter dropping message: frame 'laser_link' at time 1498.051 for reason 'discarding message because the queue is full'
[rviz2-2] [INFO] [1773238223.135823709] [rviz2]: Message Filter dropping message: frame 'laser_link' at time 1498.081 for reason 'discarding message because the queue is full'
[rviz2-2] [INFO] [1773238223.166998554] [rviz2]: Message Filter dropping message: frame 'laser_link' at time 1498.121 for reason 'discarding message because the queue is full'
[rviz2-2] [INFO] [1773238223.199927398] [rviz2]: Message Filter dropping message: frame 'laser_link' at time 1498.151 for reason 'discarding message because the queue is full'
[rviz2-2] [INFO] [1773238223.230972271] [rviz2]: Message Filter dropping message: frame 'odom' at time 1496.520 for reason 'discarding message because the queue is full'
[rviz2-2] [INFO] [1773238223.231111010] [rviz2]: Message Filter dropping message: frame 'laser_link' at time 1498.181 for reason 'discarding message because the queue is full'
[rviz2-2] [INFO] [1773238223.262421459] [rviz2]: Message Filter dropping message: frame 'laser_link' at time 1498.211 for reason 'discarding message because the queue is full'
[rviz2-2] [INFO] [1773238223.296298145] [rviz2]: Message Filter dropping message: frame 'laser_link' at time 1498.241 for reason 'discarding message because the queue is full'
[component_container_isolated-1] [INFO] [1773238223.322863182] [global_costmap.global_costmap]: Timed out waiting for transform from base_link to map to become available, tf error: Invalid frame ID "map" passed to canTransform argument target_frame - frame does not exist
[rviz2-2] [INFO] [1773238223.326992141] [rviz2]: Message Filter dropping message: frame 'laser_link' at time 1498.281 for reason 'discarding message because the queue is full'
[rviz2-2] [INFO] [1773238223.359147249] [rviz2]: Message Filter dropping message: frame 'laser_link' at time 1498.311 for reason 'discarding message because the queue is full'
[rviz2-2] [INFO] [1773238223.391432621] [rviz2]: Message Filter dropping message: frame 'laser_link' at time 1498.341 for reason 'discarding message because the queue is full'
[rviz2-2] [INFO] [1773238223.423470780] [rviz2]: Message Filter dropping message: frame 'odom' at time 1496.720 for reason 'discarding message because the queue is full'
[rviz2-2] [INFO] [1773238223.423602466] [rviz2]: Message Filter dropping message: frame 'odom' at time 1492.638 for reason 'discarding message because the queue is full'
[rviz2-2] [INFO] [1773238223.423660906] [rviz2]: Message Filter dropping message: frame 'laser_link' at time 1498.371 for reason 'discarding message because the queue is full'
[rviz2-2] [INFO] [1773238223.455019094] [rviz2]: Message Filter dropping message: frame 'laser_link' at time 1498.401 for reason 'discarding message because the queue is full'
[rviz2-2] [INFO] [1773238223.488278797] [rviz2]: Message Filter dropping message: frame 'laser_link' at time 1498.441 for reason 'discarding message because the queue is full'
[rviz2-2] [INFO] [1773238223.519284235] [rviz2]: Message Filter dropping message: frame 'laser_link' at time 1498.471 for reason 'discarding message because the queue is full'
[rviz2-2] [INFO] [1773238223.551024387] [rviz2]: Message Filter dropping message: frame 'laser_link' at time 1498.501 for reason 'discarding message because the queue is full'
[rviz2-2] [INFO] [1773238223.584603337] [rviz2]: Message Filter dropping message: frame 'laser_link' at time 1498.531 for reason 'discarding message because the queue is full'
[rviz2-2] [INFO] [1773238223.614339553] [rviz2]: Message Filter dropping message: frame 'odom' at time 1496.920 for reason 'discarding message because the queue is full'
[rviz2-2] [INFO] [1773238223.614525911] [rviz2]: Message Filter dropping message: frame 'laser_link' at time 1498.561 for reason 'discarding message because the queue is full'
[rviz2-2] [INFO] [1773238223.646990127] [rviz2]: Message Filter dropping message: frame 'laser_link' at time 1498.601 for reason 'discarding message because the queue is full'
[rviz2-2] [INFO] [1773238223.679375486] [rviz2]: Message Filter dropping message: frame 'laser_link' at time 1498.631 for reason 'discarding message because the queue is full'
[rviz2-2] [INFO] [1773238223.710985043] [rviz2]: Message Filter dropping message: frame 'laser_link' at time 1498.661 for reason 'discarding message because the queue is full'
[rviz2-2] [INFO] [1773238223.742809563] [rviz2]: Message Filter dropping message: frame 'laser_link' at time 1498.691 for reason 'discarding message because the queue is full'
[rviz2-2] [INFO] [1773238223.774943161] [rviz2]: Message Filter dropping message: frame 'laser_link' at time 1498.721 for reason 'discarding message because the queue is full'
[rviz2-2] [INFO] [1773238223.808395474] [rviz2]: Message Filter dropping message: frame 'laser_link' at time 1498.761 for reason 'discarding message because the queue is full'
[component_container_isolated-1] [INFO] [1773238223.822853836] [global_costmap.global_costmap]: Timed out waiting for transform from base_link to map to become available, tf error: Invalid frame ID "map" passed to canTransform argument target_frame - frame does not exist
[rviz2-2] [INFO] [1773238223.838810900] [rviz2]: Message Filter dropping message: frame 'odom' at time 1497.120 for reason 'discarding message because the queue is full'
[rviz2-2] [INFO] [1773238223.838941073] [rviz2]: Message Filter dropping message: frame 'laser_link' at time 1498.791 for reason 'discarding message because the queue is full'
[rviz2-2] [INFO] [1773238223.871477083] [rviz2]: Message Filter dropping message: frame 'laser_link' at time 1498.821 for reason 'discarding message because the queue is full'
[rviz2-2] [INFO] [1773238223.904612183] [rviz2]: Message Filter dropping message: frame 'laser_link' at time 1498.851 for reason 'discarding message because the queue is full'
[rviz2-2] [INFO] [1773238223.935439369] [rviz2]: Message Filter dropping message: frame 'laser_link' at time 1498.881 for reason 'discarding message because the queue is full'
[rviz2-2] [INFO] [1773238223.967429358] [rviz2]: Message Filter dropping message: frame 'laser_link' at time 1498.921 for reason 'discarding message because the queue is full'
[rviz2-2] [INFO] [1773238224.000289414] [rviz2]: Message Filter dropping message: frame 'laser_link' at time 1498.951 for reason 'discarding message because the queue is full'
[rviz2-2] [INFO] [1773238224.031657520] [rviz2]: Message Filter dropping message: frame 'odom' at time 1497.320 for reason 'discarding message because the queue is full'
[rviz2-2] [INFO] [1773238224.031895746] [rviz2]: Message Filter dropping message: frame 'odom' at time 1493.238 for reason 'discarding message because the queue is full'
[rviz2-2] [INFO] [1773238224.031980765] [rviz2]: Message Filter dropping message: frame 'laser_link' at time 1498.981 for reason 'discarding message because the queue is full'
[rviz2-2] [INFO] [1773238224.062737920] [rviz2]: Message Filter dropping message: frame 'laser_link' at time 1499.011 for reason 'discarding message because the queue is full'
[rviz2-2] [INFO] [1773238224.096166188] [rviz2]: Message Filter dropping message: frame 'laser_link' at time 1499.041 for reason 'discarding message because the queue is full'
[rviz2-2] [INFO] [1773238224.128621157] [rviz2]: Message Filter dropping message: frame 'laser_link' at time 1499.081 for reason 'discarding message because the queue is full'
[rviz2-2] [INFO] [1773238224.160148291] [rviz2]: Message Filter dropping message: frame 'laser_link' at time 1499.111 for reason 'discarding message because the queue is full'
[rviz2-2] [INFO] [1773238224.191499978] [rviz2]: Message Filter dropping message: frame 'laser_link' at time 1499.141 for reason 'discarding message because the queue is full'
[rviz2-2] [INFO] [1773238224.223674081] [rviz2]: Message Filter dropping message: frame 'odom' at time 1497.520 for reason 'discarding message because the queue is full'
[rviz2-2] [INFO] [1773238224.224153227] [rviz2]: Message Filter dropping message: frame 'laser_link' at time 1499.171 for reason 'discarding message because the queue is full'
[rviz2-2] [INFO] [1773238224.257230500] [rviz2]: Message Filter dropping message: frame 'laser_link' at time 1499.201 for reason 'discarding message because the queue is full'
[rviz2-2] [INFO] [1773238224.288356314] [rviz2]: Message Filter dropping message: frame 'laser_link' at time 1499.241 for reason 'discarding message because the queue is full'
[rviz2-2] [INFO] [1773238224.319384475] [rviz2]: Message Filter dropping message: frame 'laser_link' at time 1499.271 for reason 'discarding message because the queue is full'
[component_container_isolated-1] [INFO] [1773238224.322850725] [global_costmap.global_costmap]: Timed out waiting for transform from base_link to map to become available, tf error: Invalid frame ID "map" passed to canTransform argument target_frame - frame does not exist
[rviz2-2] [INFO] [1773238224.353362271] [rviz2]: Message Filter dropping message: frame 'laser_link' at time 1499.301 for reason 'discarding message because the queue is full'
[rviz2-2] [INFO] [1773238224.384365947] [rviz2]: Message Filter dropping message: frame 'laser_link' at time 1499.331 for reason 'discarding message because the queue is full'
[rviz2-2] [INFO] [1773238224.415111970] [rviz2]: Message Filter dropping message: frame 'odom' at time 1497.720 for reason 'discarding message because the queue is full'
[rviz2-2] [INFO] [1773238224.415211046] [rviz2]: Message Filter dropping message: frame 'laser_link' at time 1499.361 for reason 'discarding message because the queue is full'
[rviz2-2] [INFO] [1773238224.447611242] [rviz2]: Message Filter dropping message: frame 'laser_link' at time 1499.401 for reason 'discarding message because the queue is full'
[rviz2-2] [INFO] [1773238224.481400516] [rviz2]: Message Filter dropping message: frame 'laser_link' at time 1499.431 for reason 'discarding message because the queue is full'
[rviz2-2] [INFO] [1773238224.511245645] [rviz2]: Message Filter dropping message: frame 'laser_link' at time 1499.461 for reason 'discarding message because the queue is full'
[rviz2-2] [INFO] [1773238224.543244752] [rviz2]: Message Filter dropping message: frame 'laser_link' at time 1499.491 for reason 'discarding message because the queue is full'
[rviz2-2] [INFO] [1773238224.576504155] [rviz2]: Message Filter dropping message: frame 'laser_link' at time 1499.531 for reason 'discarding message because the queue is full'
[rviz2-2] [INFO] [1773238224.607277770] [rviz2]: Message Filter dropping message: frame 'laser_link' at time 1499.561 for reason 'discarding message because the queue is full'
[rviz2-2] [INFO] [1773238224.639136935] [rviz2]: Message Filter dropping message: frame 'odom' at time 1497.920 for reason 'discarding message because the queue is full'
[rviz2-2] [INFO] [1773238224.639237052] [rviz2]: Message Filter dropping message: frame 'odom' at time 1493.838 for reason 'discarding message because the queue is full'
[rviz2-2] [INFO] [1773238224.639285483] [rviz2]: Message Filter dropping message: frame 'laser_link' at time 1499.591 for reason 'discarding message because the queue is full'
[rviz2-2] [INFO] [1773238224.671072503] [rviz2]: Message Filter dropping message: frame 'laser_link' at time 1499.621 for reason 'discarding message because the queue is full'
[rviz2-2] [INFO] [1773238224.704614555] [rviz2]: Message Filter dropping message: frame 'laser_link' at time 1499.651 for reason 'discarding message because the queue is full'
[rviz2-2] [INFO] [1773238224.734393701] [rviz2]: Message Filter dropping message: frame 'laser_link' at time 1499.681 for reason 'discarding message because the queue is full'
[rviz2-2] [INFO] [1773238224.767646441] [rviz2]: Message Filter dropping message: frame 'laser_link' at time 1499.721 for reason 'discarding message because the queue is full'
[rviz2-2] [INFO] [1773238224.801561510] [rviz2]: Message Filter dropping message: frame 'laser_link' at time 1499.751 for reason 'discarding message because the queue is full'
[component_container_isolated-1] [INFO] [1773238224.822851414] [global_costmap.global_costmap]: Timed out waiting for transform from base_link to map to become available, tf error: Invalid frame ID "map" passed to canTransform argument target_frame - frame does not exist
[component_container_isolated-1] [WARN] [1773238224.825964475] [amcl]: AMCL cannot publish a pose or update the transform. Please set the initial pose...
[rviz2-2] [INFO] [1773238224.830865167] [rviz2]: Message Filter dropping message: frame 'odom' at time 1498.120 for reason 'discarding message because the queue is full'
[rviz2-2] [INFO] [1773238224.830967739] [rviz2]: Message Filter dropping message: frame 'laser_link' at time 1499.781 for reason 'discarding message because the queue is full'
[rviz2-2] [INFO] [1773238224.862956406] [rviz2]: Message Filter dropping message: frame 'laser_link' at time 1499.811 for reason 'discarding message because the queue is full'
[rviz2-2] [INFO] [1773238224.895223233] [rviz2]: Message Filter dropping message: frame 'laser_link' at time 1499.842 for reason 'discarding message because the queue is full'
[rviz2-2] [INFO] [1773238224.928531467] [rviz2]: Message Filter dropping message: frame 'laser_link' at time 1499.881 for reason 'discarding message because the queue is full'
[rviz2-2] [INFO] [1773238224.959690774] [rviz2]: Message Filter dropping message: frame 'laser_link' at time 1499.911 for reason 'discarding message because the queue is full'
[rviz2-2] [INFO] [1773238224.991953714] [rviz2]: Message Filter dropping message: frame 'laser_link' at time 1499.941 for reason 'discarding message because the queue is full'
[rviz2-2] [INFO] [1773238225.022962479] [rviz2]: Message Filter dropping message: frame 'odom' at time 1498.320 for reason 'discarding message because the queue is full'
[rviz2-2] [INFO] [1773238225.023184765] [rviz2]: Message Filter dropping message: frame 'laser_link' at time 1499.971 for reason 'discarding message because the queue is full'
[rviz2-2] [INFO] [1773238225.055126895] [rviz2]: Message Filter dropping message: frame 'laser_link' at time 1500.001 for reason 'discarding message because the queue is full'
[rviz2-2] [INFO] [1773238225.087810823] [rviz2]: Message Filter dropping message: frame 'laser_link' at time 1500.041 for reason 'discarding message because the queue is full'
[rviz2-2] [INFO] [1773238225.119374806] [rviz2]: Message Filter dropping message: frame 'laser_link' at time 1500.071 for reason 'discarding message because the queue is full'
[rviz2-2] [INFO] [1773238225.151806382] [rviz2]: Message Filter dropping message: frame 'laser_link' at time 1500.101 for reason 'discarding message because the queue is full'
[rviz2-2] [INFO] [1773238225.184563135] [rviz2]: Message Filter dropping message: frame 'laser_link' at time 1500.131 for reason 'discarding message because the queue is full'
[rviz2-2] [INFO] [1773238225.215188053] [rviz2]: Message Filter dropping message: frame 'odom' at time 1498.520 for reason 'discarding message because the queue is full'
[rviz2-2] [INFO] [1773238225.215286607] [rviz2]: Message Filter dropping message: frame 'odom' at time 1494.438 for reason 'discarding message because the queue is full'
[rviz2-2] [INFO] [1773238225.215333796] [rviz2]: Message Filter dropping message: frame 'laser_link' at time 1500.161 for reason 'discarding message because the queue is full'
[rviz2-2] [INFO] [1773238225.247161422] [rviz2]: Message Filter dropping message: frame 'laser_link' at time 1500.201 for reason 'discarding message because the queue is full'
[rviz2-2] [INFO] [1773238225.280277457] [rviz2]: Message Filter dropping message: frame 'laser_link' at time 1500.231 for reason 'discarding message because the queue is full'
[rviz2-2] [INFO] [1773238225.311663308] [rviz2]: Message Filter dropping message: frame 'laser_link' at time 1500.261 for reason 'discarding message because the queue is full'
[component_container_isolated-1] [INFO] [1773238225.322860513] [global_costmap.global_costmap]: Timed out waiting for transform from base_link to map to become available, tf error: Invalid frame ID "map" passed to canTransform argument target_frame - frame does not exist
[rviz2-2] [INFO] [1773238225.343104261] [rviz2]: Message Filter dropping message: frame 'laser_link' at time 1500.291 for reason 'discarding message because the queue is full'
[rviz2-2] [INFO] [1773238225.375628650] [rviz2]: Message Filter dropping message: frame 'laser_link' at time 1500.321 for reason 'discarding message because the queue is full'
[rviz2-2] [INFO] [1773238225.407549140] [rviz2]: Message Filter dropping message: frame 'laser_link' at time 1500.361 for reason 'discarding message because the queue is full'
[rviz2-2] [INFO] [1773238225.439399008] [rviz2]: Message Filter dropping message: frame 'odom' at time 1498.720 for reason 'discarding message because the queue is full'
[rviz2-2] [INFO] [1773238225.439556703] [rviz2]: Message Filter dropping message: frame 'laser_link' at time 1500.391 for reason 'discarding message because the queue is full'
[rviz2-2] [INFO] [1773238225.471481501] [rviz2]: Message Filter dropping message: frame 'laser_link' at time 1500.421 for reason 'discarding message because the queue is full'
[rviz2-2] [INFO] [1773238225.503422710] [rviz2]: Message Filter dropping message: frame 'laser_link' at time 1500.451 for reason 'discarding message because the queue is full'
[rviz2-2] [INFO] [1773238225.534628254] [rviz2]: Message Filter dropping message: frame 'laser_link' at time 1500.481 for reason 'discarding message because the queue is full'
[rviz2-2] [INFO] [1773238225.566379808] [rviz2]: Message Filter dropping message: frame 'laser_link' at time 1500.511 for reason 'discarding message because the queue is full'
[rviz2-2] [INFO] [1773238225.600078392] [rviz2]: Message Filter dropping message: frame 'laser_link' at time 1500.551 for reason 'discarding message because the queue is full'
[rviz2-2] [INFO] [1773238225.631368814] [rviz2]: Message Filter dropping message: frame 'odom' at time 1498.920 for reason 'discarding message because the queue is full'
[rviz2-2] [INFO] [1773238225.631472929] [rviz2]: Message Filter dropping message: frame 'laser_link' at time 1500.581 for reason 'discarding message because the queue is full'
[rviz2-2] [INFO] [1773238225.663485391] [rviz2]: Message Filter dropping message: frame 'laser_link' at time 1500.611 for reason 'discarding message because the queue is full'
[rviz2-2] [INFO] [1773238225.695941743] [rviz2]: Message Filter dropping message: frame 'laser_link' at time 1500.641 for reason 'discarding message because the queue is full'
[rviz2-2] [INFO] [1773238225.728066916] [rviz2]: Message Filter dropping message: frame 'laser_link' at time 1500.671 for reason 'discarding message because the queue is full'
[rviz2-2] [INFO] [1773238225.758823359] [rviz2]: Message Filter dropping message: frame 'laser_link' at time 1500.711 for reason 'discarding message because the queue is full'
[rviz2-2] [INFO] [1773238225.791574512] [rviz2]: Message Filter dropping message: frame 'laser_link' at time 1500.741 for reason 'discarding message because the queue is full'
[component_container_isolated-1] [INFO] [1773238225.822859945] [global_costmap.global_costmap]: Timed out waiting for transform from base_link to map to become available, tf error: Invalid frame ID "map" passed to canTransform argument target_frame - frame does not exist
[rviz2-2] [INFO] [1773238225.823533554] [rviz2]: Message Filter dropping message: frame 'odom' at time 1499.120 for reason 'discarding message because the queue is full'
[rviz2-2] [INFO] [1773238225.823654390] [rviz2]: Message Filter dropping message: frame 'odom' at time 1495.038 for reason 'discarding message because the queue is full'
[rviz2-2] [INFO] [1773238225.823713771] [rviz2]: Message Filter dropping message: frame 'laser_link' at time 1500.771 for reason 'discarding message because the queue is full'
[rviz2-2] [INFO] [1773238225.854727386] [rviz2]: Message Filter dropping message: frame 'laser_link' at time 1500.801 for reason 'discarding message because the queue is full'
[rviz2-2] [INFO] [1773238225.887961772] [rviz2]: Message Filter dropping message: frame 'laser_link' at time 1500.831 for reason 'discarding message because the queue is full'
[rviz2-2] [INFO] [1773238225.919101393] [rviz2]: Message Filter dropping message: frame 'laser_link' at time 1500.871 for reason 'discarding message because the queue is full'
[rviz2-2] [INFO] [1773238225.951541143] [rviz2]: Message Filter dropping message: frame 'laser_link' at time 1500.901 for reason 'discarding message because the queue is full'
[rviz2-2] [INFO] [1773238225.984259796] [rviz2]: Message Filter dropping message: frame 'laser_link' at time 1500.931 for reason 'discarding message because the queue is full'
[rviz2-2] [INFO] [1773238226.014722150] [rviz2]: Message Filter dropping message: frame 'odom' at time 1499.320 for reason 'discarding message because the queue is full'
[rviz2-2] [INFO] [1773238226.014888380] [rviz2]: Message Filter dropping message: frame 'laser_link' at time 1500.961 for reason 'discarding message because the queue is full'
[rviz2-2] [INFO] [1773238226.047309266] [rviz2]: Message Filter dropping message: frame 'laser_link' at time 1501.001 for reason 'discarding message because the queue is full'
[rviz2-2] [INFO] [1773238226.079924806] [rviz2]: Message Filter dropping message: frame 'laser_link' at time 1501.031 for reason 'discarding message because the queue is full'
[rviz2-2] [INFO] [1773238226.111390777] [rviz2]: Message Filter dropping message: frame 'laser_link' at time 1501.061 for reason 'discarding message because the queue is full'
[rviz2-2] [INFO] [1773238226.142956564] [rviz2]: Message Filter dropping message: frame 'laser_link' at time 1501.091 for reason 'discarding message because the queue is full'
[rviz2-2] [INFO] [1773238226.174093991] [rviz2]: Message Filter dropping message: frame 'laser_link' at time 1501.121 for reason 'discarding message because the queue is full'
[rviz2-2] [INFO] [1773238226.207718828] [rviz2]: Message Filter dropping message: frame 'laser_link' at time 1501.151 for reason 'discarding message because the queue is full'
[rviz2-2] [INFO] [1773238226.239413716] [rviz2]: Message Filter dropping message: frame 'odom' at time 1499.520 for reason 'discarding message because the queue is full'
[rviz2-2] [INFO] [1773238226.239512481] [rviz2]: Message Filter dropping message: frame 'laser_link' at time 1501.191 for reason 'discarding message because the queue is full'
[rviz2-2] [INFO] [1773238226.271497512] [rviz2]: Message Filter dropping message: frame 'laser_link' at time 1501.221 for reason 'discarding message because the queue is full'
[rviz2-2] [INFO] [1773238226.304142146] [rviz2]: Message Filter dropping message: frame 'laser_link' at time 1501.251 for reason 'discarding message because the queue is full'
[component_container_isolated-1] [INFO] [1773238226.322850785] [global_costmap.global_costmap]: Timed out waiting for transform from base_link to map to become available, tf error: Invalid frame ID "map" passed to canTransform argument target_frame - frame does not exist
[rviz2-2] [INFO] [1773238226.335095809] [rviz2]: Message Filter dropping message: frame 'laser_link' at time 1501.281 for reason 'discarding message because the queue is full'
[rviz2-2] [INFO] [1773238226.366432979] [rviz2]: Message Filter dropping message: frame 'laser_link' at time 1501.311 for reason 'discarding message because the queue is full'
[rviz2-2] [INFO] [1773238226.401168192] [rviz2]: Message Filter dropping message: frame 'laser_link' at time 1501.351 for reason 'discarding message because the queue is full'
[rviz2-2] [INFO] [1773238226.431884030] [rviz2]: Message Filter dropping message: frame 'odom' at time 1499.720 for reason 'discarding message because the queue is full'
[rviz2-2] [INFO] [1773238226.431981001] [rviz2]: Message Filter dropping message: frame 'odom' at time 1495.638 for reason 'discarding message because the queue is full'
[rviz2-2] [INFO] [1773238226.432028210] [rviz2]: Message Filter dropping message: frame 'laser_link' at time 1501.381 for reason 'discarding message because the queue is full'
[rviz2-2] [INFO] [1773238226.462435411] [rviz2]: Message Filter dropping message: frame 'laser_link' at time 1501.411 for reason 'discarding message because the queue is full'
[rviz2-2] [INFO] [1773238226.494632699] [rviz2]: Message Filter dropping message: frame 'laser_link' at time 1501.441 for reason 'discarding message because the queue is full'
[rviz2-2] [INFO] [1773238226.528619442] [rviz2]: Message Filter dropping message: frame 'laser_link' at time 1501.471 for reason 'discarding message because the queue is full'
[rviz2-2] [INFO] [1773238226.560071717] [rviz2]: Message Filter dropping message: frame 'laser_link' at time 1501.511 for reason 'discarding message because the queue is full'
[rviz2-2] [INFO] [1773238226.591239711] [rviz2]: Message Filter dropping message: frame 'laser_link' at time 1501.541 for reason 'discarding message because the queue is full'
[rviz2-2] [INFO] [1773238226.623396002] [rviz2]: Message Filter dropping message: frame 'odom' at time 1499.920 for reason 'discarding message because the queue is full'
[rviz2-2] [INFO] [1773238226.623540793] [rviz2]: Message Filter dropping message: frame 'laser_link' at time 1501.571 for reason 'discarding message because the queue is full'
[rviz2-2] [INFO] [1773238226.655015129] [rviz2]: Message Filter dropping message: frame 'laser_link' at time 1501.601 for reason 'discarding message because the queue is full'
[rviz2-2] [INFO] [1773238226.687439582] [rviz2]: Message Filter dropping message: frame 'laser_link' at time 1501.631 for reason 'discarding message because the queue is full'
[rviz2-2] [INFO] [1773238226.719401089] [rviz2]: Message Filter dropping message: frame 'laser_link' at time 1501.671 for reason 'discarding message because the queue is full'
[rviz2-2] [INFO] [1773238226.751765900] [rviz2]: Message Filter dropping message: frame 'laser_link' at time 1501.701 for reason 'discarding message because the queue is full'
[rviz2-2] [INFO] [1773238226.784253641] [rviz2]: Message Filter dropping message: frame 'laser_link' at time 1501.731 for reason 'discarding message because the queue is full'
[rviz2-2] [INFO] [1773238226.816119379] [rviz2]: Message Filter dropping message: frame 'odom' at time 1500.120 for reason 'discarding message because the queue is full'
[rviz2-2] [INFO] [1773238226.816273768] [rviz2]: Message Filter dropping message: frame 'laser_link' at time 1501.761 for reason 'discarding message because the queue is full'
[component_container_isolated-1] [INFO] [1773238226.822855153] [global_costmap.global_costmap]: Timed out waiting for transform from base_link to map to become available, tf error: Invalid frame ID "map" passed to canTransform argument target_frame - frame does not exist
[rviz2-2] [INFO] [1773238226.847601860] [rviz2]: Message Filter dropping message: frame 'laser_link' at time 1501.801 for reason 'discarding message because the queue is full'
[rviz2-2] [INFO] [1773238226.880336753] [rviz2]: Message Filter dropping message: frame 'laser_link' at time 1501.831 for reason 'discarding message because the queue is full'
[rviz2-2] [INFO] [1773238226.910369995] [rviz2]: Message Filter dropping message: frame 'laser_link' at time 1501.861 for reason 'discarding message because the queue is full'
[component_container_isolated-1] [WARN] [1773238226.927315798] [amcl]: AMCL cannot publish a pose or update the transform. Please set the initial pose...
[rviz2-2] [INFO] [1773238226.943510327] [rviz2]: Message Filter dropping message: frame 'laser_link' at time 1501.891 for reason 'discarding message because the queue is full'
[rviz2-2] [INFO] [1773238226.974737741] [rviz2]: Message Filter dropping message: frame 'laser_link' at time 1501.921 for reason 'discarding message because the queue is full'
[rviz2-2] [INFO] [1773238227.006786451] [rviz2]: Message Filter dropping message: frame 'laser_link' at time 1501.951 for reason 'discarding message because the queue is full'
[rviz2-2] [INFO] [1773238227.039449601] [rviz2]: Message Filter dropping message: frame 'odom' at time 1500.320 for reason 'discarding message because the queue is full'
[rviz2-2] [INFO] [1773238227.039557733] [rviz2]: Message Filter dropping message: frame 'odom' at time 1496.238 for reason 'discarding message because the queue is full'
[rviz2-2] [INFO] [1773238227.039608067] [rviz2]: Message Filter dropping message: frame 'laser_link' at time 1501.991 for reason 'discarding message because the queue is full'
[rviz2-2] [INFO] [1773238227.071647210] [rviz2]: Message Filter dropping message: frame 'laser_link' at time 1502.021 for reason 'discarding message because the queue is full'
[rviz2-2] [INFO] [1773238227.103627642] [rviz2]: Message Filter dropping message: frame 'laser_link' at time 1502.051 for reason 'discarding message because the queue is full'
[rviz2-2] [INFO] [1773238227.135682164] [rviz2]: Message Filter dropping message: frame 'laser_link' at time 1502.081 for reason 'discarding message because the queue is full'
[rviz2-2] [INFO] [1773238227.168339132] [rviz2]: Message Filter dropping message: frame 'laser_link' at time 1502.111 for reason 'discarding message because the queue is full'
[rviz2-2] [INFO] [1773238227.200820421] [rviz2]: Message Filter dropping message: frame 'laser_link' at time 1502.151 for reason 'discarding message because the queue is full'
[rviz2-2] [INFO] [1773238227.231851980] [rviz2]: Message Filter dropping message: frame 'odom' at time 1500.520 for reason 'discarding message because the queue is full'
[rviz2-2] [INFO] [1773238227.231956635] [rviz2]: Message Filter dropping message: frame 'laser_link' at time 1502.181 for reason 'discarding message because the queue is full'
[rviz2-2] [INFO] [1773238227.262744579] [rviz2]: Message Filter dropping message: frame 'laser_link' at time 1502.211 for reason 'discarding message because the queue is full'
[rviz2-2] [INFO] [1773238227.297075807] [rviz2]: Message Filter dropping message: frame 'laser_link' at time 1502.241 for reason 'discarding message because the queue is full'
[component_container_isolated-1] [INFO] [1773238227.322854034] [global_costmap.global_costmap]: Timed out waiting for transform from base_link to map to become available, tf error: Invalid frame ID "map" passed to canTransform argument target_frame - frame does not exist
[rviz2-2] [INFO] [1773238227.328204106] [rviz2]: Message Filter dropping message: frame 'laser_link' at time 1502.271 for reason 'discarding message because the queue is full'
[rviz2-2] [INFO] [1773238227.360341413] [rviz2]: Message Filter dropping message: frame 'laser_link' at time 1502.311 for reason 'discarding message because the queue is full'
[rviz2-2] [INFO] [1773238227.392482596] [rviz2]: Message Filter dropping message: frame 'laser_link' at time 1502.341 for reason 'discarding message because the queue is full'
[rviz2-2] [INFO] [1773238227.423403288] [rviz2]: Message Filter dropping message: frame 'odom' at time 1500.720 for reason 'discarding message because the queue is full'
[rviz2-2] [INFO] [1773238227.423522140] [rviz2]: Message Filter dropping message: frame 'laser_link' at time 1502.371 for reason 'discarding message because the queue is full'
[rviz2-2] [INFO] [1773238227.454809387] [rviz2]: Message Filter dropping message: frame 'laser_link' at time 1502.401 for reason 'discarding message because the queue is full'
[rviz2-2] [INFO] [1773238227.489984372] [rviz2]: Message Filter dropping message: frame 'laser_link' at time 1502.431 for reason 'discarding message because the queue is full'
[rviz2-2] [INFO] [1773238227.519705110] [rviz2]: Message Filter dropping message: frame 'laser_link' at time 1502.471 for reason 'discarding message because the queue is full'
[rviz2-2] [INFO] [1773238227.551688990] [rviz2]: Message Filter dropping message: frame 'laser_link' at time 1502.501 for reason 'discarding message because the queue is full'
[rviz2-2] [INFO] [1773238227.587418752] [rviz2]: Message Filter dropping message: frame 'laser_link' at time 1502.531 for reason 'discarding message because the queue is full'
[rviz2-2] [INFO] [1773238227.615944276] [rviz2]: Message Filter dropping message: frame 'odom' at time 1500.920 for reason 'discarding message because the queue is full'
[rviz2-2] [INFO] [1773238227.616042439] [rviz2]: Message Filter dropping message: frame 'odom' at time 1496.838 for reason 'discarding message because the queue is full'
[rviz2-2] [INFO] [1773238227.616096190] [rviz2]: Message Filter dropping message: frame 'laser_link' at time 1502.561 for reason 'discarding message because the queue is full'
[rviz2-2] [INFO] [1773238227.647501097] [rviz2]: Message Filter dropping message: frame 'laser_link' at time 1502.591 for reason 'discarding message because the queue is full'
[rviz2-2] [INFO] [1773238227.680842003] [rviz2]: Message Filter dropping message: frame 'laser_link' at time 1502.631 for reason 'discarding message because the queue is full'
[rviz2-2] [INFO] [1773238227.712791779] [rviz2]: Message Filter dropping message: frame 'laser_link' at time 1502.661 for reason 'discarding message because the queue is full'
[rviz2-2] [INFO] [1773238227.743468093] [rviz2]: Message Filter dropping message: frame 'laser_link' at time 1502.691 for reason 'discarding message because the queue is full'
[rviz2-2] [INFO] [1773238227.775299958] [rviz2]: Message Filter dropping message: frame 'laser_link' at time 1502.721 for reason 'discarding message because the queue is full'
[rviz2-2] [INFO] [1773238227.809062834] [rviz2]: Message Filter dropping message: frame 'laser_link' at time 1502.761 for reason 'discarding message because the queue is full'
[component_container_isolated-1] [INFO] [1773238227.822851063] [global_costmap.global_costmap]: Timed out waiting for transform from base_link to map to become available, tf error: Invalid frame ID "map" passed to canTransform argument target_frame - frame does not exist
[rviz2-2] [INFO] [1773238227.839508317] [rviz2]: Message Filter dropping message: frame 'odom' at time 1501.120 for reason 'discarding message because the queue is full'
[rviz2-2] [INFO] [1773238227.839607222] [rviz2]: Message Filter dropping message: frame 'laser_link' at time 1502.791 for reason 'discarding message because the queue is full'
[rviz2-2] [INFO] [1773238227.874104500] [rviz2]: Message Filter dropping message: frame 'laser_link' at time 1502.821 for reason 'discarding message because the queue is full'
[rviz2-2] [INFO] [1773238227.904822312] [rviz2]: Message Filter dropping message: frame 'laser_link' at time 1502.851 for reason 'discarding message because the queue is full'
[rviz2-2] [INFO] [1773238227.937157789] [rviz2]: Message Filter dropping message: frame 'laser_link' at time 1502.881 for reason 'discarding message because the queue is full'
[rviz2-2] [INFO] [1773238227.966317849] [rviz2]: Message Filter dropping message: frame 'laser_link' at time 1502.911 for reason 'discarding message because the queue is full'
[rviz2-2] [INFO] [1773238227.999791664] [rviz2]: Message Filter dropping message: frame 'laser_link' at time 1502.951 for reason 'discarding message because the queue is full'
[rviz2-2] [INFO] [1773238228.033568867] [rviz2]: Message Filter dropping message: frame 'odom' at time 1501.320 for reason 'discarding message because the queue is full'
[rviz2-2] [INFO] [1773238228.033815167] [rviz2]: Message Filter dropping message: frame 'laser_link' at time 1502.981 for reason 'discarding message because the queue is full'
[rviz2-2] [INFO] [1773238228.062847759] [rviz2]: Message Filter dropping message: frame 'laser_link' at time 1503.011 for reason 'discarding message because the queue is full'
[rviz2-2] [INFO] [1773238228.096712295] [rviz2]: Message Filter dropping message: frame 'laser_link' at time 1503.041 for reason 'discarding message because the queue is full'
[rviz2-2] [INFO] [1773238228.129608009] [rviz2]: Message Filter dropping message: frame 'laser_link' at time 1503.081 for reason 'discarding message because the queue is full'
[rviz2-2] [INFO] [1773238228.160034627] [rviz2]: Message Filter dropping message: frame 'laser_link' at time 1503.111 for reason 'discarding message because the queue is full'
[rviz2-2] [INFO] [1773238228.191793386] [rviz2]: Message Filter dropping message: frame 'laser_link' at time 1503.141 for reason 'discarding message because the queue is full'
[rviz2-2] [INFO] [1773238228.224193634] [rviz2]: Message Filter dropping message: frame 'odom' at time 1501.520 for reason 'discarding message because the queue is full'
[rviz2-2] [INFO] [1773238228.224440145] [rviz2]: Message Filter dropping message: frame 'odom' at time 1497.438 for reason 'discarding message because the queue is full'
[rviz2-2] [INFO] [1773238228.224584956] [rviz2]: Message Filter dropping message: frame 'laser_link' at time 1503.171 for reason 'discarding message because the queue is full'
[rviz2-2] [INFO] [1773238228.255510397] [rviz2]: Message Filter dropping message: frame 'laser_link' at time 1503.201 for reason 'discarding message because the queue is full'
[rviz2-2] [INFO] [1773238228.287868626] [rviz2]: Message Filter dropping message: frame 'laser_link' at time 1503.231 for reason 'discarding message because the queue is full'
[rviz2-2] [INFO] [1773238228.318830375] [rviz2]: Message Filter dropping message: frame 'laser_link' at time 1503.271 for reason 'discarding message because the queue is full'
[component_container_isolated-1] [INFO] [1773238228.322851423] [global_costmap.global_costmap]: Timed out waiting for transform from base_link to map to become available, tf error: Invalid frame ID "map" passed to canTransform argument target_frame - frame does not exist
[rviz2-2] [INFO] [1773238228.353364934] [rviz2]: Message Filter dropping message: frame 'laser_link' at time 1503.301 for reason 'discarding message because the queue is full'
[rviz2-2] [INFO] [1773238228.383287820] [rviz2]: Message Filter dropping message: frame 'laser_link' at time 1503.331 for reason 'discarding message because the queue is full'
[rviz2-2] [INFO] [1773238228.415779309] [rviz2]: Message Filter dropping message: frame 'odom' at time 1501.720 for reason 'discarding message because the queue is full'
[rviz2-2] [INFO] [1773238228.415896558] [rviz2]: Message Filter dropping message: frame 'laser_link' at time 1503.361 for reason 'discarding message because the queue is full'
[rviz2-2] [INFO] [1773238228.448334927] [rviz2]: Message Filter dropping message: frame 'laser_link' at time 1503.401 for reason 'discarding message because the queue is full'
[rviz2-2] [INFO] [1773238228.479385933] [rviz2]: Message Filter dropping message: frame 'laser_link' at time 1503.431 for reason 'discarding message because the queue is full'
[rviz2-2] [INFO] [1773238228.511294031] [rviz2]: Message Filter dropping message: frame 'laser_link' at time 1503.461 for reason 'discarding message because the queue is full'
[rviz2-2] [INFO] [1773238228.544297407] [rviz2]: Message Filter dropping message: frame 'laser_link' at time 1503.491 for reason 'discarding message because the queue is full'
[rviz2-2] [INFO] [1773238228.575374431] [rviz2]: Message Filter dropping message: frame 'laser_link' at time 1503.521 for reason 'discarding message because the queue is full'
[rviz2-2] [INFO] [1773238228.607561510] [rviz2]: Message Filter dropping message: frame 'laser_link' at time 1503.551 for reason 'discarding message because the queue is full'
[rviz2-2] [INFO] [1773238228.638911856] [rviz2]: Message Filter dropping message: frame 'odom' at time 1501.920 for reason 'discarding message because the queue is full'
[rviz2-2] [INFO] [1773238228.639287448] [rviz2]: Message Filter dropping message: frame 'laser_link' at time 1503.581 for reason 'discarding message because the queue is full'
[rviz2-2] [INFO] [1773238228.672190887] [rviz2]: Message Filter dropping message: frame 'laser_link' at time 1503.621 for reason 'discarding message because the queue is full'
[rviz2-2] [INFO] [1773238228.703569084] [rviz2]: Message Filter dropping message: frame 'laser_link' at time 1503.651 for reason 'discarding message because the queue is full'
[rviz2-2] [INFO] [1773238228.734807059] [rviz2]: Message Filter dropping message: frame 'laser_link' at time 1503.681 for reason 'discarding message because the queue is full'
[rviz2-2] [INFO] [1773238228.768468135] [rviz2]: Message Filter dropping message: frame 'laser_link' at time 1503.711 for reason 'discarding message because the queue is full'
[rviz2-2] [INFO] [1773238228.800737268] [rviz2]: Message Filter dropping message: frame 'laser_link' at time 1503.751 for reason 'discarding message because the queue is full'
[component_container_isolated-1] [INFO] [1773238228.822849300] [global_costmap.global_costmap]: Timed out waiting for transform from base_link to map to become available, tf error: Invalid frame ID "map" passed to canTransform argument target_frame - frame does not exist
[rviz2-2] [INFO] [1773238228.831789435] [rviz2]: Message Filter dropping message: frame 'odom' at time 1502.120 for reason 'discarding message because the queue is full'
[rviz2-2] [INFO] [1773238228.831924899] [rviz2]: Message Filter dropping message: frame 'odom' at time 1498.038 for reason 'discarding message because the queue is full'
[rviz2-2] [INFO] [1773238228.831984640] [rviz2]: Message Filter dropping message: frame 'laser_link' at time 1503.781 for reason 'discarding message because the queue is full'
[rviz2-2] [INFO] [1773238228.864019996] [rviz2]: Message Filter dropping message: frame 'laser_link' at time 1503.811 for reason 'discarding message because the queue is full'
[rviz2-2] [INFO] [1773238228.898134029] [rviz2]: Message Filter dropping message: frame 'laser_link' at time 1503.841 for reason 'discarding message because the queue is full'
[rviz2-2] [INFO] [1773238228.930230068] [rviz2]: Message Filter dropping message: frame 'laser_link' at time 1503.871 for reason 'discarding message because the queue is full'
[rviz2-2] [INFO] [1773238228.959310319] [rviz2]: Message Filter dropping message: frame 'laser_link' at time 1503.901 for reason 'discarding message because the queue is full'
[rviz2-2] [INFO] [1773238228.992743598] [rviz2]: Message Filter dropping message: frame 'laser_link' at time 1503.941 for reason 'discarding message because the queue is full'
[rviz2-2] [INFO] [1773238229.023748468] [rviz2]: Message Filter dropping message: frame 'odom' at time 1502.320 for reason 'discarding message because the queue is full'
[rviz2-2] [INFO] [1773238229.023869214] [rviz2]: Message Filter dropping message: frame 'laser_link' at time 1503.971 for reason 'discarding message because the queue is full'
[component_container_isolated-1] [WARN] [1773238229.028079456] [amcl]: AMCL cannot publish a pose or update the transform. Please set the initial pose...
[rviz2-2] [INFO] [1773238229.055486729] [rviz2]: Message Filter dropping message: frame 'laser_link' at time 1504.001 for reason 'discarding message because the queue is full'
[rviz2-2] [INFO] [1773238229.088995480] [rviz2]: Message Filter dropping message: frame 'laser_link' at time 1504.031 for reason 'discarding message because the queue is full'
[rviz2-2] [INFO] [1773238229.120474576] [rviz2]: Message Filter dropping message: frame 'laser_link' at time 1504.071 for reason 'discarding message because the queue is full'
[rviz2-2] [INFO] [1773238229.152147575] [rviz2]: Message Filter dropping message: frame 'laser_link' at time 1504.101 for reason 'discarding message because the queue is full'
[rviz2-2] [INFO] [1773238229.184003135] [rviz2]: Message Filter dropping message: frame 'laser_link' at time 1504.131 for reason 'discarding message because the queue is full'
[rviz2-2] [INFO] [1773238229.215110857] [rviz2]: Message Filter dropping message: frame 'odom' at time 1502.520 for reason 'discarding message because the queue is full'
[rviz2-2] [INFO] [1773238229.215212888] [rviz2]: Message Filter dropping message: frame 'laser_link' at time 1504.161 for reason 'discarding message because the queue is full'
[rviz2-2] [INFO] [1773238229.247534419] [rviz2]: Message Filter dropping message: frame 'laser_link' at time 1504.201 for reason 'discarding message because the queue is full'
[rviz2-2] [INFO] [1773238229.279520042] [rviz2]: Message Filter dropping message: frame 'laser_link' at time 1504.221 for reason 'discarding message because the queue is full'
[rviz2-2] [INFO] [1773238229.312848316] [rviz2]: Message Filter dropping message: frame 'laser_link' at time 1504.261 for reason 'discarding message because the queue is full'
[component_container_isolated-1] [INFO] [1773238229.322859374] [global_costmap.global_costmap]: Timed out waiting for transform from base_link to map to become available, tf error: Invalid frame ID "map" passed to canTransform argument target_frame - frame does not exist
[rviz2-2] [INFO] [1773238229.342619509] [rviz2]: Message Filter dropping message: frame 'laser_link' at time 1504.291 for reason 'discarding message because the queue is full'
[rviz2-2] [INFO] [1773238229.376027522] [rviz2]: Message Filter dropping message: frame 'laser_link' at time 1504.321 for reason 'discarding message because the queue is full'
[rviz2-2] [INFO] [1773238229.406842997] [rviz2]: Message Filter dropping message: frame 'laser_link' at time 1504.351 for reason 'discarding message because the queue is full'
[rviz2-2] [INFO] [1773238229.439582611] [rviz2]: Message Filter dropping message: frame 'odom' at time 1502.720 for reason 'discarding message because the queue is full'
[rviz2-2] [INFO] [1773238229.439743401] [rviz2]: Message Filter dropping message: frame 'odom' at time 1498.638 for reason 'discarding message because the queue is full'
[rviz2-2] [INFO] [1773238229.439814023] [rviz2]: Message Filter dropping message: frame 'laser_link' at time 1504.391 for reason 'discarding message because the queue is full'
[rviz2-2] [INFO] [1773238229.472000732] [rviz2]: Message Filter dropping message: frame 'laser_link' at time 1504.421 for reason 'discarding message because the queue is full'
[rviz2-2] [INFO] [1773238229.504174508] [rviz2]: Message Filter dropping message: frame 'laser_link' at time 1504.451 for reason 'discarding message because the queue is full'
[rviz2-2] [INFO] [1773238229.534907759] [rviz2]: Message Filter dropping message: frame 'laser_link' at time 1504.481 for reason 'discarding message because the queue is full'
[rviz2-2] [INFO] [1773238229.566799116] [rviz2]: Message Filter dropping message: frame 'laser_link' at time 1504.511 for reason 'discarding message because the queue is full'
[rviz2-2] [INFO] [1773238229.601083087] [rviz2]: Message Filter dropping message: frame 'laser_link' at time 1504.541 for reason 'discarding message because the queue is full'
[rviz2-2] [INFO] [1773238229.630893353] [rviz2]: Message Filter dropping message: frame 'odom' at time 1502.920 for reason 'discarding message because the queue is full'
[rviz2-2] [INFO] [1773238229.631012606] [rviz2]: Message Filter dropping message: frame 'laser_link' at time 1504.581 for reason 'discarding message because the queue is full'
[rviz2-2] [INFO] [1773238229.663044797] [rviz2]: Message Filter dropping message: frame 'laser_link' at time 1504.611 for reason 'discarding message because the queue is full'
[rviz2-2] [INFO] [1773238229.695099148] [rviz2]: Message Filter dropping message: frame 'laser_link' at time 1504.641 for reason 'discarding message because the queue is full'
[rviz2-2] [INFO] [1773238229.726822742] [rviz2]: Message Filter dropping message: frame 'laser_link' at time 1504.671 for reason 'discarding message because the queue is full'
[rviz2-2] [INFO] [1773238229.758692999] [rviz2]: Message Filter dropping message: frame 'laser_link' at time 1504.711 for reason 'discarding message because the queue is full'
[rviz2-2] [INFO] [1773238229.792678973] [rviz2]: Message Filter dropping message: frame 'laser_link' at time 1504.741 for reason 'discarding message because the queue is full'
[component_container_isolated-1] [INFO] [1773238229.822847980] [global_costmap.global_costmap]: Timed out waiting for transform from base_link to map to become available, tf error: Invalid frame ID "map" passed to canTransform argument target_frame - frame does not exist
[rviz2-2] [INFO] [1773238229.823211910] [rviz2]: Message Filter dropping message: frame 'odom' at time 1503.120 for reason 'discarding message because the queue is full'
[rviz2-2] [INFO] [1773238229.823335421] [rviz2]: Message Filter dropping message: frame 'laser_link' at time 1504.771 for reason 'discarding message because the queue is full'
[rviz2-2] [INFO] [1773238229.855683642] [rviz2]: Message Filter dropping message: frame 'laser_link' at time 1504.801 for reason 'discarding message because the queue is full'
[rviz2-2] [INFO] [1773238229.889131069] [rviz2]: Message Filter dropping message: frame 'laser_link' at time 1504.831 for reason 'discarding message because the queue is full'
[rviz2-2] [INFO] [1773238229.919560683] [rviz2]: Message Filter dropping message: frame 'laser_link' at time 1504.871 for reason 'discarding message because the queue is full'
[rviz2-2] [INFO] [1773238229.951362302] [rviz2]: Message Filter dropping message: frame 'laser_link' at time 1504.901 for reason 'discarding message because the queue is full'
[rviz2-2] [INFO] [1773238229.984455185] [rviz2]: Message Filter dropping message: frame 'laser_link' at time 1504.931 for reason 'discarding message because the queue is full'
[rviz2-2] [INFO] [1773238230.015849674] [rviz2]: Message Filter dropping message: frame 'odom' at time 1503.320 for reason 'discarding message because the queue is full'
[rviz2-2] [INFO] [1773238230.015966713] [rviz2]: Message Filter dropping message: frame 'odom' at time 1499.238 for reason 'discarding message because the queue is full'
[rviz2-2] [INFO] [1773238230.016026254] [rviz2]: Message Filter dropping message: frame 'laser_link' at time 1504.961 for reason 'discarding message because the queue is full'
[rviz2-2] [INFO] [1773238230.047817424] [rviz2]: Message Filter dropping message: frame 'laser_link' at time 1504.991 for reason 'discarding message because the queue is full'
[rviz2-2] [INFO] [1773238230.078865104] [rviz2]: Message Filter dropping message: frame 'laser_link' at time 1505.021 for reason 'discarding message because the queue is full'
[rviz2-2] [INFO] [1773238230.112427376] [rviz2]: Message Filter dropping message: frame 'laser_link' at time 1505.061 for reason 'discarding message because the queue is full'
[rviz2-2] [INFO] [1773238230.144013994] [rviz2]: Message Filter dropping message: frame 'laser_link' at time 1505.091 for reason 'discarding message because the queue is full'
[rviz2-2] [INFO] [1773238230.175229818] [rviz2]: Message Filter dropping message: frame 'laser_link' at time 1505.121 for reason 'discarding message because the queue is full'
[rviz2-2] [INFO] [1773238230.208569854] [rviz2]: Message Filter dropping message: frame 'laser_link' at time 1505.151 for reason 'discarding message because the queue is full'
[rviz2-2] [INFO] [1773238230.239352879] [rviz2]: Message Filter dropping message: frame 'odom' at time 1503.520 for reason 'discarding message because the queue is full'
[rviz2-2] [INFO] [1773238230.239547874] [rviz2]: Message Filter dropping message: frame 'laser_link' at time 1505.181 for reason 'discarding message because the queue is full'
[rviz2-2] [INFO] [1773238230.272113121] [rviz2]: Message Filter dropping message: frame 'laser_link' at time 1505.221 for reason 'discarding message because the queue is full'
[rviz2-2] [INFO] [1773238230.304876920] [rviz2]: Message Filter dropping message: frame 'laser_link' at time 1505.251 for reason 'discarding message because the queue is full'
[component_container_isolated-1] [INFO] [1773238230.322854843] [global_costmap.global_costmap]: Timed out waiting for transform from base_link to map to become available, tf error: Invalid frame ID "map" passed to canTransform argument target_frame - frame does not exist
[rviz2-2] [INFO] [1773238230.335257623] [rviz2]: Message Filter dropping message: frame 'laser_link' at time 1505.281 for reason 'discarding message because the queue is full'
[rviz2-2] [INFO] [1773238230.367607057] [rviz2]: Message Filter dropping message: frame 'laser_link' at time 1505.311 for reason 'discarding message because the queue is full'
[rviz2-2] [INFO] [1773238230.400759071] [rviz2]: Message Filter dropping message: frame 'laser_link' at time 1505.341 for reason 'discarding message because the queue is full'
[rviz2-2] [INFO] [1773238230.431498816] [rviz2]: Message Filter dropping message: frame 'odom' at time 1503.720 for reason 'discarding message because the queue is full'
[rviz2-2] [INFO] [1773238230.431599865] [rviz2]: Message Filter dropping message: frame 'laser_link' at time 1505.381 for reason 'discarding message because the queue is full'
[rviz2-2] [INFO] [1773238230.463724208] [rviz2]: Message Filter dropping message: frame 'laser_link' at time 1505.411 for reason 'discarding message because the queue is full'
[rviz2-2] [INFO] [1773238230.496350199] [rviz2]: Message Filter dropping message: frame 'laser_link' at time 1505.441 for reason 'discarding message because the queue is full'
[rviz2-2] [INFO] [1773238230.528578506] [rviz2]: Message Filter dropping message: frame 'laser_link' at time 1505.471 for reason 'discarding message because the queue is full'
[rviz2-2] [INFO] [1773238230.559393832] [rviz2]: Message Filter dropping message: frame 'laser_link' at time 1505.501 for reason 'discarding message because the queue is full'
[rviz2-2] [INFO] [1773238230.593874600] [rviz2]: Message Filter dropping message: frame 'laser_link' at time 1505.541 for reason 'discarding message because the queue is full'
[rviz2-2] [INFO] [1773238230.623777630] [rviz2]: Message Filter dropping message: frame 'odom' at time 1503.920 for reason 'discarding message because the queue is full'
[rviz2-2] [INFO] [1773238230.623915618] [rviz2]: Message Filter dropping message: frame 'odom' at time 1499.838 for reason 'discarding message because the queue is full'
[rviz2-2] [INFO] [1773238230.623995618] [rviz2]: Message Filter dropping message: frame 'laser_link' at time 1505.571 for reason 'discarding message because the queue is full'
[rviz2-2] [INFO] [1773238230.655309836] [rviz2]: Message Filter dropping message: frame 'laser_link' at time 1505.601 for reason 'discarding message because the queue is full'
[rviz2-2] [INFO] [1773238230.687675440] [rviz2]: Message Filter dropping message: frame 'laser_link' at time 1505.631 for reason 'discarding message because the queue is full'
[rviz2-2] [INFO] [1773238230.719759699] [rviz2]: Message Filter dropping message: frame 'laser_link' at time 1505.671 for reason 'discarding message because the queue is full'
[rviz2-2] [INFO] [1773238230.751903248] [rviz2]: Message Filter dropping message: frame 'laser_link' at time 1505.701 for reason 'discarding message because the queue is full'
[rviz2-2] [INFO] [1773238230.784965154] [rviz2]: Message Filter dropping message: frame 'laser_link' at time 1505.731 for reason 'discarding message because the queue is full'
[rviz2-2] [INFO] [1773238230.816576558] [rviz2]: Message Filter dropping message: frame 'odom' at time 1504.120 for reason 'discarding message because the queue is full'
[rviz2-2] [INFO] [1773238230.816687465] [rviz2]: Message Filter dropping message: frame 'laser_link' at time 1505.761 for reason 'discarding message because the queue is full'
[component_container_isolated-1] [INFO] [1773238230.822864114] [global_costmap.global_costmap]: Timed out waiting for transform from base_link to map to become available, tf error: Invalid frame ID "map" passed to canTransform argument target_frame - frame does not exist
[rviz2-2] [INFO] [1773238230.847222877] [rviz2]: Message Filter dropping message: frame 'laser_link' at time 1505.791 for reason 'discarding message because the queue is full'
[rviz2-2] [INFO] [1773238230.881102232] [rviz2]: Message Filter dropping message: frame 'laser_link' at time 1505.821 for reason 'discarding message because the queue is full'
[rviz2-2] [INFO] [1773238230.912003247] [rviz2]: Message Filter dropping message: frame 'laser_link' at time 1505.861 for reason 'discarding message because the queue is full'
[rviz2-2] [INFO] [1773238230.944570779] [rviz2]: Message Filter dropping message: frame 'laser_link' at time 1505.891 for reason 'discarding message because the queue is full'
[rviz2-2] [INFO] [1773238230.975550452] [rviz2]: Message Filter dropping message: frame 'laser_link' at time 1505.921 for reason 'discarding message because the queue is full'
[rviz2-2] [INFO] [1773238231.007871152] [rviz2]: Message Filter dropping message: frame 'laser_link' at time 1505.951 for reason 'discarding message because the queue is full'
[rviz2-2] [INFO] [1773238231.040954318] [rviz2]: Message Filter dropping message: frame 'odom' at time 1504.320 for reason 'discarding message because the queue is full'
[rviz2-2] [INFO] [1773238231.041104539] [rviz2]: Message Filter dropping message: frame 'laser_link' at time 1505.981 for reason 'discarding message because the queue is full'
[rviz2-2] [INFO] [1773238231.071628240] [rviz2]: Message Filter dropping message: frame 'laser_link' at time 1506.021 for reason 'discarding message because the queue is full'
[rviz2-2] [INFO] [1773238231.105403681] [rviz2]: Message Filter dropping message: frame 'laser_link' at time 1506.051 for reason 'discarding message because the queue is full'
[component_container_isolated-1] [WARN] [1773238231.129179214] [amcl]: AMCL cannot publish a pose or update the transform. Please set the initial pose...
[rviz2-2] [INFO] [1773238231.136132575] [rviz2]: Message Filter dropping message: frame 'laser_link' at time 1506.081 for reason 'discarding message because the queue is full'
[rviz2-2] [INFO] [1773238231.169218386] [rviz2]: Message Filter dropping message: frame 'laser_link' at time 1506.111 for reason 'discarding message because the queue is full'
[rviz2-2] [INFO] [1773238231.200597035] [rviz2]: Message Filter dropping message: frame 'laser_link' at time 1506.151 for reason 'discarding message because the queue is full'
[rviz2-2] [INFO] [1773238231.231102993] [rviz2]: Message Filter dropping message: frame 'odom' at time 1504.520 for reason 'discarding message because the queue is full'
[rviz2-2] [INFO] [1773238231.231210243] [rviz2]: Message Filter dropping message: frame 'odom' at time 1500.438 for reason 'discarding message because the queue is full'
[rviz2-2] [INFO] [1773238231.231260577] [rviz2]: Message Filter dropping message: frame 'laser_link' at time 1506.181 for reason 'discarding message because the queue is full'
[rviz2-2] [INFO] [1773238231.265695902] [rviz2]: Message Filter dropping message: frame 'laser_link' at time 1506.211 for reason 'discarding message because the queue is full'
[rviz2-2] [INFO] [1773238231.296470692] [rviz2]: Message Filter dropping message: frame 'laser_link' at time 1506.241 for reason 'discarding message because the queue is full'
[component_container_isolated-1] [INFO] [1773238231.322856746] [global_costmap.global_costmap]: Timed out waiting for transform from base_link to map to become available, tf error: Invalid frame ID "map" passed to canTransform argument target_frame - frame does not exist
[rviz2-2] [INFO] [1773238231.327584295] [rviz2]: Message Filter dropping message: frame 'laser_link' at time 1506.271 for reason 'discarding message because the queue is full'
[rviz2-2] [INFO] [1773238231.360334990] [rviz2]: Message Filter dropping message: frame 'laser_link' at time 1506.311 for reason 'discarding message because the queue is full'
[rviz2-2] [INFO] [1773238231.394937908] [rviz2]: Message Filter dropping message: frame 'laser_link' at time 1506.341 for reason 'discarding message because the queue is full'
[rviz2-2] [INFO] [1773238231.422958579] [rviz2]: Message Filter dropping message: frame 'odom' at time 1504.720 for reason 'discarding message because the queue is full'
[rviz2-2] [INFO] [1773238231.423255063] [rviz2]: Message Filter dropping message: frame 'laser_link' at time 1506.371 for reason 'discarding message because the queue is full'
[rviz2-2] [INFO] [1773238231.456037988] [rviz2]: Message Filter dropping message: frame 'laser_link' at time 1506.401 for reason 'discarding message because the queue is full'
[rviz2-2] [INFO] [1773238231.487972216] [rviz2]: Message Filter dropping message: frame 'laser_link' at time 1506.431 for reason 'discarding message because the queue is full'
[rviz2-2] [INFO] [1773238231.518995571] [rviz2]: Message Filter dropping message: frame 'laser_link' at time 1506.471 for reason 'discarding message because the queue is full'
[rviz2-2] [INFO] [1773238231.552110195] [rviz2]: Message Filter dropping message: frame 'laser_link' at time 1506.501 for reason 'discarding message because the queue is full'
[rviz2-2] [INFO] [1773238231.583744573] [rviz2]: Message Filter dropping message: frame 'laser_link' at time 1506.531 for reason 'discarding message because the queue is full'
[rviz2-2] [INFO] [1773238231.619150853] [rviz2]: Message Filter dropping message: frame 'odom' at time 1504.920 for reason 'discarding message because the queue is full'
[rviz2-2] [INFO] [1773238231.619440715] [rviz2]: Message Filter dropping message: frame 'laser_link' at time 1506.561 for reason 'discarding message because the queue is full'
[rviz2-2] [INFO] [1773238231.647411672] [rviz2]: Message Filter dropping message: frame 'laser_link' at time 1506.591 for reason 'discarding message because the queue is full'
[rviz2-2] [INFO] [1773238231.679843350] [rviz2]: Message Filter dropping message: frame 'laser_link' at time 1506.631 for reason 'discarding message because the queue is full'
[rviz2-2] [INFO] [1773238231.713155204] [rviz2]: Message Filter dropping message: frame 'laser_link' at time 1506.661 for reason 'discarding message because the queue is full'
[rviz2-2] [INFO] [1773238231.743412767] [rviz2]: Message Filter dropping message: frame 'laser_link' at time 1506.691 for reason 'discarding message because the queue is full'
[rviz2-2] [INFO] [1773238231.775657726] [rviz2]: Message Filter dropping message: frame 'laser_link' at time 1506.721 for reason 'discarding message because the queue is full'
[rviz2-2] [INFO] [1773238231.808080147] [rviz2]: Message Filter dropping message: frame 'laser_link' at time 1506.751 for reason 'discarding message because the queue is full'
[component_container_isolated-1] [INFO] [1773238231.822853088] [global_costmap.global_costmap]: Timed out waiting for transform from base_link to map to become available, tf error: Invalid frame ID "map" passed to canTransform argument target_frame - frame does not exist
[rviz2-2] [INFO] [1773238231.840416868] [rviz2]: Message Filter dropping message: frame 'odom' at time 1505.120 for reason 'discarding message because the queue is full'
[rviz2-2] [INFO] [1773238231.840611812] [rviz2]: Message Filter dropping message: frame 'odom' at time 1501.038 for reason 'discarding message because the queue is full'
[rviz2-2] [INFO] [1773238231.840750031] [rviz2]: Message Filter dropping message: frame 'laser_link' at time 1506.781 for reason 'discarding message because the queue is full'
[rviz2-2] [INFO] [1773238231.873239587] [rviz2]: Message Filter dropping message: frame 'laser_link' at time 1506.821 for reason 'discarding message because the queue is full'
[rviz2-2] [INFO] [1773238231.904720998] [rviz2]: Message Filter dropping message: frame 'laser_link' at time 1506.851 for reason 'discarding message because the queue is full'
[rviz2-2] [INFO] [1773238231.936092203] [rviz2]: Message Filter dropping message: frame 'laser_link' at time 1506.881 for reason 'discarding message because the queue is full'
[rviz2-2] [INFO] [1773238231.967122331] [rviz2]: Message Filter dropping message: frame 'laser_link' at time 1506.911 for reason 'discarding message because the queue is full'
[rviz2-2] [INFO] [1773238232.000054986] [rviz2]: Message Filter dropping message: frame 'laser_link' at time 1506.941 for reason 'discarding message because the queue is full'
[rviz2-2] [INFO] [1773238232.031984205] [rviz2]: Message Filter dropping message: frame 'odom' at time 1505.320 for reason 'discarding message because the queue is full'
[rviz2-2] [INFO] [1773238232.032126100] [rviz2]: Message Filter dropping message: frame 'laser_link' at time 1506.981 for reason 'discarding message because the queue is full'
[rviz2-2] [INFO] [1773238232.064020634] [rviz2]: Message Filter dropping message: frame 'laser_link' at time 1507.011 for reason 'discarding message because the queue is full'
[rviz2-2] [INFO] [1773238232.096168502] [rviz2]: Message Filter dropping message: frame 'laser_link' at time 1507.041 for reason 'discarding message because the queue is full'
[rviz2-2] [INFO] [1773238232.130911592] [rviz2]: Message Filter dropping message: frame 'laser_link' at time 1507.071 for reason 'discarding message because the queue is full'
[rviz2-2] [INFO] [1773238232.160788915] [rviz2]: Message Filter dropping message: frame 'laser_link' at time 1507.101 for reason 'discarding message because the queue is full'
[rviz2-2] [INFO] [1773238232.192670655] [rviz2]: Message Filter dropping message: frame 'laser_link' at time 1507.141 for reason 'discarding message because the queue is full'
[rviz2-2] [INFO] [1773238232.223736379] [rviz2]: Message Filter dropping message: frame 'odom' at time 1505.520 for reason 'discarding message because the queue is full'
[rviz2-2] [INFO] [1773238232.223867895] [rviz2]: Message Filter dropping message: frame 'laser_link' at time 1507.171 for reason 'discarding message because the queue is full'
[rviz2-2] [INFO] [1773238232.255668333] [rviz2]: Message Filter dropping message: frame 'laser_link' at time 1507.201 for reason 'discarding message because the queue is full'
[rviz2-2] [INFO] [1773238232.290927078] [rviz2]: Message Filter dropping message: frame 'laser_link' at time 1507.231 for reason 'discarding message because the queue is full'
[rviz2-2] [INFO] [1773238232.320050661] [rviz2]: Message Filter dropping message: frame 'laser_link' at time 1507.261 for reason 'discarding message because the queue is full'
[component_container_isolated-1] [INFO] [1773238232.322849294] [global_costmap.global_costmap]: Timed out waiting for transform from base_link to map to become available, tf error: Invalid frame ID "map" passed to canTransform argument target_frame - frame does not exist
[rviz2-2] [INFO] [1773238232.352452544] [rviz2]: Message Filter dropping message: frame 'laser_link' at time 1507.301 for reason 'discarding message because the queue is full'
[rviz2-2] [INFO] [1773238232.384535360] [rviz2]: Message Filter dropping message: frame 'laser_link' at time 1507.331 for reason 'discarding message because the queue is full'
[rviz2-2] [INFO] [1773238232.415698647] [rviz2]: Message Filter dropping message: frame 'odom' at time 1505.720 for reason 'discarding message because the queue is full'
[rviz2-2] [INFO] [1773238232.415819793] [rviz2]: Message Filter dropping message: frame 'odom' at time 1501.638 for reason 'discarding message because the queue is full'
[rviz2-2] [INFO] [1773238232.415881519] [rviz2]: Message Filter dropping message: frame 'laser_link' at time 1507.361 for reason 'discarding message because the queue is full'
[rviz2-2] [INFO] [1773238232.448232176] [rviz2]: Message Filter dropping message: frame 'laser_link' at time 1507.391 for reason 'discarding message because the queue is full'
[rviz2-2] [INFO] [1773238232.479507442] [rviz2]: Message Filter dropping message: frame 'laser_link' at time 1507.421 for reason 'discarding message because the queue is full'
[rviz2-2] [INFO] [1773238232.511820368] [rviz2]: Message Filter dropping message: frame 'laser_link' at time 1507.461 for reason 'discarding message because the queue is full'
[rviz2-2] [INFO] [1773238232.543848502] [rviz2]: Message Filter dropping message: frame 'laser_link' at time 1507.491 for reason 'discarding message because the queue is full'
[rviz2-2] [INFO] [1773238232.576109191] [rviz2]: Message Filter dropping message: frame 'laser_link' at time 1507.521 for reason 'discarding message because the queue is full'
[rviz2-2] [INFO] [1773238232.606897617] [rviz2]: Message Filter dropping message: frame 'laser_link' at time 1507.551 for reason 'discarding message because the queue is full'
[rviz2-2] [INFO] [1773238232.639457936] [rviz2]: Message Filter dropping message: frame 'odom' at time 1505.920 for reason 'discarding message because the queue is full'
[rviz2-2] [INFO] [1773238232.639554757] [rviz2]: Message Filter dropping message: frame 'laser_link' at time 1507.581 for reason 'discarding message because the queue is full'
[rviz2-2] [INFO] [1773238232.672164248] [rviz2]: Message Filter dropping message: frame 'laser_link' at time 1507.621 for reason 'discarding message because the queue is full'
[rviz2-2] [INFO] [1773238232.704786713] [rviz2]: Message Filter dropping message: frame 'laser_link' at time 1507.651 for reason 'discarding message because the queue is full'
[rviz2-2] [INFO] [1773238232.735307258] [rviz2]: Message Filter dropping message: frame 'laser_link' at time 1507.681 for reason 'discarding message because the queue is full'
[rviz2-2] [INFO] [1773238232.767676270] [rviz2]: Message Filter dropping message: frame 'laser_link' at time 1507.711 for reason 'discarding message because the queue is full'
[rviz2-2] [INFO] [1773238232.801961774] [rviz2]: Message Filter dropping message: frame 'laser_link' at time 1507.741 for reason 'discarding message because the queue is full'
[component_container_isolated-1] [INFO] [1773238232.822849238] [global_costmap.global_costmap]: Timed out waiting for transform from base_link to map to become available, tf error: Invalid frame ID "map" passed to canTransform argument target_frame - frame does not exist
[rviz2-2] [INFO] [1773238232.832180275] [rviz2]: Message Filter dropping message: frame 'odom' at time 1506.120 for reason 'discarding message because the queue is full'
[rviz2-2] [INFO] [1773238232.832289168] [rviz2]: Message Filter dropping message: frame 'laser_link' at time 1507.781 for reason 'discarding message because the queue is full'
[rviz2-2] [INFO] [1773238232.864138568] [rviz2]: Message Filter dropping message: frame 'laser_link' at time 1507.811 for reason 'discarding message because the queue is full'
[rviz2-2] [INFO] [1773238232.896070923] [rviz2]: Message Filter dropping message: frame 'laser_link' at time 1507.841 for reason 'discarding message because the queue is full'
[rviz2-2] [INFO] [1773238232.927529392] [rviz2]: Message Filter dropping message: frame 'laser_link' at time 1507.871 for reason 'discarding message because the queue is full'
[rviz2-2] [INFO] [1773238232.960442019] [rviz2]: Message Filter dropping message: frame 'laser_link' at time 1507.901 for reason 'discarding message because the queue is full'
[rviz2-2] [INFO] [1773238232.992868809] [rviz2]: Message Filter dropping message: frame 'laser_link' at time 1507.941 for reason 'discarding message because the queue is full'
[rviz2-2] [INFO] [1773238233.023296390] [rviz2]: Message Filter dropping message: frame 'odom' at time 1506.320 for reason 'discarding message because the queue is full'
[rviz2-2] [INFO] [1773238233.023466057] [rviz2]: Message Filter dropping message: frame 'odom' at time 1502.238 for reason 'discarding message because the queue is full'
[rviz2-2] [INFO] [1773238233.023534966] [rviz2]: Message Filter dropping message: frame 'laser_link' at time 1507.971 for reason 'discarding message because the queue is full'
[rviz2-2] [INFO] [1773238233.054878821] [rviz2]: Message Filter dropping message: frame 'laser_link' at time 1508.001 for reason 'discarding message because the queue is full'
[rviz2-2] [INFO] [1773238233.087975924] [rviz2]: Message Filter dropping message: frame 'laser_link' at time 1508.031 for reason 'discarding message because the queue is full'
[rviz2-2] [INFO] [1773238233.120408214] [rviz2]: Message Filter dropping message: frame 'laser_link' at time 1508.071 for reason 'discarding message because the queue is full'
[rviz2-2] [INFO] [1773238233.152585127] [rviz2]: Message Filter dropping message: frame 'laser_link' at time 1508.101 for reason 'discarding message because the queue is full'
[rviz2-2] [INFO] [1773238233.184697659] [rviz2]: Message Filter dropping message: frame 'laser_link' at time 1508.131 for reason 'discarding message because the queue is full'
[rviz2-2] [INFO] [1773238233.215673886] [rviz2]: Message Filter dropping message: frame 'odom' at time 1506.520 for reason 'discarding message because the queue is full'
[rviz2-2] [INFO] [1773238233.215857479] [rviz2]: Message Filter dropping message: frame 'laser_link' at time 1508.161 for reason 'discarding message because the queue is full'
[component_container_isolated-1] [WARN] [1773238233.230408626] [amcl]: AMCL cannot publish a pose or update the transform. Please set the initial pose...
[rviz2-2] [INFO] [1773238233.247866648] [rviz2]: Message Filter dropping message: frame 'laser_link' at time 1508.191 for reason 'discarding message because the queue is full'
[rviz2-2] [INFO] [1773238233.279409976] [rviz2]: Message Filter dropping message: frame 'laser_link' at time 1508.221 for reason 'discarding message because the queue is full'
[rviz2-2] [INFO] [1773238233.311883974] [rviz2]: Message Filter dropping message: frame 'laser_link' at time 1508.261 for reason 'discarding message because the queue is full'
[component_container_isolated-1] [INFO] [1773238233.322852232] [global_costmap.global_costmap]: Timed out waiting for transform from base_link to map to become available, tf error: Invalid frame ID "map" passed to canTransform argument target_frame - frame does not exist
[rviz2-2] [INFO] [1773238233.344351180] [rviz2]: Message Filter dropping message: frame 'laser_link' at time 1508.291 for reason 'discarding message because the queue is full'
[rviz2-2] [INFO] [1773238233.376164152] [rviz2]: Message Filter dropping message: frame 'laser_link' at time 1508.321 for reason 'discarding message because the queue is full'
[rviz2-2] [INFO] [1773238233.407320776] [rviz2]: Message Filter dropping message: frame 'laser_link' at time 1508.351 for reason 'discarding message because the queue is full'
[rviz2-2] [INFO] [1773238233.439988406] [rviz2]: Message Filter dropping message: frame 'odom' at time 1506.720 for reason 'discarding message because the queue is full'
[rviz2-2] [INFO] [1773238233.440093964] [rviz2]: Message Filter dropping message: frame 'laser_link' at time 1508.381 for reason 'discarding message because the queue is full'
[rviz2-2] [INFO] [1773238233.471747518] [rviz2]: Message Filter dropping message: frame 'laser_link' at time 1508.421 for reason 'discarding message because the queue is full'
[rviz2-2] [INFO] [1773238233.505812731] [rviz2]: Message Filter dropping message: frame 'laser_link' at time 1508.451 for reason 'discarding message because the queue is full'
[rviz2-2] [INFO] [1773238233.535452479] [rviz2]: Message Filter dropping message: frame 'laser_link' at time 1508.481 for reason 'discarding message because the queue is full'
[rviz2-2] [INFO] [1773238233.567858240] [rviz2]: Message Filter dropping message: frame 'laser_link' at time 1508.511 for reason 'discarding message because the queue is full'
[rviz2-2] [INFO] [1773238233.600979017] [rviz2]: Message Filter dropping message: frame 'laser_link' at time 1508.541 for reason 'discarding message because the queue is full'
[rviz2-2] [INFO] [1773238233.631787872] [rviz2]: Message Filter dropping message: frame 'odom' at time 1506.920 for reason 'discarding message because the queue is full'
[rviz2-2] [INFO] [1773238233.631928084] [rviz2]: Message Filter dropping message: frame 'odom' at time 1502.838 for reason 'discarding message because the queue is full'
[rviz2-2] [INFO] [1773238233.631988877] [rviz2]: Message Filter dropping message: frame 'laser_link' at time 1508.581 for reason 'discarding message because the queue is full'
[rviz2-2] [INFO] [1773238233.664217867] [rviz2]: Message Filter dropping message: frame 'laser_link' at time 1508.611 for reason 'discarding message because the queue is full'
[rviz2-2] [INFO] [1773238233.696444483] [rviz2]: Message Filter dropping message: frame 'laser_link' at time 1508.641 for reason 'discarding message because the queue is full'
[rviz2-2] [INFO] [1773238233.726663855] [rviz2]: Message Filter dropping message: frame 'laser_link' at time 1508.671 for reason 'discarding message because the queue is full'
[rviz2-2] [INFO] [1773238233.759994124] [rviz2]: Message Filter dropping message: frame 'laser_link' at time 1508.701 for reason 'discarding message because the queue is full'
[rviz2-2] [INFO] [1773238233.793530138] [rviz2]: Message Filter dropping message: frame 'laser_link' at time 1508.741 for reason 'discarding message because the queue is full'
[component_container_isolated-1] [INFO] [1773238233.822859015] [global_costmap.global_costmap]: Timed out waiting for transform from base_link to map to become available, tf error: Invalid frame ID "map" passed to canTransform argument target_frame - frame does not exist
[rviz2-2] [INFO] [1773238233.824709235] [rviz2]: Message Filter dropping message: frame 'odom' at time 1507.120 for reason 'discarding message because the queue is full'
[rviz2-2] [INFO] [1773238233.824818379] [rviz2]: Message Filter dropping message: frame 'laser_link' at time 1508.771 for reason 'discarding message because the queue is full'
[rviz2-2] [INFO] [1773238233.855440684] [rviz2]: Message Filter dropping message: frame 'laser_link' at time 1508.801 for reason 'discarding message because the queue is full'
[rviz2-2] [INFO] [1773238233.888417422] [rviz2]: Message Filter dropping message: frame 'laser_link' at time 1508.831 for reason 'discarding message because the queue is full'
[rviz2-2] [INFO] [1773238233.920000134] [rviz2]: Message Filter dropping message: frame 'laser_link' at time 1508.861 for reason 'discarding message because the queue is full'
[rviz2-2] [INFO] [1773238233.952277063] [rviz2]: Message Filter dropping message: frame 'laser_link' at time 1508.901 for reason 'discarding message because the queue is full'
[rviz2-2] [INFO] [1773238233.984938942] [rviz2]: Message Filter dropping message: frame 'laser_link' at time 1508.931 for reason 'discarding message because the queue is full'
[rviz2-2] [INFO] [1773238234.016169856] [rviz2]: Message Filter dropping message: frame 'odom' at time 1507.320 for reason 'discarding message because the queue is full'
[rviz2-2] [INFO] [1773238234.016279752] [rviz2]: Message Filter dropping message: frame 'laser_link' at time 1508.961 for reason 'discarding message because the queue is full'
[rviz2-2] [INFO] [1773238234.047921945] [rviz2]: Message Filter dropping message: frame 'laser_link' at time 1508.991 for reason 'discarding message because the queue is full'
[rviz2-2] [INFO] [1773238234.079437141] [rviz2]: Message Filter dropping message: frame 'laser_link' at time 1509.021 for reason 'discarding message because the queue is full'
[rviz2-2] [INFO] [1773238234.112365388] [rviz2]: Message Filter dropping message: frame 'laser_link' at time 1509.061 for reason 'discarding message because the queue is full'
[rviz2-2] [INFO] [1773238234.144680459] [rviz2]: Message Filter dropping message: frame 'laser_link' at time 1509.091 for reason 'discarding message because the queue is full'
[rviz2-2] [INFO] [1773238234.175458106] [rviz2]: Message Filter dropping message: frame 'laser_link' at time 1509.121 for reason 'discarding message because the queue is full'
[rviz2-2] [INFO] [1773238234.208258094] [rviz2]: Message Filter dropping message: frame 'laser_link' at time 1509.151 for reason 'discarding message because the queue is full'
[rviz2-2] [INFO] [1773238234.240203554] [rviz2]: Message Filter dropping message: frame 'odom' at time 1507.520 for reason 'discarding message because the queue is full'
[rviz2-2] [INFO] [1773238234.240416993] [rviz2]: Message Filter dropping message: frame 'odom' at time 1503.438 for reason 'discarding message because the queue is full'
[rviz2-2] [INFO] [1773238234.240475332] [rviz2]: Message Filter dropping message: frame 'laser_link' at time 1509.181 for reason 'discarding message because the queue is full'
[rviz2-2] [INFO] [1773238234.273562297] [rviz2]: Message Filter dropping message: frame 'laser_link' at time 1509.221 for reason 'discarding message because the queue is full'
[rviz2-2] [INFO] [1773238234.304941919] [rviz2]: Message Filter dropping message: frame 'laser_link' at time 1509.251 for reason 'discarding message because the queue is full'
[component_container_isolated-1] [INFO] [1773238234.322862235] [global_costmap.global_costmap]: Timed out waiting for transform from base_link to map to become available, tf error: Invalid frame ID "map" passed to canTransform argument target_frame - frame does not exist
[rviz2-2] [INFO] [1773238234.336065823] [rviz2]: Message Filter dropping message: frame 'laser_link' at time 1509.281 for reason 'discarding message because the queue is full'
[rviz2-2] [INFO] [1773238234.368426569] [rviz2]: Message Filter dropping message: frame 'laser_link' at time 1509.311 for reason 'discarding message because the queue is full'
[rviz2-2] [INFO] [1773238234.401226768] [rviz2]: Message Filter dropping message: frame 'laser_link' at time 1509.341 for reason 'discarding message because the queue is full'
[rviz2-2] [INFO] [1773238234.431422766] [rviz2]: Message Filter dropping message: frame 'odom' at time 1507.720 for reason 'discarding message because the queue is full'
[rviz2-2] [INFO] [1773238234.431597173] [rviz2]: Message Filter dropping message: frame 'laser_link' at time 1509.381 for reason 'discarding message because the queue is full'
[rviz2-2] [INFO] [1773238234.465700207] [rviz2]: Message Filter dropping message: frame 'laser_link' at time 1509.411 for reason 'discarding message because the queue is full'
[rviz2-2] [INFO] [1773238234.498563012] [rviz2]: Message Filter dropping message: frame 'laser_link' at time 1509.441 for reason 'discarding message because the queue is full'
[rviz2-2] [INFO] [1773238234.527369814] [rviz2]: Message Filter dropping message: frame 'laser_link' at time 1509.471 for reason 'discarding message because the queue is full'
[rviz2-2] [INFO] [1773238234.559968886] [rviz2]: Message Filter dropping message: frame 'laser_link' at time 1509.501 for reason 'discarding message because the queue is full'
[rviz2-2] [INFO] [1773238234.594324833] [rviz2]: Message Filter dropping message: frame 'laser_link' at time 1509.541 for reason 'discarding message because the queue is full'
[rviz2-2] [INFO] [1773238234.624150770] [rviz2]: Message Filter dropping message: frame 'odom' at time 1507.920 for reason 'discarding message because the queue is full'
[rviz2-2] [INFO] [1773238234.624262609] [rviz2]: Message Filter dropping message: frame 'laser_link' at time 1509.571 for reason 'discarding message because the queue is full'
[rviz2-2] [INFO] [1773238234.655678680] [rviz2]: Message Filter dropping message: frame 'laser_link' at time 1509.601 for reason 'discarding message because the queue is full'
[rviz2-2] [INFO] [1773238234.691214352] [rviz2]: Message Filter dropping message: frame 'laser_link' at time 1509.631 for reason 'discarding message because the queue is full'
[rviz2-2] [INFO] [1773238234.721633308] [rviz2]: Message Filter dropping message: frame 'laser_link' at time 1509.661 for reason 'discarding message because the queue is full'
[rviz2-2] [INFO] [1773238234.752353137] [rviz2]: Message Filter dropping message: frame 'laser_link' at time 1509.701 for reason 'discarding message because the queue is full'
[rviz2-2] [INFO] [1773238234.785384257] [rviz2]: Message Filter dropping message: frame 'laser_link' at time 1509.731 for reason 'discarding message because the queue is full'
[rviz2-2] [INFO] [1773238234.818619969] [rviz2]: Message Filter dropping message: frame 'odom' at time 1508.120 for reason 'discarding message because the queue is full'
[rviz2-2] [INFO] [1773238234.818820084] [rviz2]: Message Filter dropping message: frame 'odom' at time 1504.038 for reason 'discarding message because the queue is full'
[rviz2-2] [INFO] [1773238234.818955607] [rviz2]: Message Filter dropping message: frame 'laser_link' at time 1509.761 for reason 'discarding message because the queue is full'
[component_container_isolated-1] [INFO] [1773238234.822854036] [global_costmap.global_costmap]: Timed out waiting for transform from base_link to map to become available, tf error: Invalid frame ID "map" passed to canTransform argument target_frame - frame does not exist
[rviz2-2] [INFO] [1773238234.847439585] [rviz2]: Message Filter dropping message: frame 'laser_link' at time 1509.791 for reason 'discarding message because the queue is full'
[rviz2-2] [INFO] [1773238234.881040841] [rviz2]: Message Filter dropping message: frame 'laser_link' at time 1509.821 for reason 'discarding message because the queue is full'
[rviz2-2] [INFO] [1773238234.913328721] [rviz2]: Message Filter dropping message: frame 'laser_link' at time 1509.861 for reason 'discarding message because the queue is full'
[rviz2-2] [INFO] [1773238234.946571968] [rviz2]: Message Filter dropping message: frame 'laser_link' at time 1509.891 for reason 'discarding message because the queue is full'
[rviz2-2] [INFO] [1773238234.975683640] [rviz2]: Message Filter dropping message: frame 'laser_link' at time 1509.921 for reason 'discarding message because the queue is full'
[rviz2-2] [INFO] [1773238235.008903352] [rviz2]: Message Filter dropping message: frame 'laser_link' at time 1509.951 for reason 'discarding message because the queue is full'
[rviz2-2] [INFO] [1773238235.041278617] [rviz2]: Message Filter dropping message: frame 'odom' at time 1508.320 for reason 'discarding message because the queue is full'
[rviz2-2] [INFO] [1773238235.041499790] [rviz2]: Message Filter dropping message: frame 'laser_link' at time 1509.991 for reason 'discarding message because the queue is full'
[rviz2-2] [INFO] [1773238235.071813349] [rviz2]: Message Filter dropping message: frame 'laser_link' at time 1510.021 for reason 'discarding message because the queue is full'
[rviz2-2] [INFO] [1773238235.105292317] [rviz2]: Message Filter dropping message: frame 'laser_link' at time 1510.051 for reason 'discarding message because the queue is full'
[rviz2-2] [INFO] [1773238235.137476855] [rviz2]: Message Filter dropping message: frame 'laser_link' at time 1510.081 for reason 'discarding message because the queue is full'
[rviz2-2] [INFO] [1773238235.167921779] [rviz2]: Message Filter dropping message: frame 'laser_link' at time 1510.111 for reason 'discarding message because the queue is full'
[rviz2-2] [INFO] [1773238235.200136022] [rviz2]: Message Filter dropping message: frame 'laser_link' at time 1510.141 for reason 'discarding message because the queue is full'
[rviz2-2] [INFO] [1773238235.233438951] [rviz2]: Message Filter dropping message: frame 'odom' at time 1508.520 for reason 'discarding message because the queue is full'
[rviz2-2] [INFO] [1773238235.233673520] [rviz2]: Message Filter dropping message: frame 'laser_link' at time 1510.181 for reason 'discarding message because the queue is full'
[rviz2-2] [INFO] [1773238235.263497022] [rviz2]: Message Filter dropping message: frame 'laser_link' at time 1510.211 for reason 'discarding message because the queue is full'
[rviz2-2] [INFO] [1773238235.296775025] [rviz2]: Message Filter dropping message: frame 'laser_link' at time 1510.241 for reason 'discarding message because the queue is full'
[component_container_isolated-1] [INFO] [1773238235.322857543] [global_costmap.global_costmap]: Timed out waiting for transform from base_link to map to become available, tf error: Invalid frame ID "map" passed to canTransform argument target_frame - frame does not exist
[rviz2-2] [INFO] [1773238235.328642118] [rviz2]: Message Filter dropping message: frame 'laser_link' at time 1510.271 for reason 'discarding message because the queue is full'
[component_container_isolated-1] [WARN] [1773238235.331155969] [amcl]: AMCL cannot publish a pose or update the transform. Please set the initial pose...
[rviz2-2] [INFO] [1773238235.359886859] [rviz2]: Message Filter dropping message: frame 'laser_link' at time 1510.311 for reason 'discarding message because the queue is full'
[rviz2-2] [INFO] [1773238235.393274967] [rviz2]: Message Filter dropping message: frame 'laser_link' at time 1510.341 for reason 'discarding message because the queue is full'
[rviz2-2] [INFO] [1773238235.425098880] [rviz2]: Message Filter dropping message: frame 'odom' at time 1508.720 for reason 'discarding message because the queue is full'
[rviz2-2] [INFO] [1773238235.425321556] [rviz2]: Message Filter dropping message: frame 'odom' at time 1504.638 for reason 'discarding message because the queue is full'
[rviz2-2] [INFO] [1773238235.425375637] [rviz2]: Message Filter dropping message: frame 'laser_link' at time 1510.371 for reason 'discarding message because the queue is full'
[rviz2-2] [INFO] [1773238235.456582517] [rviz2]: Message Filter dropping message: frame 'laser_link' at time 1510.401 for reason 'discarding message because the queue is full'
[rviz2-2] [INFO] [1773238235.488875006] [rviz2]: Message Filter dropping message: frame 'laser_link' at time 1510.431 for reason 'discarding message because the queue is full'
[rviz2-2] [INFO] [1773238235.521304722] [rviz2]: Message Filter dropping message: frame 'laser_link' at time 1510.461 for reason 'discarding message because the queue is full'
[rviz2-2] [INFO] [1773238235.551834756] [rviz2]: Message Filter dropping message: frame 'laser_link' at time 1510.501 for reason 'discarding message because the queue is full'
[rviz2-2] [INFO] [1773238235.583451692] [rviz2]: Message Filter dropping message: frame 'laser_link' at time 1510.531 for reason 'discarding message because the queue is full'
[rviz2-2] [INFO] [1773238235.617669542] [rviz2]: Message Filter dropping message: frame 'odom' at time 1508.920 for reason 'discarding message because the queue is full'
[rviz2-2] [INFO] [1773238235.617891847] [rviz2]: Message Filter dropping message: frame 'laser_link' at time 1510.561 for reason 'discarding message because the queue is full'
[rviz2-2] [INFO] [1773238235.647258486] [rviz2]: Message Filter dropping message: frame 'laser_link' at time 1510.591 for reason 'discarding message because the queue is full'
[rviz2-2] [INFO] [1773238235.679493167] [rviz2]: Message Filter dropping message: frame 'laser_link' at time 1510.621 for reason 'discarding message because the queue is full'
[rviz2-2] [INFO] [1773238235.713629033] [rviz2]: Message Filter dropping message: frame 'laser_link' at time 1510.661 for reason 'discarding message because the queue is full'
[rviz2-2] [INFO] [1773238235.745081271] [rviz2]: Message Filter dropping message: frame 'laser_link' at time 1510.691 for reason 'discarding message because the queue is full'
[rviz2-2] [INFO] [1773238235.776766615] [rviz2]: Message Filter dropping message: frame 'laser_link' at time 1510.721 for reason 'discarding message because the queue is full'
[rviz2-2] [INFO] [1773238235.808542870] [rviz2]: Message Filter dropping message: frame 'laser_link' at time 1510.751 for reason 'discarding message because the queue is full'
[component_container_isolated-1] [INFO] [1773238235.822856062] [global_costmap.global_costmap]: Timed out waiting for transform from base_link to map to become available, tf error: Invalid frame ID "map" passed to canTransform argument target_frame - frame does not exist
[rviz2-2] [INFO] [1773238235.839886004] [rviz2]: Message Filter dropping message: frame 'odom' at time 1509.120 for reason 'discarding message because the queue is full'
[rviz2-2] [INFO] [1773238235.840149517] [rviz2]: Message Filter dropping message: frame 'laser_link' at time 1510.781 for reason 'discarding message because the queue is full'
[rviz2-2] [INFO] [1773238235.871064520] [rviz2]: Message Filter dropping message: frame 'laser_link' at time 1510.811 for reason 'discarding message because the queue is full'
[rviz2-2] [INFO] [1773238235.904791301] [rviz2]: Message Filter dropping message: frame 'laser_link' at time 1510.851 for reason 'discarding message because the queue is full'
[rviz2-2] [INFO] [1773238235.936282252] [rviz2]: Message Filter dropping message: frame 'laser_link' at time 1510.881 for reason 'discarding message because the queue is full'
[rviz2-2] [INFO] [1773238235.967368666] [rviz2]: Message Filter dropping message: frame 'laser_link' at time 1510.911 for reason 'discarding message because the queue is full'
[rviz2-2] [INFO] [1773238236.000636259] [rviz2]: Message Filter dropping message: frame 'laser_link' at time 1510.941 for reason 'discarding message because the queue is full'
[rviz2-2] [INFO] [1773238236.033846014] [rviz2]: Message Filter dropping message: frame 'odom' at time 1509.320 for reason 'discarding message because the queue is full'
[rviz2-2] [INFO] [1773238236.034067257] [rviz2]: Message Filter dropping message: frame 'odom' at time 1505.238 for reason 'discarding message because the queue is full'
[rviz2-2] [INFO] [1773238236.034224461] [rviz2]: Message Filter dropping message: frame 'laser_link' at time 1510.981 for reason 'discarding message because the queue is full'
[rviz2-2] [INFO] [1773238236.064702448] [rviz2]: Message Filter dropping message: frame 'laser_link' at time 1511.011 for reason 'discarding message because the queue is full'
[rviz2-2] [INFO] [1773238236.097465027] [rviz2]: Message Filter dropping message: frame 'laser_link' at time 1511.041 for reason 'discarding message because the queue is full'
[rviz2-2] [INFO] [1773238236.128540782] [rviz2]: Message Filter dropping message: frame 'laser_link' at time 1511.071 for reason 'discarding message because the queue is full'
[rviz2-2] [INFO] [1773238236.160751779] [rviz2]: Message Filter dropping message: frame 'laser_link' at time 1511.101 for reason 'discarding message because the queue is full'
[rviz2-2] [INFO] [1773238236.193388472] [rviz2]: Message Filter dropping message: frame 'laser_link' at time 1511.131 for reason 'discarding message because the queue is full'
[rviz2-2] [INFO] [1773238236.224455270] [rviz2]: Message Filter dropping message: frame 'odom' at time 1509.520 for reason 'discarding message because the queue is full'
[rviz2-2] [INFO] [1773238236.224614508] [rviz2]: Message Filter dropping message: frame 'laser_link' at time 1511.171 for reason 'discarding message because the queue is full'
[rviz2-2] [INFO] [1773238236.256035688] [rviz2]: Message Filter dropping message: frame 'laser_link' at time 1511.201 for reason 'discarding message because the queue is full'
[rviz2-2] [INFO] [1773238236.287418598] [rviz2]: Message Filter dropping message: frame 'laser_link' at time 1511.231 for reason 'discarding message because the queue is full'
[rviz2-2] [INFO] [1773238236.319200002] [rviz2]: Message Filter dropping message: frame 'laser_link' at time 1511.261 for reason 'discarding message because the queue is full'
[component_container_isolated-1] [INFO] [1773238236.322850597] [global_costmap.global_costmap]: Timed out waiting for transform from base_link to map to become available, tf error: Invalid frame ID "map" passed to canTransform argument target_frame - frame does not exist
[rviz2-2] [INFO] [1773238236.352311633] [rviz2]: Message Filter dropping message: frame 'laser_link' at time 1511.301 for reason 'discarding message because the queue is full'
[rviz2-2] [INFO] [1773238236.384106262] [rviz2]: Message Filter dropping message: frame 'laser_link' at time 1511.331 for reason 'discarding message because the queue is full'
[rviz2-2] [INFO] [1773238236.417135920] [rviz2]: Message Filter dropping message: frame 'odom' at time 1509.720 for reason 'discarding message because the queue is full'
[rviz2-2] [INFO] [1773238236.417259781] [rviz2]: Message Filter dropping message: frame 'laser_link' at time 1511.361 for reason 'discarding message because the queue is full'
[rviz2-2] [INFO] [1773238236.448381011] [rviz2]: Message Filter dropping message: frame 'laser_link' at time 1511.391 for reason 'discarding message because the queue is full'
[rviz2-2] [INFO] [1773238236.480069211] [rviz2]: Message Filter dropping message: frame 'laser_link' at time 1511.421 for reason 'discarding message because the queue is full'
[rviz2-2] [INFO] [1773238236.512348987] [rviz2]: Message Filter dropping message: frame 'laser_link' at time 1511.461 for reason 'discarding message because the queue is full'
[rviz2-2] [INFO] [1773238236.543688575] [rviz2]: Message Filter dropping message: frame 'laser_link' at time 1511.491 for reason 'discarding message because the queue is full'
[rviz2-2] [INFO] [1773238236.577095769] [rviz2]: Message Filter dropping message: frame 'laser_link' at time 1511.521 for reason 'discarding message because the queue is full'
[rviz2-2] [INFO] [1773238236.609088658] [rviz2]: Message Filter dropping message: frame 'laser_link' at time 1511.551 for reason 'discarding message because the queue is full'
[rviz2-2] [INFO] [1773238236.640083432] [rviz2]: Message Filter dropping message: frame 'odom' at time 1509.920 for reason 'discarding message because the queue is full'
[rviz2-2] [INFO] [1773238236.640198387] [rviz2]: Message Filter dropping message: frame 'odom' at time 1505.838 for reason 'discarding message because the queue is full'
[rviz2-2] [INFO] [1773238236.640253169] [rviz2]: Message Filter dropping message: frame 'laser_link' at time 1511.581 for reason 'discarding message because the queue is full'
[rviz2-2] [INFO] [1773238236.671499944] [rviz2]: Message Filter dropping message: frame 'laser_link' at time 1511.611 for reason 'discarding message because the queue is full'
[rviz2-2] [INFO] [1773238236.705495097] [rviz2]: Message Filter dropping message: frame 'laser_link' at time 1511.651 for reason 'discarding message because the queue is full'
[rviz2-2] [INFO] [1773238236.735754104] [rviz2]: Message Filter dropping message: frame 'laser_link' at time 1511.681 for reason 'discarding message because the queue is full'
[rviz2-2] [INFO] [1773238236.768053266] [rviz2]: Message Filter dropping message: frame 'laser_link' at time 1511.711 for reason 'discarding message because the queue is full'
[rviz2-2] [INFO] [1773238236.799707152] [rviz2]: Message Filter dropping message: frame 'laser_link' at time 1511.741 for reason 'discarding message because the queue is full'
[component_container_isolated-1] [INFO] [1773238236.822853360] [global_costmap.global_costmap]: Timed out waiting for transform from base_link to map to become available, tf error: Invalid frame ID "map" passed to canTransform argument target_frame - frame does not exist
[rviz2-2] [INFO] [1773238236.833136698] [rviz2]: Message Filter dropping message: frame 'odom' at time 1510.120 for reason 'discarding message because the queue is full'
[rviz2-2] [INFO] [1773238236.833237997] [rviz2]: Message Filter dropping message: frame 'laser_link' at time 1511.771 for reason 'discarding message because the queue is full'
[rviz2-2] [INFO] [1773238236.864984877] [rviz2]: Message Filter dropping message: frame 'laser_link' at time 1511.811 for reason 'discarding message because the queue is full'
[rviz2-2] [INFO] [1773238236.896627151] [rviz2]: Message Filter dropping message: frame 'laser_link' at time 1511.841 for reason 'discarding message because the queue is full'
[rviz2-2] [INFO] [1773238236.928199935] [rviz2]: Message Filter dropping message: frame 'laser_link' at time 1511.871 for reason 'discarding message because the queue is full'
[rviz2-2] [INFO] [1773238236.959742843] [rviz2]: Message Filter dropping message: frame 'laser_link' at time 1511.901 for reason 'discarding message because the queue is full'
[rviz2-2] [INFO] [1773238236.993745631] [rviz2]: Message Filter dropping message: frame 'laser_link' at time 1511.931 for reason 'discarding message because the queue is full'
[rviz2-2] [INFO] [1773238237.024517628] [rviz2]: Message Filter dropping message: frame 'odom' at time 1510.320 for reason 'discarding message because the queue is full'
[rviz2-2] [INFO] [1773238237.024628986] [rviz2]: Message Filter dropping message: frame 'laser_link' at time 1511.971 for reason 'discarding message because the queue is full'
[rviz2-2] [INFO] [1773238237.056522690] [rviz2]: Message Filter dropping message: frame 'laser_link' at time 1512.001 for reason 'discarding message because the queue is full'
[rviz2-2] [INFO] [1773238237.088511523] [rviz2]: Message Filter dropping message: frame 'laser_link' at time 1512.031 for reason 'discarding message because the queue is full'
[rviz2-2] [INFO] [1773238237.120177441] [rviz2]: Message Filter dropping message: frame 'laser_link' at time 1512.061 for reason 'discarding message because the queue is full'
[rviz2-2] [INFO] [1773238237.152873175] [rviz2]: Message Filter dropping message: frame 'laser_link' at time 1512.091 for reason 'discarding message because the queue is full'
[rviz2-2] [INFO] [1773238237.183420132] [rviz2]: Message Filter dropping message: frame 'laser_link' at time 1512.131 for reason 'discarding message because the queue is full'
[rviz2-2] [INFO] [1773238237.216143507] [rviz2]: Message Filter dropping message: frame 'odom' at time 1510.520 for reason 'discarding message because the queue is full'
[rviz2-2] [INFO] [1773238237.216251459] [rviz2]: Message Filter dropping message: frame 'odom' at time 1506.438 for reason 'discarding message because the queue is full'
[rviz2-2] [INFO] [1773238237.216303336] [rviz2]: Message Filter dropping message: frame 'laser_link' at time 1512.161 for reason 'discarding message because the queue is full'
[rviz2-2] [INFO] [1773238237.248089008] [rviz2]: Message Filter dropping message: frame 'laser_link' at time 1512.191 for reason 'discarding message because the queue is full'
[rviz2-2] [INFO] [1773238237.279099602] [rviz2]: Message Filter dropping message: frame 'laser_link' at time 1512.221 for reason 'discarding message because the queue is full'
[rviz2-2] [INFO] [1773238237.311803381] [rviz2]: Message Filter dropping message: frame 'laser_link' at time 1512.251 for reason 'discarding message because the queue is full'
[component_container_isolated-1] [INFO] [1773238237.322851539] [global_costmap.global_costmap]: Timed out waiting for transform from base_link to map to become available, tf error: Invalid frame ID "map" passed to canTransform argument target_frame - frame does not exist
[rviz2-2] [INFO] [1773238237.343957262] [rviz2]: Message Filter dropping message: frame 'laser_link' at time 1512.291 for reason 'discarding message because the queue is full'
[rviz2-2] [INFO] [1773238237.376263287] [rviz2]: Message Filter dropping message: frame 'laser_link' at time 1512.321 for reason 'discarding message because the queue is full'
[rviz2-2] [INFO] [1773238237.408461200] [rviz2]: Message Filter dropping message: frame 'laser_link' at time 1512.351 for reason 'discarding message because the queue is full'
[component_container_isolated-1] [WARN] [1773238237.432758531] [amcl]: AMCL cannot publish a pose or update the transform. Please set the initial pose...
[rviz2-2] [INFO] [1773238237.439679231] [rviz2]: Message Filter dropping message: frame 'odom' at time 1510.720 for reason 'discarding message because the queue is full'
[rviz2-2] [INFO] [1773238237.439781162] [rviz2]: Message Filter dropping message: frame 'laser_link' at time 1512.381 for reason 'discarding message because the queue is full'
[rviz2-2] [INFO] [1773238237.472318881] [rviz2]: Message Filter dropping message: frame 'laser_link' at time 1512.411 for reason 'discarding message because the queue is full'
[rviz2-2] [INFO] [1773238237.505256958] [rviz2]: Message Filter dropping message: frame 'laser_link' at time 1512.441 for reason 'discarding message because the queue is full'
[rviz2-2] [INFO] [1773238237.534885457] [rviz2]: Message Filter dropping message: frame 'laser_link' at time 1512.481 for reason 'discarding message because the queue is full'
[rviz2-2] [INFO] [1773238237.568608913] [rviz2]: Message Filter dropping message: frame 'laser_link' at time 1512.511 for reason 'discarding message because the queue is full'
[rviz2-2] [INFO] [1773238237.601116385] [rviz2]: Message Filter dropping message: frame 'laser_link' at time 1512.541 for reason 'discarding message because the queue is full'
[rviz2-2] [INFO] [1773238237.633482021] [rviz2]: Message Filter dropping message: frame 'odom' at time 1510.920 for reason 'discarding message because the queue is full'
[rviz2-2] [INFO] [1773238237.633593851] [rviz2]: Message Filter dropping message: frame 'laser_link' at time 1512.571 for reason 'discarding message because the queue is full'
[rviz2-2] [INFO] [1773238237.664235754] [rviz2]: Message Filter dropping message: frame 'laser_link' at time 1512.601 for reason 'discarding message because the queue is full'
[rviz2-2] [INFO] [1773238237.698308854] [rviz2]: Message Filter dropping message: frame 'laser_link' at time 1512.641 for reason 'discarding message because the queue is full'
[rviz2-2] [INFO] [1773238237.728491228] [rviz2]: Message Filter dropping message: frame 'laser_link' at time 1512.671 for reason 'discarding message because the queue is full'
[rviz2-2] [INFO] [1773238237.760444104] [rviz2]: Message Filter dropping message: frame 'laser_link' at time 1512.701 for reason 'discarding message because the queue is full'
[rviz2-2] [INFO] [1773238237.795060228] [rviz2]: Message Filter dropping message: frame 'laser_link' at time 1512.731 for reason 'discarding message because the queue is full'
[component_container_isolated-1] [INFO] [1773238237.822861932] [global_costmap.global_costmap]: Timed out waiting for transform from base_link to map to become available, tf error: Invalid frame ID "map" passed to canTransform argument target_frame - frame does not exist
[rviz2-2] [INFO] [1773238237.824321992] [rviz2]: Message Filter dropping message: frame 'odom' at time 1511.100 for reason 'discarding message because the queue is full'
[rviz2-2] [INFO] [1773238237.824512408] [rviz2]: Message Filter dropping message: frame 'odom' at time 1507.038 for reason 'discarding message because the queue is full'
[rviz2-2] [INFO] [1773238237.824638203] [rviz2]: Message Filter dropping message: frame 'laser_link' at time 1512.771 for reason 'discarding message because the queue is full'
[rviz2-2] [INFO] [1773238237.855990485] [rviz2]: Message Filter dropping message: frame 'laser_link' at time 1512.801 for reason 'discarding message because the queue is full'
[rviz2-2] [INFO] [1773238237.887852470] [rviz2]: Message Filter dropping message: frame 'laser_link' at time 1512.831 for reason 'discarding message because the queue is full'
[rviz2-2] [INFO] [1773238237.922156712] [rviz2]: Message Filter dropping message: frame 'laser_link' at time 1512.861 for reason 'discarding message because the queue is full'
[rviz2-2] [INFO] [1773238237.952387056] [rviz2]: Message Filter dropping message: frame 'laser_link' at time 1512.891 for reason 'discarding message because the queue is full'
[rviz2-2] [INFO] [1773238237.984160796] [rviz2]: Message Filter dropping message: frame 'laser_link' at time 1512.931 for reason 'discarding message because the queue is full'
[rviz2-2] [INFO] [1773238238.018361354] [rviz2]: Message Filter dropping message: frame 'odom' at time 1511.300 for reason 'discarding message because the queue is full'
[rviz2-2] [INFO] [1773238238.018495866] [rviz2]: Message Filter dropping message: frame 'laser_link' at time 1512.961 for reason 'discarding message because the queue is full'
[rviz2-2] [INFO] [1773238238.047534011] [rviz2]: Message Filter dropping message: frame 'laser_link' at time 1512.991 for reason 'discarding message because the queue is full'
[rviz2-2] [INFO] [1773238238.080966704] [rviz2]: Message Filter dropping message: frame 'laser_link' at time 1513.021 for reason 'discarding message because the queue is full'
[rviz2-2] [INFO] [1773238238.112007614] [rviz2]: Message Filter dropping message: frame 'laser_link' at time 1513.061 for reason 'discarding message because the queue is full'
[rviz2-2] [INFO] [1773238238.147097074] [rviz2]: Message Filter dropping message: frame 'laser_link' at time 1513.091 for reason 'discarding message because the queue is full'
[rviz2-2] [INFO] [1773238238.176982043] [rviz2]: Message Filter dropping message: frame 'laser_link' at time 1513.121 for reason 'discarding message because the queue is full'
[rviz2-2] [INFO] [1773238238.208363831] [rviz2]: Message Filter dropping message: frame 'laser_link' at time 1513.151 for reason 'discarding message because the queue is full'
[rviz2-2] [INFO] [1773238238.242276020] [rviz2]: Message Filter dropping message: frame 'odom' at time 1511.500 for reason 'discarding message because the queue is full'
[rviz2-2] [INFO] [1773238238.242394651] [rviz2]: Message Filter dropping message: frame 'laser_link' at time 1513.181 for reason 'discarding message because the queue is full'
[rviz2-2] [INFO] [1773238238.272466379] [rviz2]: Message Filter dropping message: frame 'laser_link' at time 1513.211 for reason 'discarding message because the queue is full'
[rviz2-2] [INFO] [1773238238.305149510] [rviz2]: Message Filter dropping message: frame 'laser_link' at time 1513.241 for reason 'discarding message because the queue is full'
[component_container_isolated-1] [INFO] [1773238238.322861989] [global_costmap.global_costmap]: Timed out waiting for transform from base_link to map to become available, tf error: Invalid frame ID "map" passed to canTransform argument target_frame - frame does not exist
[rviz2-2] [INFO] [1773238238.336605066] [rviz2]: Message Filter dropping message: frame 'laser_link' at time 1513.281 for reason 'discarding message because the queue is full'
[rviz2-2] [INFO] [1773238238.370921050] [rviz2]: Message Filter dropping message: frame 'laser_link' at time 1513.311 for reason 'discarding message because the queue is full'
[rviz2-2] [INFO] [1773238238.400265809] [rviz2]: Message Filter dropping message: frame 'laser_link' at time 1513.341 for reason 'discarding message because the queue is full'
[rviz2-2] [INFO] [1773238238.431390786] [rviz2]: Message Filter dropping message: frame 'odom' at time 1511.700 for reason 'discarding message because the queue is full'
[rviz2-2] [INFO] [1773238238.431726554] [rviz2]: Message Filter dropping message: frame 'odom' at time 1507.638 for reason 'discarding message because the queue is full'
[rviz2-2] [INFO] [1773238238.431793489] [rviz2]: Message Filter dropping message: frame 'laser_link' at time 1513.371 for reason 'discarding message because the queue is full'
[rviz2-2] [INFO] [1773238238.465738519] [rviz2]: Message Filter dropping message: frame 'laser_link' at time 1513.411 for reason 'discarding message because the queue is full'
[rviz2-2] [INFO] [1773238238.497327214] [rviz2]: Message Filter dropping message: frame 'laser_link' at time 1513.441 for reason 'discarding message because the queue is full'
[rviz2-2] [INFO] [1773238238.527322760] [rviz2]: Message Filter dropping message: frame 'laser_link' at time 1513.471 for reason 'discarding message because the queue is full'
[rviz2-2] [INFO] [1773238238.559878632] [rviz2]: Message Filter dropping message: frame 'laser_link' at time 1513.501 for reason 'discarding message because the queue is full'
[rviz2-2] [INFO] [1773238238.594628528] [rviz2]: Message Filter dropping message: frame 'laser_link' at time 1513.531 for reason 'discarding message because the queue is full'
[rviz2-2] [INFO] [1773238238.624216692] [rviz2]: Message Filter dropping message: frame 'odom' at time 1511.900 for reason 'discarding message because the queue is full'
[rviz2-2] [INFO] [1773238238.624412247] [rviz2]: Message Filter dropping message: frame 'laser_link' at time 1513.571 for reason 'discarding message because the queue is full'
[rviz2-2] [INFO] [1773238238.657539298] [rviz2]: Message Filter dropping message: frame 'laser_link' at time 1513.601 for reason 'discarding message because the queue is full'
[rviz2-2] [INFO] [1773238238.690429526] [rviz2]: Message Filter dropping message: frame 'laser_link' at time 1513.631 for reason 'discarding message because the queue is full'
[rviz2-2] [INFO] [1773238238.720172580] [rviz2]: Message Filter dropping message: frame 'laser_link' at time 1513.661 for reason 'discarding message because the queue is full'
[rviz2-2] [INFO] [1773238238.752204714] [rviz2]: Message Filter dropping message: frame 'laser_link' at time 1513.691 for reason 'discarding message because the queue is full'
[rviz2-2] [INFO] [1773238238.784860543] [rviz2]: Message Filter dropping message: frame 'laser_link' at time 1513.731 for reason 'discarding message because the queue is full'
[rviz2-2] [INFO] [1773238238.818499592] [rviz2]: Message Filter dropping message: frame 'odom' at time 1512.100 for reason 'discarding message because the queue is full'
[rviz2-2] [INFO] [1773238238.818704365] [rviz2]: Message Filter dropping message: frame 'laser_link' at time 1513.761 for reason 'discarding message because the queue is full'
[component_container_isolated-1] [INFO] [1773238238.822853523] [global_costmap.global_costmap]: Timed out waiting for transform from base_link to map to become available, tf error: Invalid frame ID "map" passed to canTransform argument target_frame - frame does not exist
[rviz2-2] [INFO] [1773238238.848363912] [rviz2]: Message Filter dropping message: frame 'laser_link' at time 1513.791 for reason 'discarding message because the queue is full'
[rviz2-2] [INFO] [1773238238.880152320] [rviz2]: Message Filter dropping message: frame 'laser_link' at time 1513.821 for reason 'discarding message because the queue is full'
[rviz2-2] [INFO] [1773238238.912558343] [rviz2]: Message Filter dropping message: frame 'laser_link' at time 1513.861 for reason 'discarding message because the queue is full'
[rviz2-2] [INFO] [1773238238.944054704] [rviz2]: Message Filter dropping message: frame 'laser_link' at time 1513.891 for reason 'discarding message because the queue is full'
[rviz2-2] [INFO] [1773238238.976398130] [rviz2]: Message Filter dropping message: frame 'laser_link' at time 1513.921 for reason 'discarding message because the queue is full'
[rviz2-2] [INFO] [1773238239.011092642] [rviz2]: Message Filter dropping message: frame 'laser_link' at time 1513.951 for reason 'discarding message because the queue is full'
[rviz2-2] [INFO] [1773238239.039605035] [rviz2]: Message Filter dropping message: frame 'odom' at time 1512.300 for reason 'discarding message because the queue is full'
[rviz2-2] [INFO] [1773238239.039719339] [rviz2]: Message Filter dropping message: frame 'odom' at time 1508.238 for reason 'discarding message because the queue is full'
[rviz2-2] [INFO] [1773238239.039774732] [rviz2]: Message Filter dropping message: frame 'laser_link' at time 1513.981 for reason 'discarding message because the queue is full'
[rviz2-2] [INFO] [1773238239.072152813] [rviz2]: Message Filter dropping message: frame 'laser_link' at time 1514.011 for reason 'discarding message because the queue is full'
[rviz2-2] [INFO] [1773238239.107124844] [rviz2]: Message Filter dropping message: frame 'laser_link' at time 1514.051 for reason 'discarding message because the queue is full'
[rviz2-2] [INFO] [1773238239.139565372] [rviz2]: Message Filter dropping message: frame 'laser_link' at time 1514.081 for reason 'discarding message because the queue is full'
[rviz2-2] [INFO] [1773238239.168979550] [rviz2]: Message Filter dropping message: frame 'laser_link' at time 1514.111 for reason 'discarding message because the queue is full'
[rviz2-2] [INFO] [1773238239.201320873] [rviz2]: Message Filter dropping message: frame 'laser_link' at time 1514.141 for reason 'discarding message because the queue is full'
[rviz2-2] [INFO] [1773238239.232158653] [rviz2]: Message Filter dropping message: frame 'odom' at time 1512.500 for reason 'discarding message because the queue is full'
[rviz2-2] [INFO] [1773238239.233177138] [rviz2]: Message Filter dropping message: frame 'laser_link' at time 1514.171 for reason 'discarding message because the queue is full'
[rviz2-2] [INFO] [1773238239.263904793] [rviz2]: Message Filter dropping message: frame 'laser_link' at time 1514.201 for reason 'discarding message because the queue is full'
[rviz2-2] [INFO] [1773238239.296958707] [rviz2]: Message Filter dropping message: frame 'laser_link' at time 1514.241 for reason 'discarding message because the queue is full'
[component_container_isolated-1] [INFO] [1773238239.322851642] [global_costmap.global_costmap]: Timed out waiting for transform from base_link to map to become available, tf error: Invalid frame ID "map" passed to canTransform argument target_frame - frame does not exist
[rviz2-2] [INFO] [1773238239.328616912] [rviz2]: Message Filter dropping message: frame 'laser_link' at time 1514.271 for reason 'discarding message because the queue is full'
[rviz2-2] [INFO] [1773238239.360823312] [rviz2]: Message Filter dropping message: frame 'laser_link' at time 1514.301 for reason 'discarding message because the queue is full'
[rviz2-2] [INFO] [1773238239.393097449] [rviz2]: Message Filter dropping message: frame 'laser_link' at time 1514.331 for reason 'discarding message because the queue is full'
[rviz2-2] [INFO] [1773238239.424189224] [rviz2]: Message Filter dropping message: frame 'odom' at time 1512.700 for reason 'discarding message because the queue is full'
[rviz2-2] [INFO] [1773238239.424319117] [rviz2]: Message Filter dropping message: frame 'laser_link' at time 1514.371 for reason 'discarding message because the queue is full'
[rviz2-2] [INFO] [1773238239.456615716] [rviz2]: Message Filter dropping message: frame 'laser_link' at time 1514.401 for reason 'discarding message because the queue is full'
[rviz2-2] [INFO] [1773238239.489353539] [rviz2]: Message Filter dropping message: frame 'laser_link' at time 1514.431 for reason 'discarding message because the queue is full'
[rviz2-2] [INFO] [1773238239.521242726] [rviz2]: Message Filter dropping message: frame 'laser_link' at time 1514.461 for reason 'discarding message because the queue is full'
[component_container_isolated-1] [WARN] [1773238239.534282488] [amcl]: AMCL cannot publish a pose or update the transform. Please set the initial pose...
[rviz2-2] [INFO] [1773238239.553298865] [rviz2]: Message Filter dropping message: frame 'laser_link' at time 1514.491 for reason 'discarding message because the queue is full'
[rviz2-2] [INFO] [1773238239.584413824] [rviz2]: Message Filter dropping message: frame 'laser_link' at time 1514.521 for reason 'discarding message because the queue is full'
[rviz2-2] [INFO] [1773238239.617198305] [rviz2]: Message Filter dropping message: frame 'odom' at time 1512.900 for reason 'discarding message because the queue is full'
[rviz2-2] [INFO] [1773238239.617317417] [rviz2]: Message Filter dropping message: frame 'odom' at time 1508.838 for reason 'discarding message because the queue is full'
[rviz2-2] [INFO] [1773238239.617380465] [rviz2]: Message Filter dropping message: frame 'laser_link' at time 1514.561 for reason 'discarding message because the queue is full'
[rviz2-2] [INFO] [1773238239.648856760] [rviz2]: Message Filter dropping message: frame 'laser_link' at time 1514.591 for reason 'discarding message because the queue is full'
[rviz2-2] [INFO] [1773238239.680652873] [rviz2]: Message Filter dropping message: frame 'laser_link' at time 1514.621 for reason 'discarding message because the queue is full'
[rviz2-2] [INFO] [1773238239.712575672] [rviz2]: Message Filter dropping message: frame 'laser_link' at time 1514.651 for reason 'discarding message because the queue is full'
[rviz2-2] [INFO] [1773238239.744370132] [rviz2]: Message Filter dropping message: frame 'laser_link' at time 1514.681 for reason 'discarding message because the queue is full'
[rviz2-2] [INFO] [1773238239.776478278] [rviz2]: Message Filter dropping message: frame 'laser_link' at time 1514.721 for reason 'discarding message because the queue is full'
[rviz2-2] [INFO] [1773238239.809192397] [rviz2]: Message Filter dropping message: frame 'laser_link' at time 1514.751 for reason 'discarding message because the queue is full'
[component_container_isolated-1] [INFO] [1773238239.822872266] [global_costmap.global_costmap]: Timed out waiting for transform from base_link to map to become available, tf error: Invalid frame ID "map" passed to canTransform argument target_frame - frame does not exist
[rviz2-2] [INFO] [1773238239.839795489] [rviz2]: Message Filter dropping message: frame 'odom' at time 1513.100 for reason 'discarding message because the queue is full'
[rviz2-2] [INFO] [1773238239.839919581] [rviz2]: Message Filter dropping message: frame 'laser_link' at time 1514.781 for reason 'discarding message because the queue is full'
[rviz2-2] [INFO] [1773238239.871374275] [rviz2]: Message Filter dropping message: frame 'laser_link' at time 1514.811 for reason 'discarding message because the queue is full'
[rviz2-2] [INFO] [1773238239.905485958] [rviz2]: Message Filter dropping message: frame 'laser_link' at time 1514.841 for reason 'discarding message because the queue is full'
[rviz2-2] [INFO] [1773238239.936053383] [rviz2]: Message Filter dropping message: frame 'laser_link' at time 1514.881 for reason 'discarding message because the queue is full'
[rviz2-2] [INFO] [1773238239.968116094] [rviz2]: Message Filter dropping message: frame 'laser_link' at time 1514.911 for reason 'discarding message because the queue is full'
[rviz2-2] [INFO] [1773238240.000874837] [rviz2]: Message Filter dropping message: frame 'laser_link' at time 1514.941 for reason 'discarding message because the queue is full'
[rviz2-2] [INFO] [1773238240.031850155] [rviz2]: Message Filter dropping message: frame 'odom' at time 1513.300 for reason 'discarding message because the queue is full'
[rviz2-2] [INFO] [1773238240.032037596] [rviz2]: Message Filter dropping message: frame 'laser_link' at time 1514.971 for reason 'discarding message because the queue is full'
[rviz2-2] [INFO] [1773238240.064206947] [rviz2]: Message Filter dropping message: frame 'laser_link' at time 1515.001 for reason 'discarding message because the queue is full'
[rviz2-2] [INFO] [1773238240.096584196] [rviz2]: Message Filter dropping message: frame 'laser_link' at time 1515.041 for reason 'discarding message because the queue is full'
[rviz2-2] [INFO] [1773238240.128291804] [rviz2]: Message Filter dropping message: frame 'laser_link' at time 1515.071 for reason 'discarding message because the queue is full'
[rviz2-2] [INFO] [1773238240.160044927] [rviz2]: Message Filter dropping message: frame 'laser_link' at time 1515.101 for reason 'discarding message because the queue is full'
[rviz2-2] [INFO] [1773238240.192530729] [rviz2]: Message Filter dropping message: frame 'laser_link' at time 1515.131 for reason 'discarding message because the queue is full'
[rviz2-2] [INFO] [1773238240.224719426] [rviz2]: Message Filter dropping message: frame 'odom' at time 1513.500 for reason 'discarding message because the queue is full'
[rviz2-2] [INFO] [1773238240.224850942] [rviz2]: Message Filter dropping message: frame 'odom' at time 1509.438 for reason 'discarding message because the queue is full'
[rviz2-2] [INFO] [1773238240.224925983] [rviz2]: Message Filter dropping message: frame 'laser_link' at time 1515.171 for reason 'discarding message because the queue is full'
[rviz2-2] [INFO] [1773238240.256345231] [rviz2]: Message Filter dropping message: frame 'laser_link' at time 1515.201 for reason 'discarding message because the queue is full'
[rviz2-2] [INFO] [1773238240.289257521] [rviz2]: Message Filter dropping message: frame 'laser_link' at time 1515.231 for reason 'discarding message because the queue is full'
[rviz2-2] [INFO] [1773238240.320685155] [rviz2]: Message Filter dropping message: frame 'laser_link' at time 1515.261 for reason 'discarding message because the queue is full'
[component_container_isolated-1] [INFO] [1773238240.322854211] [global_costmap.global_costmap]: Timed out waiting for transform from base_link to map to become available, tf error: Invalid frame ID "map" passed to canTransform argument target_frame - frame does not exist
[rviz2-2] [INFO] [1773238240.351492039] [rviz2]: Message Filter dropping message: frame 'laser_link' at time 1515.291 for reason 'discarding message because the queue is full'
[rviz2-2] [INFO] [1773238240.384529884] [rviz2]: Message Filter dropping message: frame 'laser_link' at time 1515.321 for reason 'discarding message because the queue is full'
[rviz2-2] [INFO] [1773238240.416831462] [rviz2]: Message Filter dropping message: frame 'odom' at time 1513.700 for reason 'discarding message because the queue is full'
[rviz2-2] [INFO] [1773238240.416994056] [rviz2]: Message Filter dropping message: frame 'laser_link' at time 1515.361 for reason 'discarding message because the queue is full'
[rviz2-2] [INFO] [1773238240.448936703] [rviz2]: Message Filter dropping message: frame 'laser_link' at time 1515.391 for reason 'discarding message because the queue is full'
[rviz2-2] [INFO] [1773238240.479376380] [rviz2]: Message Filter dropping message: frame 'laser_link' at time 1515.421 for reason 'discarding message because the queue is full'
[rviz2-2] [INFO] [1773238240.512844589] [rviz2]: Message Filter dropping message: frame 'laser_link' at time 1515.451 for reason 'discarding message because the queue is full'
[rviz2-2] [INFO] [1773238240.544336894] [rviz2]: Message Filter dropping message: frame 'laser_link' at time 1515.481 for reason 'discarding message because the queue is full'
[rviz2-2] [INFO] [1773238240.576205483] [rviz2]: Message Filter dropping message: frame 'laser_link' at time 1515.521 for reason 'discarding message because the queue is full'
[rviz2-2] [INFO] [1773238240.609229321] [rviz2]: Message Filter dropping message: frame 'laser_link' at time 1515.551 for reason 'discarding message because the queue is full'
[rviz2-2] [INFO] [1773238240.640439639] [rviz2]: Message Filter dropping message: frame 'odom' at time 1513.900 for reason 'discarding message because the queue is full'
[rviz2-2] [INFO] [1773238240.640543604] [rviz2]: Message Filter dropping message: frame 'laser_link' at time 1515.581 for reason 'discarding message because the queue is full'
[rviz2-2] [INFO] [1773238240.672185578] [rviz2]: Message Filter dropping message: frame 'laser_link' at time 1515.611 for reason 'discarding message because the queue is full'
[rviz2-2] [INFO] [1773238240.705757853] [rviz2]: Message Filter dropping message: frame 'laser_link' at time 1515.641 for reason 'discarding message because the queue is full'
[rviz2-2] [INFO] [1773238240.736451795] [rviz2]: Message Filter dropping message: frame 'laser_link' at time 1515.681 for reason 'discarding message because the queue is full'
[rviz2-2] [INFO] [1773238240.768500550] [rviz2]: Message Filter dropping message: frame 'laser_link' at time 1515.711 for reason 'discarding message because the queue is full'
[rviz2-2] [INFO] [1773238240.801274742] [rviz2]: Message Filter dropping message: frame 'laser_link' at time 1515.741 for reason 'discarding message because the queue is full'
[component_container_isolated-1] [INFO] [1773238240.822861135] [global_costmap.global_costmap]: Timed out waiting for transform from base_link to map to become available, tf error: Invalid frame ID "map" passed to canTransform argument target_frame - frame does not exist
[rviz2-2] [INFO] [1773238240.832933689] [rviz2]: Message Filter dropping message: frame 'odom' at time 1514.100 for reason 'discarding message because the queue is full'
[rviz2-2] [INFO] [1773238240.833052611] [rviz2]: Message Filter dropping message: frame 'odom' at time 1510.038 for reason 'discarding message because the queue is full'
[rviz2-2] [INFO] [1773238240.833108365] [rviz2]: Message Filter dropping message: frame 'laser_link' at time 1515.771 for reason 'discarding message because the queue is full'
[rviz2-2] [INFO] [1773238240.864465908] [rviz2]: Message Filter dropping message: frame 'laser_link' at time 1515.801 for reason 'discarding message because the queue is full'
[rviz2-2] [INFO] [1773238240.896870239] [rviz2]: Message Filter dropping message: frame 'laser_link' at time 1515.841 for reason 'discarding message because the queue is full'
[rviz2-2] [INFO] [1773238240.929193026] [rviz2]: Message Filter dropping message: frame 'laser_link' at time 1515.871 for reason 'discarding message because the queue is full'
[rviz2-2] [INFO] [1773238240.960275044] [rviz2]: Message Filter dropping message: frame 'laser_link' at time 1515.901 for reason 'discarding message because the queue is full'
[rviz2-2] [INFO] [1773238240.993093239] [rviz2]: Message Filter dropping message: frame 'laser_link' at time 1515.931 for reason 'discarding message because the queue is full'
[rviz2-2] [INFO] [1773238241.025155590] [rviz2]: Message Filter dropping message: frame 'odom' at time 1514.300 for reason 'discarding message because the queue is full'
[rviz2-2] [INFO] [1773238241.025277297] [rviz2]: Message Filter dropping message: frame 'laser_link' at time 1515.971 for reason 'discarding message because the queue is full'
[rviz2-2] [INFO] [1773238241.056641212] [rviz2]: Message Filter dropping message: frame 'laser_link' at time 1516.001 for reason 'discarding message because the queue is full'
[rviz2-2] [INFO] [1773238241.089824730] [rviz2]: Message Filter dropping message: frame 'laser_link' at time 1516.031 for reason 'discarding message because the queue is full'
[rviz2-2] [INFO] [1773238241.120545563] [rviz2]: Message Filter dropping message: frame 'laser_link' at time 1516.061 for reason 'discarding message because the queue is full'
[rviz2-2] [INFO] [1773238241.154144007] [rviz2]: Message Filter dropping message: frame 'laser_link' at time 1516.091 for reason 'discarding message because the queue is full'
[rviz2-2] [INFO] [1773238241.185560440] [rviz2]: Message Filter dropping message: frame 'laser_link' at time 1516.121 for reason 'discarding message because the queue is full'
[rviz2-2] [INFO] [1773238241.217205411] [rviz2]: Message Filter dropping message: frame 'odom' at time 1514.500 for reason 'discarding message because the queue is full'
[rviz2-2] [INFO] [1773238241.217335855] [rviz2]: Message Filter dropping message: frame 'laser_link' at time 1516.161 for reason 'discarding message because the queue is full'
[rviz2-2] [INFO] [1773238241.249657962] [rviz2]: Message Filter dropping message: frame 'laser_link' at time 1516.191 for reason 'discarding message because the queue is full'
[rviz2-2] [INFO] [1773238241.280756591] [rviz2]: Message Filter dropping message: frame 'laser_link' at time 1516.221 for reason 'discarding message because the queue is full'
[rviz2-2] [INFO] [1773238241.312808823] [rviz2]: Message Filter dropping message: frame 'laser_link' at time 1516.251 for reason 'discarding message because the queue is full'
[component_container_isolated-1] [INFO] [1773238241.322853094] [global_costmap.global_costmap]: Timed out waiting for transform from base_link to map to become available, tf error: Invalid frame ID "map" passed to canTransform argument target_frame - frame does not exist
[rviz2-2] [INFO] [1773238241.346371570] [rviz2]: Message Filter dropping message: frame 'laser_link' at time 1516.281 for reason 'discarding message because the queue is full'
[rviz2-2] [INFO] [1773238241.376381774] [rviz2]: Message Filter dropping message: frame 'laser_link' at time 1516.321 for reason 'discarding message because the queue is full'
[rviz2-2] [INFO] [1773238241.409162178] [rviz2]: Message Filter dropping message: frame 'laser_link' at time 1516.351 for reason 'discarding message because the queue is full'
[rviz2-2] [INFO] [1773238241.441300091] [rviz2]: Message Filter dropping message: frame 'odom' at time 1514.700 for reason 'discarding message because the queue is full'
[rviz2-2] [INFO] [1773238241.441585404] [rviz2]: Message Filter dropping message: frame 'odom' at time 1510.638 for reason 'discarding message because the queue is full'
[rviz2-2] [INFO] [1773238241.441717581] [rviz2]: Message Filter dropping message: frame 'laser_link' at time 1516.381 for reason 'discarding message because the queue is full'
[rviz2-2] [INFO] [1773238241.472896150] [rviz2]: Message Filter dropping message: frame 'laser_link' at time 1516.411 for reason 'discarding message because the queue is full'
[rviz2-2] [INFO] [1773238241.505071523] [rviz2]: Message Filter dropping message: frame 'laser_link' at time 1516.451 for reason 'discarding message because the queue is full'
[rviz2-2] [INFO] [1773238241.538522540] [rviz2]: Message Filter dropping message: frame 'laser_link' at time 1516.481 for reason 'discarding message because the queue is full'
[rviz2-2] [INFO] [1773238241.568963219] [rviz2]: Message Filter dropping message: frame 'laser_link' at time 1516.511 for reason 'discarding message because the queue is full'
[rviz2-2] [INFO] [1773238241.601148591] [rviz2]: Message Filter dropping message: frame 'laser_link' at time 1516.541 for reason 'discarding message because the queue is full'
[component_container_isolated-1] [WARN] [1773238241.635128768] [amcl]: AMCL cannot publish a pose or update the transform. Please set the initial pose...
[rviz2-2] [INFO] [1773238241.636040573] [rviz2]: Message Filter dropping message: frame 'odom' at time 1514.900 for reason 'discarding message because the queue is full'
[rviz2-2] [INFO] [1773238241.636222042] [rviz2]: Message Filter dropping message: frame 'laser_link' at time 1516.571 for reason 'discarding message because the queue is full'
[rviz2-2] [INFO] [1773238241.664523401] [rviz2]: Message Filter dropping message: frame 'laser_link' at time 1516.611 for reason 'discarding message because the queue is full'
[rviz2-2] [INFO] [1773238241.696390186] [rviz2]: Message Filter dropping message: frame 'laser_link' at time 1516.641 for reason 'discarding message because the queue is full'
[rviz2-2] [INFO] [1773238241.730032232] [rviz2]: Message Filter dropping message: frame 'laser_link' at time 1516.671 for reason 'discarding message because the queue is full'
[rviz2-2] [INFO] [1773238241.760572026] [rviz2]: Message Filter dropping message: frame 'laser_link' at time 1516.701 for reason 'discarding message because the queue is full'
[rviz2-2] [INFO] [1773238241.792871390] [rviz2]: Message Filter dropping message: frame 'laser_link' at time 1516.731 for reason 'discarding message because the queue is full'
[component_container_isolated-1] [INFO] [1773238241.822868991] [global_costmap.global_costmap]: Timed out waiting for transform from base_link to map to become available, tf error: Invalid frame ID "map" passed to canTransform argument target_frame - frame does not exist
[rviz2-2] [INFO] [1773238241.825445989] [rviz2]: Message Filter dropping message: frame 'odom' at time 1515.100 for reason 'discarding message because the queue is full'
[rviz2-2] [INFO] [1773238241.825702679] [rviz2]: Message Filter dropping message: frame 'laser_link' at time 1516.761 for reason 'discarding message because the queue is full'
[rviz2-2] [INFO] [1773238241.856314629] [rviz2]: Message Filter dropping message: frame 'laser_link' at time 1516.801 for reason 'discarding message because the queue is full'
[rviz2-2] [INFO] [1773238241.887624593] [rviz2]: Message Filter dropping message: frame 'laser_link' at time 1516.831 for reason 'discarding message because the queue is full'
[rviz2-2] [INFO] [1773238241.922957810] [rviz2]: Message Filter dropping message: frame 'laser_link' at time 1516.861 for reason 'discarding message because the queue is full'
[rviz2-2] [INFO] [1773238241.953829345] [rviz2]: Message Filter dropping message: frame 'laser_link' at time 1516.891 for reason 'discarding message because the queue is full'
[rviz2-2] [INFO] [1773238241.985075009] [rviz2]: Message Filter dropping message: frame 'laser_link' at time 1516.921 for reason 'discarding message because the queue is full'
[rviz2-2] [INFO] [1773238242.015970599] [rviz2]: Message Filter dropping message: frame 'odom' at time 1515.300 for reason 'discarding message because the queue is full'
[rviz2-2] [INFO] [1773238242.016129165] [rviz2]: Message Filter dropping message: frame 'odom' at time 1511.238 for reason 'discarding message because the queue is full'
[rviz2-2] [INFO] [1773238242.016231016] [rviz2]: Message Filter dropping message: frame 'laser_link' at time 1516.951 for reason 'discarding message because the queue is full'
[rviz2-2] [INFO] [1773238242.050175296] [rviz2]: Message Filter dropping message: frame 'laser_link' at time 1516.991 for reason 'discarding message because the queue is full'
[rviz2-2] [INFO] [1773238242.080053354] [rviz2]: Message Filter dropping message: frame 'laser_link' at time 1517.021 for reason 'discarding message because the queue is full'
[rviz2-2] [INFO] [1773238242.113393114] [rviz2]: Message Filter dropping message: frame 'laser_link' at time 1517.051 for reason 'discarding message because the queue is full'
[rviz2-2] [INFO] [1773238242.146243309] [rviz2]: Message Filter dropping message: frame 'laser_link' at time 1517.081 for reason 'discarding message because the queue is full'
[rviz2-2] [INFO] [1773238242.178217064] [rviz2]: Message Filter dropping message: frame 'laser_link' at time 1517.121 for reason 'discarding message because the queue is full'
[rviz2-2] [INFO] [1773238242.209291809] [rviz2]: Message Filter dropping message: frame 'laser_link' at time 1517.151 for reason 'discarding message because the queue is full'
[rviz2-2] [INFO] [1773238242.242119702] [rviz2]: Message Filter dropping message: frame 'odom' at time 1515.500 for reason 'discarding message because the queue is full'
[rviz2-2] [INFO] [1773238242.242246249] [rviz2]: Message Filter dropping message: frame 'laser_link' at time 1517.181 for reason 'discarding message because the queue is full'
[rviz2-2] [INFO] [1773238242.273904786] [rviz2]: Message Filter dropping message: frame 'laser_link' at time 1517.211 for reason 'discarding message because the queue is full'
[rviz2-2] [INFO] [1773238242.305069098] [rviz2]: Message Filter dropping message: frame 'laser_link' at time 1517.241 for reason 'discarding message because the queue is full'
[component_container_isolated-1] [INFO] [1773238242.322879020] [global_costmap.global_costmap]: Timed out waiting for transform from base_link to map to become available, tf error: Invalid frame ID "map" passed to canTransform argument target_frame - frame does not exist
[rviz2-2] [INFO] [1773238242.339407155] [rviz2]: Message Filter dropping message: frame 'laser_link' at time 1517.271 for reason 'discarding message because the queue is full'
[rviz2-2] [INFO] [1773238242.369032900] [rviz2]: Message Filter dropping message: frame 'laser_link' at time 1517.311 for reason 'discarding message because the queue is full'
[rviz2-2] [INFO] [1773238242.403188446] [rviz2]: Message Filter dropping message: frame 'laser_link' at time 1517.341 for reason 'discarding message because the queue is full'
[rviz2-2] [INFO] [1773238242.431993096] [rviz2]: Message Filter dropping message: frame 'odom' at time 1515.700 for reason 'discarding message because the queue is full'
[rviz2-2] [INFO] [1773238242.432318495] [rviz2]: Message Filter dropping message: frame 'laser_link' at time 1517.371 for reason 'discarding message because the queue is full'
[rviz2-2] [INFO] [1773238242.466101253] [rviz2]: Message Filter dropping message: frame 'laser_link' at time 1517.401 for reason 'discarding message because the queue is full'
[rviz2-2] [INFO] [1773238242.500000990] [rviz2]: Message Filter dropping message: frame 'laser_link' at time 1517.441 for reason 'discarding message because the queue is full'
[rviz2-2] [INFO] [1773238242.528100803] [rviz2]: Message Filter dropping message: frame 'laser_link' at time 1517.471 for reason 'discarding message because the queue is full'
[rviz2-2] [INFO] [1773238242.559864135] [rviz2]: Message Filter dropping message: frame 'laser_link' at time 1517.501 for reason 'discarding message because the queue is full'
[rviz2-2] [INFO] [1773238242.593160945] [rviz2]: Message Filter dropping message: frame 'laser_link' at time 1517.531 for reason 'discarding message because the queue is full'
[rviz2-2] [INFO] [1773238242.625746104] [rviz2]: Message Filter dropping message: frame 'odom' at time 1515.900 for reason 'discarding message because the queue is full'
[rviz2-2] [INFO] [1773238242.626065762] [rviz2]: Message Filter dropping message: frame 'odom' at time 1511.838 for reason 'discarding message because the queue is full'
[rviz2-2] [INFO] [1773238242.626240198] [rviz2]: Message Filter dropping message: frame 'laser_link' at time 1517.561 for reason 'discarding message because the queue is full'
[rviz2-2] [INFO] [1773238242.655507804] [rviz2]: Message Filter dropping message: frame 'laser_link' at time 1517.601 for reason 'discarding message because the queue is full'
[rviz2-2] [INFO] [1773238242.689265886] [rviz2]: Message Filter dropping message: frame 'laser_link' at time 1517.631 for reason 'discarding message because the queue is full'
[rviz2-2] [INFO] [1773238242.720387088] [rviz2]: Message Filter dropping message: frame 'laser_link' at time 1517.661 for reason 'discarding message because the queue is full'
[rviz2-2] [INFO] [1773238242.752420736] [rviz2]: Message Filter dropping message: frame 'laser_link' at time 1517.691 for reason 'discarding message because the queue is full'
[rviz2-2] [INFO] [1773238242.783415261] [rviz2]: Message Filter dropping message: frame 'laser_link' at time 1517.721 for reason 'discarding message because the queue is full'
[rviz2-2] [INFO] [1773238242.815600182] [rviz2]: Message Filter dropping message: frame 'odom' at time 1516.100 for reason 'discarding message because the queue is full'
[rviz2-2] [INFO] [1773238242.815752116] [rviz2]: Message Filter dropping message: frame 'laser_link' at time 1517.761 for reason 'discarding message because the queue is full'
[component_container_isolated-1] [INFO] [1773238242.822851992] [global_costmap.global_costmap]: Timed out waiting for transform from base_link to map to become available, tf error: Invalid frame ID "map" passed to canTransform argument target_frame - frame does not exist
[rviz2-2] [INFO] [1773238242.848339860] [rviz2]: Message Filter dropping message: frame 'laser_link' at time 1517.791 for reason 'discarding message because the queue is full'
[rviz2-2] [INFO] [1773238242.880952731] [rviz2]: Message Filter dropping message: frame 'laser_link' at time 1517.821 for reason 'discarding message because the queue is full'
[rviz2-2] [INFO] [1773238242.912285028] [rviz2]: Message Filter dropping message: frame 'laser_link' at time 1517.851 for reason 'discarding message because the queue is full'
[rviz2-2] [INFO] [1773238242.943515023] [rviz2]: Message Filter dropping message: frame 'laser_link' at time 1517.881 for reason 'discarding message because the queue is full'
[rviz2-2] [INFO] [1773238242.976522582] [rviz2]: Message Filter dropping message: frame 'laser_link' at time 1517.911 for reason 'discarding message because the queue is full'
[rviz2-2] [INFO] [1773238243.008641850] [rviz2]: Message Filter dropping message: frame 'laser_link' at time 1517.951 for reason 'discarding message because the queue is full'
[rviz2-2] [INFO] [1773238243.040572075] [rviz2]: Message Filter dropping message: frame 'odom' at time 1516.300 for reason 'discarding message because the queue is full'
[rviz2-2] [INFO] [1773238243.040682101] [rviz2]: Message Filter dropping message: frame 'laser_link' at time 1517.981 for reason 'discarding message because the queue is full'
[rviz2-2] [INFO] [1773238243.071593541] [rviz2]: Message Filter dropping message: frame 'laser_link' at time 1518.011 for reason 'discarding message because the queue is full'
[rviz2-2] [INFO] [1773238243.104703121] [rviz2]: Message Filter dropping message: frame 'laser_link' at time 1518.041 for reason 'discarding message because the queue is full'
[rviz2-2] [INFO] [1773238243.138359002] [rviz2]: Message Filter dropping message: frame 'laser_link' at time 1518.071 for reason 'discarding message because the queue is full'
[rviz2-2] [INFO] [1773238243.168006860] [rviz2]: Message Filter dropping message: frame 'laser_link' at time 1518.111 for reason 'discarding message because the queue is full'
[rviz2-2] [INFO] [1773238243.201166042] [rviz2]: Message Filter dropping message: frame 'laser_link' at time 1518.141 for reason 'discarding message because the queue is full'
[rviz2-2] [INFO] [1773238243.232134599] [rviz2]: Message Filter dropping message: frame 'odom' at time 1516.500 for reason 'discarding message because the queue is full'
[rviz2-2] [INFO] [1773238243.232249875] [rviz2]: Message Filter dropping message: frame 'odom' at time 1512.438 for reason 'discarding message because the queue is full'
[rviz2-2] [INFO] [1773238243.232326979] [rviz2]: Message Filter dropping message: frame 'laser_link' at time 1518.171 for reason 'discarding message because the queue is full'
[rviz2-2] [INFO] [1773238243.264295515] [rviz2]: Message Filter dropping message: frame 'laser_link' at time 1518.201 for reason 'discarding message because the queue is full'
[rviz2-2] [INFO] [1773238243.296634795] [rviz2]: Message Filter dropping message: frame 'laser_link' at time 1518.231 for reason 'discarding message because the queue is full'
[component_container_isolated-1] [INFO] [1773238243.322854362] [global_costmap.global_costmap]: Timed out waiting for transform from base_link to map to become available, tf error: Invalid frame ID "map" passed to canTransform argument target_frame - frame does not exist
[rviz2-2] [INFO] [1773238243.329080113] [rviz2]: Message Filter dropping message: frame 'laser_link' at time 1518.271 for reason 'discarding message because the queue is full'
[rviz2-2] [INFO] [1773238243.360137657] [rviz2]: Message Filter dropping message: frame 'laser_link' at time 1518.301 for reason 'discarding message because the queue is full'
[rviz2-2] [INFO] [1773238243.392240474] [rviz2]: Message Filter dropping message: frame 'laser_link' at time 1518.331 for reason 'discarding message because the queue is full'
[rviz2-2] [INFO] [1773238243.423623085] [rviz2]: Message Filter dropping message: frame 'odom' at time 1516.700 for reason 'discarding message because the queue is full'
[rviz2-2] [INFO] [1773238243.423804575] [rviz2]: Message Filter dropping message: frame 'laser_link' at time 1518.361 for reason 'discarding message because the queue is full'
[rviz2-2] [INFO] [1773238243.455362764] [rviz2]: Message Filter dropping message: frame 'laser_link' at time 1518.401 for reason 'discarding message because the queue is full'
[rviz2-2] [INFO] [1773238243.487854268] [rviz2]: Message Filter dropping message: frame 'laser_link' at time 1518.431 for reason 'discarding message because the queue is full'
[rviz2-2] [INFO] [1773238243.520641746] [rviz2]: Message Filter dropping message: frame 'laser_link' at time 1518.461 for reason 'discarding message because the queue is full'
[rviz2-2] [INFO] [1773238243.552380223] [rviz2]: Message Filter dropping message: frame 'laser_link' at time 1518.491 for reason 'discarding message because the queue is full'
[rviz2-2] [INFO] [1773238243.584501885] [rviz2]: Message Filter dropping message: frame 'laser_link' at time 1518.521 for reason 'discarding message because the queue is full'
[rviz2-2] [INFO] [1773238243.617203613] [rviz2]: Message Filter dropping message: frame 'odom' at time 1516.900 for reason 'discarding message because the queue is full'
[rviz2-2] [INFO] [1773238243.617407174] [rviz2]: Message Filter dropping message: frame 'laser_link' at time 1518.551 for reason 'discarding message because the queue is full'
[rviz2-2] [INFO] [1773238243.648304698] [rviz2]: Message Filter dropping message: frame 'laser_link' at time 1518.591 for reason 'discarding message because the queue is full'
[rviz2-2] [INFO] [1773238243.680898343] [rviz2]: Message Filter dropping message: frame 'laser_link' at time 1518.621 for reason 'discarding message because the queue is full'
[rviz2-2] [INFO] [1773238243.712554305] [rviz2]: Message Filter dropping message: frame 'laser_link' at time 1518.651 for reason 'discarding message because the queue is full'
[component_container_isolated-1] [WARN] [1773238243.736089212] [amcl]: AMCL cannot publish a pose or update the transform. Please set the initial pose...
[rviz2-2] [INFO] [1773238243.744792195] [rviz2]: Message Filter dropping message: frame 'laser_link' at time 1518.681 for reason 'discarding message because the queue is full'
[rviz2-2] [INFO] [1773238243.776143017] [rviz2]: Message Filter dropping message: frame 'laser_link' at time 1518.711 for reason 'discarding message because the queue is full'
[rviz2-2] [INFO] [1773238243.809145938] [rviz2]: Message Filter dropping message: frame 'laser_link' at time 1518.751 for reason 'discarding message because the queue is full'
[component_container_isolated-1] [INFO] [1773238243.822865160] [global_costmap.global_costmap]: Timed out waiting for transform from base_link to map to become available, tf error: Invalid frame ID "map" passed to canTransform argument target_frame - frame does not exist
[rviz2-2] [INFO] [1773238243.840501127] [rviz2]: Message Filter dropping message: frame 'odom' at time 1517.100 for reason 'discarding message because the queue is full'
[rviz2-2] [INFO] [1773238243.840621913] [rviz2]: Message Filter dropping message: frame 'odom' at time 1513.038 for reason 'discarding message because the queue is full'
[rviz2-2] [INFO] [1773238243.840681825] [rviz2]: Message Filter dropping message: frame 'laser_link' at time 1518.781 for reason 'discarding message because the queue is full'
[rviz2-2] [INFO] [1773238243.872731503] [rviz2]: Message Filter dropping message: frame 'laser_link' at time 1518.811 for reason 'discarding message because the queue is full'
[rviz2-2] [INFO] [1773238243.906163526] [rviz2]: Message Filter dropping message: frame 'laser_link' at time 1518.841 for reason 'discarding message because the queue is full'
[rviz2-2] [INFO] [1773238243.936850316] [rviz2]: Message Filter dropping message: frame 'laser_link' at time 1518.881 for reason 'discarding message because the queue is full'
[rviz2-2] [INFO] [1773238243.968117391] [rviz2]: Message Filter dropping message: frame 'laser_link' at time 1518.911 for reason 'discarding message because the queue is full'
[rviz2-2] [INFO] [1773238244.001626709] [rviz2]: Message Filter dropping message: frame 'laser_link' at time 1518.941 for reason 'discarding message because the queue is full'
[rviz2-2] [INFO] [1773238244.032695724] [rviz2]: Message Filter dropping message: frame 'odom' at time 1517.300 for reason 'discarding message because the queue is full'
[rviz2-2] [INFO] [1773238244.032807954] [rviz2]: Message Filter dropping message: frame 'laser_link' at time 1518.971 for reason 'discarding message because the queue is full'
[rviz2-2] [INFO] [1773238244.064941449] [rviz2]: Message Filter dropping message: frame 'laser_link' at time 1519.001 for reason 'discarding message because the queue is full'
[rviz2-2] [INFO] [1773238244.096273085] [rviz2]: Message Filter dropping message: frame 'laser_link' at time 1519.031 for reason 'discarding message because the queue is full'
[rviz2-2] [INFO] [1773238244.128655887] [rviz2]: Message Filter dropping message: frame 'laser_link' at time 1519.071 for reason 'discarding message because the queue is full'
[rviz2-2] [INFO] [1773238244.161034971] [rviz2]: Message Filter dropping message: frame 'laser_link' at time 1519.101 for reason 'discarding message because the queue is full'
[rviz2-2] [INFO] [1773238244.193718094] [rviz2]: Message Filter dropping message: frame 'laser_link' at time 1519.131 for reason 'discarding message because the queue is full'
[rviz2-2] [INFO] [1773238244.224377423] [rviz2]: Message Filter dropping message: frame 'odom' at time 1517.500 for reason 'discarding message because the queue is full'
[rviz2-2] [INFO] [1773238244.224492068] [rviz2]: Message Filter dropping message: frame 'laser_link' at time 1519.161 for reason 'discarding message because the queue is full'
[rviz2-2] [INFO] [1773238244.256974716] [rviz2]: Message Filter dropping message: frame 'laser_link' at time 1519.191 for reason 'discarding message because the queue is full'
[rviz2-2] [INFO] [1773238244.288076041] [rviz2]: Message Filter dropping message: frame 'laser_link' at time 1519.231 for reason 'discarding message because the queue is full'
[rviz2-2] [INFO] [1773238244.321496373] [rviz2]: Message Filter dropping message: frame 'laser_link' at time 1519.261 for reason 'discarding message because the queue is full'
[component_container_isolated-1] [INFO] [1773238244.322857799] [global_costmap.global_costmap]: Timed out waiting for transform from base_link to map to become available, tf error: Invalid frame ID "map" passed to canTransform argument target_frame - frame does not exist
[rviz2-2] [INFO] [1773238244.352280144] [rviz2]: Message Filter dropping message: frame 'laser_link' at time 1519.291 for reason 'discarding message because the queue is full'
[rviz2-2] [INFO] [1773238244.383801756] [rviz2]: Message Filter dropping message: frame 'laser_link' at time 1519.321 for reason 'discarding message because the queue is full'
[rviz2-2] [INFO] [1773238244.418325941] [rviz2]: Message Filter dropping message: frame 'odom' at time 1517.700 for reason 'discarding message because the queue is full'
[rviz2-2] [INFO] [1773238244.418459691] [rviz2]: Message Filter dropping message: frame 'odom' at time 1513.638 for reason 'discarding message because the queue is full'
[rviz2-2] [INFO] [1773238244.418520936] [rviz2]: Message Filter dropping message: frame 'laser_link' at time 1519.351 for reason 'discarding message because the queue is full'
[rviz2-2] [INFO] [1773238244.448628914] [rviz2]: Message Filter dropping message: frame 'laser_link' at time 1519.391 for reason 'discarding message because the queue is full'
[rviz2-2] [INFO] [1773238244.480476414] [rviz2]: Message Filter dropping message: frame 'laser_link' at time 1519.421 for reason 'discarding message because the queue is full'
[rviz2-2] [INFO] [1773238244.513434532] [rviz2]: Message Filter dropping message: frame 'laser_link' at time 1519.451 for reason 'discarding message because the queue is full'
[rviz2-2] [INFO] [1773238244.546029159] [rviz2]: Message Filter dropping message: frame 'laser_link' at time 1519.481 for reason 'discarding message because the queue is full'
[rviz2-2] [INFO] [1773238244.575985764] [rviz2]: Message Filter dropping message: frame 'laser_link' at time 1519.511 for reason 'discarding message because the queue is full'
[rviz2-2] [INFO] [1773238244.609744950] [rviz2]: Message Filter dropping message: frame 'laser_link' at time 1519.551 for reason 'discarding message because the queue is full'
[rviz2-2] [INFO] [1773238244.641583243] [rviz2]: Message Filter dropping message: frame 'odom' at time 1517.900 for reason 'discarding message because the queue is full'
[rviz2-2] [INFO] [1773238244.641698639] [rviz2]: Message Filter dropping message: frame 'laser_link' at time 1519.581 for reason 'discarding message because the queue is full'
[rviz2-2] [INFO] [1773238244.673153455] [rviz2]: Message Filter dropping message: frame 'laser_link' at time 1519.611 for reason 'discarding message because the queue is full'
[rviz2-2] [INFO] [1773238244.704556124] [rviz2]: Message Filter dropping message: frame 'laser_link' at time 1519.641 for reason 'discarding message because the queue is full'
[rviz2-2] [INFO] [1773238244.735786771] [rviz2]: Message Filter dropping message: frame 'laser_link' at time 1519.681 for reason 'discarding message because the queue is full'
[rviz2-2] [INFO] [1773238244.769512584] [rviz2]: Message Filter dropping message: frame 'laser_link' at time 1519.711 for reason 'discarding message because the queue is full'
[rviz2-2] [INFO] [1773238244.801136466] [rviz2]: Message Filter dropping message: frame 'laser_link' at time 1519.741 for reason 'discarding message because the queue is full'
[component_container_isolated-1] [INFO] [1773238244.822849346] [global_costmap.global_costmap]: Timed out waiting for transform from base_link to map to become available, tf error: Invalid frame ID "map" passed to canTransform argument target_frame - frame does not exist
[rviz2-2] [INFO] [1773238244.832956606] [rviz2]: Message Filter dropping message: frame 'odom' at time 1518.100 for reason 'discarding message because the queue is full'
[rviz2-2] [INFO] [1773238244.833102489] [rviz2]: Message Filter dropping message: frame 'laser_link' at time 1519.771 for reason 'discarding message because the queue is full'
[rviz2-2] [INFO] [1773238244.867053683] [rviz2]: Message Filter dropping message: frame 'laser_link' at time 1519.801 for reason 'discarding message because the queue is full'
[rviz2-2] [INFO] [1773238244.897017812] [rviz2]: Message Filter dropping message: frame 'laser_link' at time 1519.831 for reason 'discarding message because the queue is full'
[rviz2-2] [INFO] [1773238244.929139415] [rviz2]: Message Filter dropping message: frame 'laser_link' at time 1519.871 for reason 'discarding message because the queue is full'
[rviz2-2] [INFO] [1773238244.960364522] [rviz2]: Message Filter dropping message: frame 'laser_link' at time 1519.901 for reason 'discarding message because the queue is full'
[rviz2-2] [INFO] [1773238244.995581072] [rviz2]: Message Filter dropping message: frame 'laser_link' at time 1519.931 for reason 'discarding message because the queue is full'
[rviz2-2] [INFO] [1773238245.024377538] [rviz2]: Message Filter dropping message: frame 'odom' at time 1518.300 for reason 'discarding message because the queue is full'
[rviz2-2] [INFO] [1773238245.024525735] [rviz2]: Message Filter dropping message: frame 'odom' at time 1514.238 for reason 'discarding message because the queue is full'
[rviz2-2] [INFO] [1773238245.024600635] [rviz2]: Message Filter dropping message: frame 'laser_link' at time 1519.961 for reason 'discarding message because the queue is full'
[rviz2-2] [INFO] [1773238245.055818138] [rviz2]: Message Filter dropping message: frame 'laser_link' at time 1519.991 for reason 'discarding message because the queue is full'
[rviz2-2] [INFO] [1773238245.090125238] [rviz2]: Message Filter dropping message: frame 'laser_link' at time 1520.031 for reason 'discarding message because the queue is full'
[rviz2-2] [INFO] [1773238245.121386473] [rviz2]: Message Filter dropping message: frame 'laser_link' at time 1520.061 for reason 'discarding message because the queue is full'
[rviz2-2] [INFO] [1773238245.153258039] [rviz2]: Message Filter dropping message: frame 'laser_link' at time 1520.091 for reason 'discarding message because the queue is full'
[rviz2-2] [INFO] [1773238245.184122091] [rviz2]: Message Filter dropping message: frame 'laser_link' at time 1520.121 for reason 'discarding message because the queue is full'
[rviz2-2] [INFO] [1773238245.219382774] [rviz2]: Message Filter dropping message: frame 'odom' at time 1518.500 for reason 'discarding message because the queue is full'
[rviz2-2] [INFO] [1773238245.219606873] [rviz2]: Message Filter dropping message: frame 'laser_link' at time 1520.151 for reason 'discarding message because the queue is full'
[rviz2-2] [INFO] [1773238245.249503346] [rviz2]: Message Filter dropping message: frame 'laser_link' at time 1520.191 for reason 'discarding message because the queue is full'
[rviz2-2] [INFO] [1773238245.250515849] [rviz2]: Setting estimate pose: Frame:map, Position(-0.0062501, -0.00312485, 0), Orientation(0, 0, -1.8479e-06, 1) = Angle: -3.6958e-06
[component_container_isolated-1] [INFO] [1773238245.250777518] [amcl]: initialPoseReceived
[component_container_isolated-1] [INFO] [1773238245.250873358] [amcl]: Setting pose (1520.538000): -0.006 -0.003 -0.000
[rviz2-2] [INFO] [1773238245.281245440] [rviz2]: Message Filter dropping message: frame 'laser_link' at time 1520.221 for reason 'discarding message because the queue is full'
[rviz2-2] [INFO] [1773238245.308371442] [rviz2]: Message Filter dropping message: frame 'laser_link' at time 1520.251 for reason 'discarding message because the queue is full'
[component_container_isolated-1] [INFO] [1773238245.322879961] [global_costmap.global_costmap]: Timed out waiting for transform from base_link to map to become available, tf error: Lookup would require extrapolation into the past.  Requested time 1520.620000 but the earliest data is at time 1521.041000, when looking up transform from frame [base_link] to frame [map]
[rviz2-2] [INFO] [1773238245.339923541] [rviz2]: Message Filter dropping message: frame 'laser_link' at time 1520.281 for reason 'discarding message because the queue is full'
[rviz2-2] [INFO] [1773238245.371542775] [rviz2]: Message Filter dropping message: frame 'laser_link' at time 1520.311 for reason 'discarding message because the queue is full'
[rviz2-2] [INFO] [1773238245.403242910] [rviz2]: Message Filter dropping message: frame 'laser_link' at time 1520.351 for reason 'discarding message because the queue is full'
[rviz2-2] [INFO] [1773238245.435735167] [rviz2]: Message Filter dropping message: frame 'odom' at time 1518.700 for reason 'discarding message because the queue is full'
[rviz2-2] [INFO] [1773238245.435909683] [rviz2]: Message Filter dropping message: frame 'laser_link' at time 1520.381 for reason 'discarding message because the queue is full'
[rviz2-2] [INFO] [1773238245.467252671] [rviz2]: Message Filter dropping message: frame 'laser_link' at time 1520.411 for reason 'discarding message because the queue is full'
[rviz2-2] [INFO] [1773238245.499236877] [rviz2]: Message Filter dropping message: frame 'laser_link' at time 1520.441 for reason 'discarding message because the queue is full'
[rviz2-2] [INFO] [1773238245.531278191] [rviz2]: Message Filter dropping message: frame 'laser_link' at time 1520.481 for reason 'discarding message because the queue is full'
[rviz2-2] [INFO] [1773238245.563274911] [rviz2]: Message Filter dropping message: frame 'laser_link' at time 1520.511 for reason 'discarding message because the queue is full'
[rviz2-2] [INFO] [1773238245.595886971] [rviz2]: Message Filter dropping message: frame 'laser_link' at time 1520.541 for reason 'discarding message because the queue is full'
[rviz2-2] [INFO] [1773238245.627352228] [rviz2]: Message Filter dropping message: frame 'odom' at time 1518.900 for reason 'discarding message because the queue is full'
[rviz2-2] [INFO] [1773238245.627447345] [rviz2]: Message Filter dropping message: frame 'odom' at time 1514.838 for reason 'discarding message because the queue is full'
[rviz2-2] [INFO] [1773238245.627534769] [rviz2]: Message Filter dropping message: frame 'laser_link' at time 1520.561 for reason 'discarding message because the queue is full'
[rviz2-2] [INFO] [1773238245.659580400] [rviz2]: Message Filter dropping message: frame 'laser_link' at time 1520.601 for reason 'discarding message because the queue is full'
[rviz2-2] [INFO] [1773238245.691549048] [rviz2]: Message Filter dropping message: frame 'laser_link' at time 1520.631 for reason 'discarding message because the queue is full'
[rviz2-2] [INFO] [1773238245.723350653] [rviz2]: Message Filter dropping message: frame 'laser_link' at time 1520.661 for reason 'discarding message because the queue is full'
[rviz2-2] [INFO] [1773238245.755311015] [rviz2]: Message Filter dropping message: frame 'laser_link' at time 1520.691 for reason 'discarding message because the queue is full'
[rviz2-2] [INFO] [1773238245.787171841] [rviz2]: Message Filter dropping message: frame 'laser_link' at time 1520.721 for reason 'discarding message because the queue is full'
[rviz2-2] [INFO] [1773238245.819439157] [rviz2]: Message Filter dropping message: frame 'odom' at time 1519.100 for reason 'discarding message because the queue is full'
[component_container_isolated-1] [INFO] [1773238245.822934563] [global_costmap.global_costmap]: start
[rviz2-2] [INFO] [1773238246.235521022] [rviz2]: Message Filter dropping message: frame 'odom' at time 1515.438 for reason 'discarding message because the queue is full'
[rviz2-2] [INFO] [1773238246.239914598] [rviz2]: Trying to create a map of size 60 x 60 using 1 swatches
[rviz2-2] [INFO] [1773238246.846539670] [rviz2]: Trying to create a map of size 376 x 222 using 1 swatches
[component_container_isolated-1] [INFO] [1773238246.873883430] [planner_server]: Activating RRTDynamicBiasedPlanner
[component_container_isolated-1] [INFO] [1773238246.875208888] [planner_server]: Creating bond (planner_server) to lifecycle manager.
[component_container_isolated-1] [INFO] [1773238246.981090455] [lifecycle_manager_navigation]: Server planner_server connected with bond.
[component_container_isolated-1] [INFO] [1773238246.981130019] [lifecycle_manager_navigation]: [34m[1mActivating behavior_server[0m[0m
[component_container_isolated-1] [INFO] [1773238246.981366882] [behavior_server]: Activating
[component_container_isolated-1] [INFO] [1773238246.981387130] [behavior_server]: Activating spin
[component_container_isolated-1] [INFO] [1773238246.981404583] [behavior_server]: Activating backup
[component_container_isolated-1] [INFO] [1773238246.981413980] [behavior_server]: Activating drive_on_heading
[component_container_isolated-1] [INFO] [1773238246.981422887] [behavior_server]: Activating assisted_teleop
[component_container_isolated-1] [INFO] [1773238246.981431253] [behavior_server]: Activating wait
[component_container_isolated-1] [INFO] [1773238246.981441702] [behavior_server]: Creating bond (behavior_server) to lifecycle manager.
[component_container_isolated-1] [INFO] [1773238247.085165996] [lifecycle_manager_navigation]: Server behavior_server connected with bond.
[component_container_isolated-1] [INFO] [1773238247.085274339] [lifecycle_manager_navigation]: [34m[1mActivating bt_navigator[0m[0m
[component_container_isolated-1] [INFO] [1773238247.085642327] [bt_navigator]: Activating
[component_container_isolated-1] [INFO] [1773238247.144156693] [bt_navigator]: Creating bond (bt_navigator) to lifecycle manager.
[component_container_isolated-1] [INFO] [1773238247.250627293] [lifecycle_manager_navigation]: Server bt_navigator connected with bond.
[component_container_isolated-1] [INFO] [1773238247.250661396] [lifecycle_manager_navigation]: [34m[1mActivating waypoint_follower[0m[0m
[component_container_isolated-1] [INFO] [1773238247.250872251] [waypoint_follower]: Activating
[component_container_isolated-1] [INFO] [1773238247.250905363] [waypoint_follower]: Creating bond (waypoint_follower) to lifecycle manager.
[component_container_isolated-1] [INFO] [1773238247.354942772] [lifecycle_manager_navigation]: Server waypoint_follower connected with bond.
[component_container_isolated-1] [INFO] [1773238247.354985262] [lifecycle_manager_navigation]: [34m[1mActivating velocity_smoother[0m[0m
[component_container_isolated-1] [INFO] [1773238247.355207798] [velocity_smoother]: Activating
[component_container_isolated-1] [INFO] [1773238247.355256559] [velocity_smoother]: Creating bond (velocity_smoother) to lifecycle manager.
[component_container_isolated-1] [INFO] [1773238247.462125484] [lifecycle_manager_navigation]: Server velocity_smoother connected with bond.
[component_container_isolated-1] [INFO] [1773238247.462210302] [lifecycle_manager_navigation]: [34m[1mManaged nodes are active[0m[0m
[component_container_isolated-1] [INFO] [1773238247.462233435] [lifecycle_manager_navigation]: [34m[1mCreating bond timer...[0m[0m
[rviz2-2] [INFO] [1773238250.260326016] [rviz2]: Message Filter dropping message: frame 'odom' at time 1516.038 for reason 'the timestamp on the message is earlier than all the data in the transform cache'
[rviz2-2] Start navigation
[rviz2-2] [INFO] [1773238250.551249835] [rviz_navigation_dialog_action_client]: NavigateToPose will be called using the BT Navigator's default behavior tree.
[component_container_isolated-1] [INFO] [1773238250.552066823] [bt_navigator]: Begin navigating from current location (-0.03, 0.00) to (-5.00, 2.00)
[component_container_isolated-1] [INFO] [1773238250.561331086] [planner_server]: Planner: Success | 耗时: 8.76 ms | 采样节点数: 993
[component_container_isolated-1] [INFO] [1773238250.572636747] [controller_server]: Received a goal, begin computing control effort.
[component_container_isolated-1] [WARN] [1773238250.572694495] [controller_server]: No goal checker was specified in parameter 'current_goal_checker'. Server will use only plugin loaded general_goal_checker . This warning will appear once.
[rviz2-2] [INFO] [1773238250.860547311] [rviz2]: Message Filter dropping message: frame 'odom' at time 1516.638 for reason 'the timestamp on the message is earlier than all the data in the transform cache'
[rviz2-2] [INFO] [1773238251.461253719] [rviz2]: Message Filter dropping message: frame 'odom' at time 1517.238 for reason 'the timestamp on the message is earlier than all the data in the transform cache'
[component_container_isolated-1] [INFO] [1773238251.587650534] [planner_server]: Planner: Success | 耗时: 4.73 ms | 采样节点数: 755
[component_container_isolated-1] [INFO] [1773238251.622855686] [controller_server]: Passing new path to controller.
[rviz2-2] [INFO] [1773238252.062164842] [rviz2]: Message Filter dropping message: frame 'odom' at time 1517.838 for reason 'the timestamp on the message is earlier than all the data in the transform cache'
[component_container_isolated-1] [INFO] [1773238252.618472644] [planner_server]: Planner: Success | 耗时: 5.89 ms | 采样节点数: 899
[rviz2-2] [INFO] [1773238252.661534868] [rviz2]: Message Filter dropping message: frame 'odom' at time 1518.438 for reason 'the timestamp on the message is earlier than all the data in the transform cache'
[component_container_isolated-1] [INFO] [1773238252.672860818] [controller_server]: Passing new path to controller.
[rviz2-2] [INFO] [1773238253.262940956] [rviz2]: Message Filter dropping message: frame 'odom' at time 1519.038 for reason 'the timestamp on the message is earlier than all the data in the transform cache'
[rviz2-2] [INFO] [1773238253.523737968] [rviz2]: Message Filter dropping message: frame 'odom' at time 1519.300 for reason 'the timestamp on the message is earlier than all the data in the transform cache'
[component_container_isolated-1] [INFO] [1773238253.646910667] [planner_server]: Planner: Success | 耗时: 4.46 ms | 采样节点数: 763
[component_container_isolated-1] [INFO] [1773238253.672859090] [controller_server]: Passing new path to controller.
[rviz2-2] [INFO] [1773238253.723808945] [rviz2]: Message Filter dropping message: frame 'odom' at time 1519.500 for reason 'the timestamp on the message is earlier than all the data in the transform cache'
[rviz2-2] [INFO] [1773238253.863106577] [rviz2]: Message Filter dropping message: frame 'odom' at time 1519.638 for reason 'the timestamp on the message is earlier than all the data in the transform cache'
[rviz2-2] [INFO] [1773238253.923568088] [rviz2]: Message Filter dropping message: frame 'odom' at time 1519.700 for reason 'the timestamp on the message is earlier than all the data in the transform cache'
[rviz2-2] [INFO] [1773238254.123550881] [rviz2]: Message Filter dropping message: frame 'odom' at time 1519.900 for reason 'the timestamp on the message is earlier than all the data in the transform cache'
[rviz2-2] [INFO] [1773238254.323642458] [rviz2]: Message Filter dropping message: frame 'odom' at time 1520.100 for reason 'the timestamp on the message is earlier than all the data in the transform cache'
[rviz2-2] [INFO] [1773238254.463432213] [rviz2]: Message Filter dropping message: frame 'odom' at time 1520.238 for reason 'the timestamp on the message is earlier than all the data in the transform cache'
[rviz2-2] [INFO] [1773238254.523612448] [rviz2]: Message Filter dropping message: frame 'odom' at time 1520.300 for reason 'the timestamp on the message is earlier than all the data in the transform cache'
[component_container_isolated-1] [INFO] [1773238254.676581007] [planner_server]: Planner: Success | 耗时: 4.15 ms | 采样节点数: 659
[component_container_isolated-1] [INFO] [1773238254.722853355] [controller_server]: Passing new path to controller.
[rviz2-2] [INFO] [1773238254.723683027] [rviz2]: Message Filter dropping message: frame 'odom' at time 1520.500 for reason 'the timestamp on the message is earlier than all the data in the transform cache'
[rviz2-2] [INFO] [1773238254.923759185] [rviz2]: Message Filter dropping message: frame 'odom' at time 1520.700 for reason 'the timestamp on the message is earlier than all the data in the transform cache'
[rviz2-2] [INFO] [1773238255.063363513] [rviz2]: Message Filter dropping message: frame 'odom' at time 1520.838 for reason 'the timestamp on the message is earlier than all the data in the transform cache'
[rviz2-2] [INFO] [1773238255.123594174] [rviz2]: Message Filter dropping message: frame 'odom' at time 1520.900 for reason 'the timestamp on the message is earlier than all the data in the transform cache'
[rviz2-2] [INFO] [1773238255.483033473] [rviz2]: Message Filter dropping message: frame 'laser_link' at time 1520.761 for reason 'the timestamp on the message is earlier than all the data in the transform cache'
[rviz2-2] [INFO] [1773238255.503290022] [rviz2]: Message Filter dropping message: frame 'laser_link' at time 1520.791 for reason 'the timestamp on the message is earlier than all the data in the transform cache'
[rviz2-2] [INFO] [1773238255.542996914] [rviz2]: Message Filter dropping message: frame 'laser_link' at time 1520.821 for reason 'the timestamp on the message is earlier than all the data in the transform cache'
[rviz2-2] [INFO] [1773238255.563161692] [rviz2]: Message Filter dropping message: frame 'laser_link' at time 1520.851 for reason 'the timestamp on the message is earlier than all the data in the transform cache'
[rviz2-2] [INFO] [1773238255.603256789] [rviz2]: Message Filter dropping message: frame 'laser_link' at time 1520.881 for reason 'the timestamp on the message is earlier than all the data in the transform cache'
[rviz2-2] [INFO] [1773238255.643046045] [rviz2]: Message Filter dropping message: frame 'laser_link' at time 1520.921 for reason 'the timestamp on the message is earlier than all the data in the transform cache'
[rviz2-2] [INFO] [1773238255.663316971] [rviz2]: Message Filter dropping message: frame 'laser_link' at time 1520.951 for reason 'the timestamp on the message is earlier than all the data in the transform cache'
[rviz2-2] [INFO] [1773238255.703483122] [rviz2]: Message Filter dropping message: frame 'laser_link' at time 1520.981 for reason 'the timestamp on the message is earlier than all the data in the transform cache'
[component_container_isolated-1] [INFO] [1773238255.708021498] [planner_server]: Planner: Success | 耗时: 5.48 ms | 采样节点数: 805
[component_container_isolated-1] [INFO] [1773238255.722853654] [controller_server]: Passing new path to controller.
[rviz2-2] [INFO] [1773238255.723735974] [rviz2]: Message Filter dropping message: frame 'laser_link' at time 1521.011 for reason 'the timestamp on the message is earlier than all the data in the transform cache'
[component_container_isolated-1] [INFO] [1773238256.747659271] [planner_server]: Planner: Success | 耗时: 15.05 ms | 采样节点数: 1483
[component_container_isolated-1] [WARN] [1773238256.747740142] [planner_server]: Planner loop missed its desired rate of 20.0000 Hz. Current loop rate is 10.0000 Hz
[component_container_isolated-1] [INFO] [1773238256.772854516] [controller_server]: Passing new path to controller.
[component_container_isolated-1] [INFO] [1773238257.775809243] [planner_server]: Planner: Success | 耗时: 3.21 ms | 采样节点数: 563
[component_container_isolated-1] [INFO] [1773238257.822861571] [controller_server]: Passing new path to controller.
[component_container_isolated-1] [INFO] [1773238258.807536466] [planner_server]: Planner: Success | 耗时: 5.11 ms | 采样节点数: 845
[component_container_isolated-1] [INFO] [1773238258.822859591] [controller_server]: Passing new path to controller.
[component_container_isolated-1] [INFO] [1773238259.835775829] [planner_server]: Planner: Success | 耗时: 3.39 ms | 采样节点数: 627
[component_container_isolated-1] [INFO] [1773238259.872851912] [controller_server]: Passing new path to controller.
[component_container_isolated-1] [ERROR] [1773238260.672903154] [controller_server]: Failed to make progress
[component_container_isolated-1] [WARN] [1773238260.672974828] [controller_server]: [follow_path] [ActionServer] Aborting handle.
[component_container_isolated-1] [INFO] [1773238260.692312281] [local_costmap.local_costmap]: Received request to clear entirely the local_costmap
[component_container_isolated-1] [INFO] [1773238260.692695818] [controller_server]: Received a goal, begin computing control effort.
[component_container_isolated-1] [WARN] [1773238260.816231064] [controller_server]: Control loop missed its desired rate of 20.0000Hz
[component_container_isolated-1] [INFO] [1773238260.870739708] [planner_server]: Planner: Success | 耗时: 8.21 ms | 采样节点数: 1083
[component_container_isolated-1] [INFO] [1773238260.920919366] [controller_server]: Passing new path to controller.
[component_container_isolated-1] [INFO] [1773238261.903951092] [planner_server]: Planner: Success | 耗时: 11.53 ms | 采样节点数: 1254
[component_container_isolated-1] [INFO] [1773238261.966296251] [controller_server]: Passing new path to controller.
[component_container_isolated-1] [INFO] [1773238262.936210618] [planner_server]: Planner: Success | 耗时: 3.81 ms | 采样节点数: 589
[component_container_isolated-1] [INFO] [1773238262.966302101] [controller_server]: Passing new path to controller.
[component_container_isolated-1] [INFO] [1773238263.971329653] [planner_server]: Planner: Success | 耗时: 8.95 ms | 采样节点数: 1095
[component_container_isolated-1] [INFO] [1773238264.016292017] [controller_server]: Passing new path to controller.
[component_container_isolated-1] [INFO] [1773238264.998627814] [planner_server]: Planner: Success | 耗时: 6.05 ms | 采样节点数: 773
[component_container_isolated-1] [INFO] [1773238265.016294062] [controller_server]: Passing new path to controller.
[component_container_isolated-1] [INFO] [1773238266.026695567] [planner_server]: Planner: Success | 耗时: 4.19 ms | 采样节点数: 644
[component_container_isolated-1] [INFO] [1773238266.066301644] [controller_server]: Passing new path to controller.
[component_container_isolated-1] [INFO] [1773238267.055697658] [planner_server]: Planner: Success | 耗时: 3.23 ms | 采样节点数: 575
[component_container_isolated-1] [INFO] [1773238267.116302356] [controller_server]: Passing new path to controller.
[component_container_isolated-1] [INFO] [1773238268.087830846] [planner_server]: Planner: Success | 耗时: 5.44 ms | 采样节点数: 901
[component_container_isolated-1] [INFO] [1773238268.116295298] [controller_server]: Passing new path to controller.
[component_container_isolated-1] [INFO] [1773238269.115639718] [planner_server]: Planner: Success | 耗时: 3.21 ms | 采样节点数: 527
[component_container_isolated-1] [INFO] [1773238269.166303898] [controller_server]: Passing new path to controller.
[component_container_isolated-1] [INFO] [1773238270.147445387] [planner_server]: Planner: Success | 耗时: 4.83 ms | 采样节点数: 694
[component_container_isolated-1] [INFO] [1773238270.166292805] [controller_server]: Passing new path to controller.
[component_container_isolated-1] [INFO] [1773238271.177416837] [planner_server]: Planner: Success | 耗时: 4.89 ms | 采样节点数: 623
[component_container_isolated-1] [INFO] [1773238271.216294565] [controller_server]: Passing new path to controller.
[component_container_isolated-1] [INFO] [1773238272.205537788] [planner_server]: Planner: Success | 耗时: 2.98 ms | 采样节点数: 602
[component_container_isolated-1] [INFO] [1773238272.266295606] [controller_server]: Passing new path to controller.
[component_container_isolated-1] [INFO] [1773238273.238578982] [planner_server]: Planner: Success | 耗时: 6.16 ms | 采样节点数: 868
[component_container_isolated-1] [INFO] [1773238273.266297941] [controller_server]: Passing new path to controller.
[component_container_isolated-1] [INFO] [1773238274.267247820] [planner_server]: Planner: Success | 耗时: 4.62 ms | 采样节点数: 832
[component_container_isolated-1] [INFO] [1773238274.316302602] [controller_server]: Passing new path to controller.
[component_container_isolated-1] [INFO] [1773238275.297818125] [planner_server]: Planner: Success | 耗时: 5.14 ms | 采样节点数: 790
[component_container_isolated-1] [INFO] [1773238275.316293658] [controller_server]: Passing new path to controller.
[component_container_isolated-1] [INFO] [1773238276.327969719] [planner_server]: Planner: Success | 耗时: 5.53 ms | 采样节点数: 848
[component_container_isolated-1] [INFO] [1773238276.366285088] [controller_server]: Passing new path to controller.
[component_container_isolated-1] [INFO] [1773238277.356322180] [planner_server]: Planner: Success | 耗时: 3.80 ms | 采样节点数: 710
[component_container_isolated-1] [WARN] [1773238277.356443036] [planner_server]: Planner loop missed its desired rate of 20.0000 Hz. Current loop rate is 10.0000 Hz
[component_container_isolated-1] [INFO] [1773238277.416297037] [controller_server]: Passing new path to controller.
[component_container_isolated-1] [INFO] [1773238278.390821688] [planner_server]: Planner: Success | 耗时: 8.14 ms | 采样节点数: 1053
[component_container_isolated-1] [INFO] [1773238278.416295500] [controller_server]: Passing new path to controller.
[component_container_isolated-1] [INFO] [1773238279.418220648] [planner_server]: Planner: Success | 耗时: 5.79 ms | 采样节点数: 921
[component_container_isolated-1] [INFO] [1773238279.466297795] [controller_server]: Passing new path to controller.
[component_container_isolated-1] [INFO] [1773238280.450335479] [planner_server]: Planner: Success | 耗时: 7.95 ms | 采样节点数: 1086
[component_container_isolated-1] [INFO] [1773238280.466295088] [controller_server]: Passing new path to controller.
[component_container_isolated-1] [INFO] [1773238281.481151012] [planner_server]: Planner: Success | 耗时: 8.73 ms | 采样节点数: 1110
[component_container_isolated-1] [INFO] [1773238281.516305721] [controller_server]: Passing new path to controller.
[component_container_isolated-1] [INFO] [1773238282.504509228] [planner_server]: Planner: Success | 耗时: 2.02 ms | 采样节点数: 448
[component_container_isolated-1] [INFO] [1773238282.566293863] [controller_server]: Passing new path to controller.
[component_container_isolated-1] [INFO] [1773238283.535940735] [planner_server]: Planner: Success | 耗时: 3.21 ms | 采样节点数: 584
[component_container_isolated-1] [INFO] [1773238283.566297622] [controller_server]: Passing new path to controller.
[component_container_isolated-1] [INFO] [1773238284.565596512] [planner_server]: Planner: Success | 耗时: 3.20 ms | 采样节点数: 584
[component_container_isolated-1] [INFO] [1773238284.616295244] [controller_server]: Passing new path to controller.
[component_container_isolated-1] [INFO] [1773238285.599605713] [planner_server]: Planner: Success | 耗时: 7.19 ms | 采样节点数: 897
[component_container_isolated-1] [INFO] [1773238285.616304495] [controller_server]: Passing new path to controller.
[component_container_isolated-1] [INFO] [1773238286.628333536] [planner_server]: Planner: Success | 耗时: 5.55 ms | 采样节点数: 629
[component_container_isolated-1] [INFO] [1773238286.666294345] [controller_server]: Passing new path to controller.
[component_container_isolated-1] [INFO] [1773238287.654575181] [planner_server]: Planner: Success | 耗时: 2.15 ms | 采样节点数: 486
[component_container_isolated-1] [INFO] [1773238287.716300037] [controller_server]: Passing new path to controller.
[component_container_isolated-1] [INFO] [1773238288.686538469] [planner_server]: Planner: Success | 耗时: 4.13 ms | 采样节点数: 724
[component_container_isolated-1] [INFO] [1773238288.716303369] [controller_server]: Passing new path to controller.
[component_container_isolated-1] [INFO] [1773238289.719611733] [planner_server]: Planner: Success | 耗时: 7.16 ms | 采样节点数: 987
[component_container_isolated-1] [INFO] [1773238289.766292693] [controller_server]: Passing new path to controller.
[component_container_isolated-1] [INFO] [1773238290.745648328] [planner_server]: Planner: Success | 耗时: 3.26 ms | 采样节点数: 614
[component_container_isolated-1] [INFO] [1773238290.766299743] [controller_server]: Passing new path to controller.
[component_container_isolated-1] [INFO] [1773238291.775644890] [planner_server]: Planner: Success | 耗时: 3.03 ms | 采样节点数: 604
[component_container_isolated-1] [INFO] [1773238291.816300581] [controller_server]: Passing new path to controller.
[component_container_isolated-1] [INFO] [1773238292.806203584] [planner_server]: Planner: Success | 耗时: 3.51 ms | 采样节点数: 627
[component_container_isolated-1] [INFO] [1773238292.866295860] [controller_server]: Passing new path to controller.
[component_container_isolated-1] [INFO] [1773238293.840823516] [planner_server]: Planner: Success | 耗时: 8.39 ms | 采样节点数: 1081
[component_container_isolated-1] [INFO] [1773238293.866296491] [controller_server]: Passing new path to controller.
[component_container_isolated-1] [INFO] [1773238294.865756891] [planner_server]: Planner: Success | 耗时: 3.36 ms | 采样节点数: 633
[component_container_isolated-1] [WARN] [1773238294.865832662] [planner_server]: Planner loop missed its desired rate of 20.0000 Hz. Current loop rate is 10.0000 Hz
[component_container_isolated-1] [INFO] [1773238294.916293735] [controller_server]: Passing new path to controller.
[component_container_isolated-1] [INFO] [1773238295.895964682] [planner_server]: Planner: Success | 耗时: 3.54 ms | 采样节点数: 629
[component_container_isolated-1] [INFO] [1773238295.916300929] [controller_server]: Passing new path to controller.
[component_container_isolated-1] [INFO] [1773238296.926350176] [planner_server]: Planner: Success | 耗时: 3.86 ms | 采样节点数: 678
[component_container_isolated-1] [INFO] [1773238296.966300912] [controller_server]: Passing new path to controller.
[component_container_isolated-1] [INFO] [1773238297.956475766] [planner_server]: Planner: Success | 耗时: 3.98 ms | 采样节点数: 688
[component_container_isolated-1] [INFO] [1773238298.016296026] [controller_server]: Passing new path to controller.
[component_container_isolated-1] [INFO] [1773238298.985750895] [planner_server]: Planner: Success | 耗时: 3.36 ms | 采样节点数: 618
[component_container_isolated-1] [INFO] [1773238299.016293003] [controller_server]: Passing new path to controller.
[component_container_isolated-1] [INFO] [1773238300.015477450] [planner_server]: Planner: Success | 耗时: 2.88 ms | 采样节点数: 525
[component_container_isolated-1] [INFO] [1773238300.066297357] [controller_server]: Passing new path to controller.
[component_container_isolated-1] [INFO] [1773238301.046560904] [planner_server]: Planner: Success | 耗时: 4.11 ms | 采样节点数: 672
[component_container_isolated-1] [INFO] [1773238301.066293974] [controller_server]: Passing new path to controller.
[component_container_isolated-1] [INFO] [1773238302.080690757] [planner_server]: Planner: Success | 耗时: 8.30 ms | 采样节点数: 1092
[component_container_isolated-1] [INFO] [1773238302.116294714] [controller_server]: Passing new path to controller.
[component_container_isolated-1] [INFO] [1773238303.106222698] [planner_server]: Planner: Success | 耗时: 3.75 ms | 采样节点数: 517
[component_container_isolated-1] [INFO] [1773238303.166298861] [controller_server]: Passing new path to controller.
[component_container_isolated-1] [INFO] [1773238304.138289113] [planner_server]: Planner: Success | 耗时: 5.44 ms | 采样节点数: 654
[component_container_isolated-1] [INFO] [1773238304.166294317] [controller_server]: Passing new path to controller.
[component_container_isolated-1] [INFO] [1773238305.167423094] [planner_server]: Planner: Success | 耗时: 4.98 ms | 采样节点数: 724
[component_container_isolated-1] [INFO] [1773238305.216292665] [controller_server]: Passing new path to controller.
[component_container_isolated-1] [INFO] [1773238306.199100773] [planner_server]: Planner: Success | 耗时: 6.52 ms | 采样节点数: 806
[component_container_isolated-1] [INFO] [1773238306.216292761] [controller_server]: Passing new path to controller.
[component_container_isolated-1] [INFO] [1773238307.226683744] [planner_server]: Planner: Success | 耗时: 4.13 ms | 采样节点数: 500
[component_container_isolated-1] [INFO] [1773238307.266325345] [controller_server]: Passing new path to controller.
[component_container_isolated-1] [INFO] [1773238308.255118388] [planner_server]: Planner: Success | 耗时: 2.56 ms | 采样节点数: 445
[component_container_isolated-1] [INFO] [1773238308.316300393] [controller_server]: Passing new path to controller.
[component_container_isolated-1] [INFO] [1773238309.285685773] [planner_server]: Planner: Success | 耗时: 3.05 ms | 采样节点数: 541
[component_container_isolated-1] [INFO] [1773238309.316292194] [controller_server]: Passing new path to controller.
[component_container_isolated-1] [INFO] [1773238310.314369455] [planner_server]: Planner: Success | 耗时: 1.90 ms | 采样节点数: 389
[component_container_isolated-1] [INFO] [1773238310.366294735] [controller_server]: Passing new path to controller.
[component_container_isolated-1] [INFO] [1773238311.347317674] [planner_server]: Planner: Success | 耗时: 4.85 ms | 采样节点数: 841
[component_container_isolated-1] [INFO] [1773238311.366297918] [controller_server]: Passing new path to controller.
[component_container_isolated-1] [INFO] [1773238312.373931645] [planner_server]: Planner: Success | 耗时: 1.54 ms | 采样节点数: 363
[component_container_isolated-1] [INFO] [1773238312.416297514] [controller_server]: Passing new path to controller.
[component_container_isolated-1] [INFO] [1773238313.403885494] [planner_server]: Planner: Success | 耗时: 1.50 ms | 采样节点数: 346
[component_container_isolated-1] [INFO] [1773238313.466297793] [controller_server]: Passing new path to controller.
[component_container_isolated-1] [INFO] [1773238314.435459866] [planner_server]: Planner: Success | 耗时: 2.69 ms | 采样节点数: 502
[component_container_isolated-1] [INFO] [1773238314.466295758] [controller_server]: Passing new path to controller.
[component_container_isolated-1] [INFO] [1773238315.463106480] [planner_server]: Planner: Success | 耗时: 0.70 ms | 采样节点数: 233
[component_container_isolated-1] [INFO] [1773238315.516301669] [controller_server]: Passing new path to controller.
[component_container_isolated-1] [INFO] [1773238316.494488894] [planner_server]: Planner: Success | 耗时: 1.99 ms | 采样节点数: 389
[component_container_isolated-1] [INFO] [1773238316.516296718] [controller_server]: Passing new path to controller.
[component_container_isolated-1] [INFO] [1773238317.523542231] [planner_server]: Planner: Success | 耗时: 1.17 ms | 采样节点数: 323
[component_container_isolated-1] [INFO] [1773238317.566302149] [controller_server]: Passing new path to controller.
[component_container_isolated-1] [INFO] [1773238318.552586281] [planner_server]: Planner: Success | 耗时: 0.14 ms | 采样节点数: 45
[component_container_isolated-1] [INFO] [1773238318.616300268] [controller_server]: Passing new path to controller.
[component_container_isolated-1] [INFO] [1773238319.582808536] [planner_server]: Planner: Success | 耗时: 0.18 ms | 采样节点数: 27
[component_container_isolated-1] [INFO] [1773238319.616295017] [controller_server]: Passing new path to controller.
[component_container_isolated-1] [INFO] [1773238320.612534282] [planner_server]: Planner: Success | 耗时: 0.11 ms | 采样节点数: 22
[component_container_isolated-1] [INFO] [1773238320.666293117] [controller_server]: Passing new path to controller.
[component_container_isolated-1] [INFO] [1773238321.642569066] [planner_server]: Planner: Success | 耗时: 0.14 ms | 采样节点数: 43
[component_container_isolated-1] [INFO] [1773238321.666296914] [controller_server]: Passing new path to controller.
[component_container_isolated-1] [INFO] [1773238322.672609492] [planner_server]: Planner: Success | 耗时: 0.13 ms | 采样节点数: 21
[component_container_isolated-1] [INFO] [1773238322.716303590] [controller_server]: Passing new path to controller.
[component_container_isolated-1] [INFO] [1773238323.702490109] [planner_server]: Planner: Success | 耗时: 0.10 ms | 采样节点数: 20
[component_container_isolated-1] [INFO] [1773238323.766295450] [controller_server]: Passing new path to controller.
[component_container_isolated-1] [INFO] [1773238324.732827932] [planner_server]: Planner: Success | 耗时: 0.21 ms | 采样节点数: 28
[component_container_isolated-1] [INFO] [1773238324.766298546] [controller_server]: Passing new path to controller.
[component_container_isolated-1] [INFO] [1773238325.762575982] [planner_server]: Planner: Success | 耗时: 0.13 ms | 采样节点数: 15
[component_container_isolated-1] [INFO] [1773238325.816297710] [controller_server]: Passing new path to controller.
[component_container_isolated-1] [INFO] [1773238326.792526981] [planner_server]: Planner: Success | 耗时: 0.09 ms | 采样节点数: 14
[component_container_isolated-1] [INFO] [1773238326.816307859] [controller_server]: Passing new path to controller.
[component_container_isolated-1] [INFO] [1773238327.822741314] [planner_server]: Planner: Success | 耗时: 0.15 ms | 采样节点数: 16
[component_container_isolated-1] [INFO] [1773238327.866301774] [controller_server]: Passing new path to controller.
[component_container_isolated-1] [INFO] [1773238328.852548255] [planner_server]: Planner: Success | 耗时: 0.13 ms | 采样节点数: 14
[component_container_isolated-1] [INFO] [1773238328.916296492] [controller_server]: Passing new path to controller.
[component_container_isolated-1] [INFO] [1773238329.882495569] [planner_server]: Planner: Success | 耗时: 0.08 ms | 采样节点数: 11
[component_container_isolated-1] [INFO] [1773238329.916301762] [controller_server]: Passing new path to controller.
[component_container_isolated-1] [INFO] [1773238330.912570932] [planner_server]: Planner: Success | 耗时: 0.11 ms | 采样节点数: 16
[component_container_isolated-1] [INFO] [1773238330.966295829] [controller_server]: Passing new path to controller.
[component_container_isolated-1] [INFO] [1773238331.942603996] [planner_server]: Planner: Success | 耗时: 0.11 ms | 采样节点数: 16
[component_container_isolated-1] [INFO] [1773238331.966303653] [controller_server]: Passing new path to controller.
[component_container_isolated-1] [INFO] [1773238332.972699688] [planner_server]: Planner: Success | 耗时: 0.15 ms | 采样节点数: 12
[component_container_isolated-1] [INFO] [1773238333.016292552] [controller_server]: Passing new path to controller.
[component_container_isolated-1] [INFO] [1773238334.002489178] [planner_server]: Planner: Success | 耗时: 0.08 ms | 采样节点数: 8
[component_container_isolated-1] [INFO] [1773238334.066295086] [controller_server]: Passing new path to controller.
[component_container_isolated-1] [INFO] [1773238335.032589248] [planner_server]: Planner: Success | 耗时: 0.11 ms | 采样节点数: 11
[component_container_isolated-1] [INFO] [1773238335.066295316] [controller_server]: Passing new path to controller.
[component_container_isolated-1] [INFO] [1773238336.062533027] [planner_server]: Planner: Success | 耗时: 0.10 ms | 采样节点数: 16
[component_container_isolated-1] [INFO] [1773238336.116293183] [controller_server]: Passing new path to controller.
[component_container_isolated-1] [INFO] [1773238337.092513023] [planner_server]: Planner: Success | 耗时: 0.08 ms | 采样节点数: 5
[component_container_isolated-1] [INFO] [1773238337.116310614] [controller_server]: Passing new path to controller.
[component_container_isolated-1] [INFO] [1773238338.122619797] [planner_server]: Planner: Success | 耗时: 0.09 ms | 采样节点数: 4
[component_container_isolated-1] [INFO] [1773238338.166305276] [controller_server]: Passing new path to controller.
[component_container_isolated-1] [INFO] [1773238339.152925563] [planner_server]: Planner: Success | 耗时: 0.18 ms | 采样节点数: 5
[component_container_isolated-1] [INFO] [1773238339.216302321] [controller_server]: Passing new path to controller.
[component_container_isolated-1] [INFO] [1773238340.182635824] [planner_server]: Planner: Success | 耗时: 0.12 ms | 采样节点数: 2
[component_container_isolated-1] [INFO] [1773238340.216290979] [controller_server]: Passing new path to controller.
[component_container_isolated-1] [INFO] [1773238341.212739663] [planner_server]: Planner: Success | 耗时: 0.15 ms | 采样节点数: 5
[component_container_isolated-1] [INFO] [1773238341.266297152] [controller_server]: Passing new path to controller.
[component_container_isolated-1] [INFO] [1773238342.218929471] [controller_server]: Reached the goal!
[component_container_isolated-1] [INFO] [1773238342.242503826] [planner_server]: Planner: Success | 耗时: 0.09 ms | 采样节点数: 2
[component_container_isolated-1] [INFO] [1773238342.252444664] [bt_navigator]: Goal succeeded
[WARNING] [launch]: user interrupted with ctrl-c (SIGINT)
[component_container_isolated-1] [INFO] [1773238432.517931195] [rclcpp]: signal_handler(signum=2)
[component_container_isolated-1] [INFO] [1773238432.518007208] [velocity_smoother]: Running Nav2 LifecycleNode rcl preshutdown (velocity_smoother)
[component_container_isolated-1] [INFO] [1773238432.518092237] [velocity_smoother]: Deactivating
[component_container_isolated-1] [INFO] [1773238432.518117284] [velocity_smoother]: Destroying bond (velocity_smoother) to lifecycle manager.
[rviz2-2] [INFO] [1773238432.517936475] [rclcpp]: signal_handler(signum=2)
[component_container_isolated-1] [INFO] [1773238432.528486622] [velocity_smoother]: Cleaning up
[component_container_isolated-1] [INFO] [1773238432.528584044] [velocity_smoother]: Destroying bond (velocity_smoother) to lifecycle manager.
[component_container_isolated-1] [INFO] [1773238432.528604312] [waypoint_follower]: Running Nav2 LifecycleNode rcl preshutdown (waypoint_follower)
[component_container_isolated-1] [INFO] [1773238432.528642603] [waypoint_follower]: Deactivating
[component_container_isolated-1] [INFO] [1773238432.528665436] [waypoint_follower]: Destroying bond (waypoint_follower) to lifecycle manager.
[component_container_isolated-1] [INFO] [1773238432.539114063] [waypoint_follower]: Cleaning up
[component_container_isolated-1] [INFO] [1773238432.548965251] [waypoint_follower]: Destroying bond (waypoint_follower) to lifecycle manager.
[component_container_isolated-1] [INFO] [1773238432.549005696] [planner_server]: Running Nav2 LifecycleNode rcl preshutdown (planner_server)
[component_container_isolated-1] [INFO] [1773238432.549070067] [planner_server]: Deactivating
[component_container_isolated-1] [INFO] [1773238432.549111625] [global_costmap.global_costmap]: Deactivating
[component_container_isolated-1] [INFO] [1773238432.661447580] [lifecycle_manager_navigation]: [34m[1mHave not received a heartbeat from waypoint_follower.[0m[0m
[component_container_isolated-1] [ERROR] [1773238432.661494587] [lifecycle_manager_navigation]: CRITICAL FAILURE: SERVER waypoint_follower IS DOWN after not receiving a heartbeat for 4000 ms. Shutting down related nodes.
[component_container_isolated-1] [INFO] [1773238432.661522039] [lifecycle_manager_navigation]: [34m[1mTerminating bond timer...[0m[0m
[component_container_isolated-1] [INFO] [1773238432.661532238] [lifecycle_manager_navigation]: [34m[1mResetting managed nodes...[0m[0m
[component_container_isolated-1] [INFO] [1773238432.661541325] [lifecycle_manager_navigation]: [34m[1mDeactivating velocity_smoother[0m[0m
[component_container_isolated-1] [WARN] [1773238432.661795691] [rcl_lifecycle]: No transition matching 4 found for current state unconfigured
[component_container_isolated-1] [WARN] [1773238432.661812813] [rcl_lifecycle]: No transition matching 4 found for current state unconfigured
[component_container_isolated-1] [ERROR] [1773238432.661824395] [velocity_smoother]: Unable to start transition 4 from current state unconfigured: Transition is not registered., at ./src/rcl_lifecycle.c:355
[component_container_isolated-1] [ERROR] [1773238432.662039818] [lifecycle_manager_navigation]: Failed to change state for node: velocity_smoother
[component_container_isolated-1] [INFO] [1773238432.662059886] [lifecycle_manager_navigation]: [34m[1mDeactivating waypoint_follower[0m[0m
[component_container_isolated-1] [WARN] [1773238432.662196591] [rcl_lifecycle]: No transition matching 4 found for current state unconfigured
[component_container_isolated-1] [WARN] [1773238432.662207612] [rcl_lifecycle]: No transition matching 4 found for current state unconfigured
[component_container_isolated-1] [ERROR] [1773238432.662213663] [waypoint_follower]: Unable to start transition 4 from current state unconfigured: Transition is not registered., at ./src/rcl_lifecycle.c:355
[component_container_isolated-1] [ERROR] [1773238432.662380836] [lifecycle_manager_navigation]: Failed to change state for node: waypoint_follower
[component_container_isolated-1] [INFO] [1773238432.662401665] [lifecycle_manager_navigation]: [34m[1mDeactivating bt_navigator[0m[0m
[component_container_isolated-1] [INFO] [1773238432.662552267] [bt_navigator]: Deactivating
[component_container_isolated-1] [INFO] [1773238432.662588916] [bt_navigator]: Destroying bond (bt_navigator) to lifecycle manager.
[component_container_isolated-1] [INFO] [1773238432.775533340] [lifecycle_manager_navigation]: [34m[1mDeactivating behavior_server[0m[0m
[component_container_isolated-1] [INFO] [1773238432.776063863] [behavior_server]: Deactivating
[component_container_isolated-1] [INFO] [1773238432.776123344] [behavior_server]: Destroying bond (behavior_server) to lifecycle manager.
[component_container_isolated-1] [INFO] [1773238432.823108354] [planner_server]: Deactivating RRTDynamicBiasedPlanner
[component_container_isolated-1] [INFO] [1773238432.823156143] [planner_server]: Destroying bond (planner_server) to lifecycle manager.
[component_container_isolated-1] [INFO] [1773238432.833382063] [planner_server]: Cleaning up
[component_container_isolated-1] [INFO] [1773238432.844541770] [global_costmap.global_costmap]: Cleaning up
[component_container_isolated-1] [INFO] [1773238432.849597242] [planner_server]: Cleaning up RRTDynamicBiasedPlanner
[component_container_isolated-1] [INFO] [1773238432.862427476] [planner_server]: Destroying bond (planner_server) to lifecycle manager.
[component_container_isolated-1] [INFO] [1773238432.862462361] [smoother_server]: Running Nav2 LifecycleNode rcl preshutdown (smoother_server)
[component_container_isolated-1] [INFO] [1773238432.862492618] [smoother_server]: Deactivating
[component_container_isolated-1] [INFO] [1773238432.862515290] [smoother_server]: Destroying bond (smoother_server) to lifecycle manager.
[component_container_isolated-1] [INFO] [1773238432.872754244] [smoother_server]: Cleaning up
[component_container_isolated-1] [INFO] [1773238432.885276111] [smoother_server]: Destroying bond (smoother_server) to lifecycle manager.
[component_container_isolated-1] [INFO] [1773238432.885311547] [lifecycle_manager_navigation]: Running Nav2 LifecycleManager rcl preshutdown (lifecycle_manager_navigation)
[component_container_isolated-1] [INFO] [1773238432.890275157] [lifecycle_manager_navigation]: [34m[1mDeactivating planner_server[0m[0m
[component_container_isolated-1] [WARN] [1773238432.890519605] [rcl_lifecycle]: No transition matching 4 found for current state unconfigured
[component_container_isolated-1] [WARN] [1773238432.890536026] [rcl_lifecycle]: No transition matching 4 found for current state unconfigured
[component_container_isolated-1] [ERROR] [1773238432.890543910] [planner_server]: Unable to start transition 4 from current state unconfigured: Transition is not registered., at ./src/rcl_lifecycle.c:355
[component_container_isolated-1] [ERROR] [1773238432.890768050] [lifecycle_manager_navigation]: Failed to change state for node: planner_server
[component_container_isolated-1] [INFO] [1773238432.890790362] [lifecycle_manager_navigation]: [34m[1mDeactivating smoother_server[0m[0m
[component_container_isolated-1] [WARN] [1773238432.894502159] [rcl_lifecycle]: No transition matching 4 found for current state unconfigured
[component_container_isolated-1] [WARN] [1773238432.894513691] [rcl_lifecycle]: No transition matching 4 found for current state unconfigured
[component_container_isolated-1] [ERROR] [1773238432.894518399] [smoother_server]: Unable to start transition 4 from current state unconfigured: Transition is not registered., at ./src/rcl_lifecycle.c:355
[component_container_isolated-1] [ERROR] [1773238432.894644776] [lifecycle_manager_navigation]: Failed to change state for node: smoother_server
[component_container_isolated-1] [INFO] [1773238432.894660726] [lifecycle_manager_navigation]: [34m[1mDeactivating controller_server[0m[0m
[component_container_isolated-1] [INFO] [1773238432.894746647] [controller_server]: Deactivating
[component_container_isolated-1] [INFO] [1773238432.894789166] [local_costmap.local_costmap]: Deactivating
[component_container_isolated-1] [INFO] [1773238433.011729339] [controller_server]: Destroying bond (controller_server) to lifecycle manager.
[component_container_isolated-1] [INFO] [1773238433.124288863] [lifecycle_manager_navigation]: [34m[1mCleaning up velocity_smoother[0m[0m
[component_container_isolated-1] [WARN] [1773238433.124896891] [rcl_lifecycle]: No transition matching 2 found for current state unconfigured
[component_container_isolated-1] [WARN] [1773238433.124927088] [rcl_lifecycle]: No transition matching 2 found for current state unconfigured
[component_container_isolated-1] [ERROR] [1773238433.124937397] [velocity_smoother]: Unable to start transition 2 from current state unconfigured: Transition is not registered., at ./src/rcl_lifecycle.c:355
[component_container_isolated-1] [INFO] [1773238433.125205399] [lifecycle_manager_navigation]: [34m[1mCleaning up waypoint_follower[0m[0m
[component_container_isolated-1] [WARN] [1773238433.125397618] [rcl_lifecycle]: No transition matching 2 found for current state unconfigured
[component_container_isolated-1] [WARN] [1773238433.125423346] [rcl_lifecycle]: No transition matching 2 found for current state unconfigured
[component_container_isolated-1] [ERROR] [1773238433.125434087] [waypoint_follower]: Unable to start transition 2 from current state unconfigured: Transition is not registered., at ./src/rcl_lifecycle.c:355
[component_container_isolated-1] [INFO] [1773238433.125618301] [lifecycle_manager_navigation]: [34m[1mCleaning up bt_navigator[0m[0m
[component_container_isolated-1] [INFO] [1773238433.125835558] [bt_navigator]: Cleaning up
[component_container_isolated-1] [INFO] [1773238433.220726102] [bt_navigator]: Completed Cleaning up
[component_container_isolated-1] [INFO] [1773238433.221195480] [lifecycle_manager_navigation]: [34m[1mCleaning up behavior_server[0m[0m
[component_container_isolated-1] [INFO] [1773238433.221456819] [behavior_server]: Cleaning up
[component_container_isolated-1] [INFO] [1773238433.247433189] [lifecycle_manager_navigation]: [34m[1mCleaning up planner_server[0m[0m
[component_container_isolated-1] [WARN] [1773238433.247542543] [rcl_lifecycle]: No transition matching 2 found for current state unconfigured
[component_container_isolated-1] [WARN] [1773238433.247554295] [rcl_lifecycle]: No transition matching 2 found for current state unconfigured
[component_container_isolated-1] [ERROR] [1773238433.247559325] [planner_server]: Unable to start transition 2 from current state unconfigured: Transition is not registered., at ./src/rcl_lifecycle.c:355
[component_container_isolated-1] [INFO] [1773238433.247670182] [lifecycle_manager_navigation]: [34m[1mCleaning up smoother_server[0m[0m
[component_container_isolated-1] [WARN] [1773238433.247748609] [rcl_lifecycle]: No transition matching 2 found for current state unconfigured
[component_container_isolated-1] [WARN] [1773238433.247760191] [rcl_lifecycle]: No transition matching 2 found for current state unconfigured
[component_container_isolated-1] [ERROR] [1773238433.247765751] [smoother_server]: Unable to start transition 2 from current state unconfigured: Transition is not registered., at ./src/rcl_lifecycle.c:355
[component_container_isolated-1] [INFO] [1773238433.247878873] [lifecycle_manager_navigation]: [34m[1mCleaning up controller_server[0m[0m
[component_container_isolated-1] [INFO] [1773238433.247973951] [controller_server]: Cleaning up
[component_container_isolated-1] [INFO] [1773238433.252318582] [local_costmap.local_costmap]: Cleaning up
[component_container_isolated-1] [INFO] [1773238433.269436632] [lifecycle_manager_navigation]: [34m[1mManaged nodes have been reset[0m[0m
[component_container_isolated-1] [INFO] [1773238433.317009322] [lifecycle_manager_localization]: Running Nav2 LifecycleManager rcl preshutdown (lifecycle_manager_localization)
[component_container_isolated-1] [INFO] [1773238433.317045860] [lifecycle_manager_localization]: [34m[1mTerminating bond timer...[0m[0m
[component_container_isolated-1] [INFO] [1773238433.339291978] [amcl]: Running Nav2 LifecycleNode rcl preshutdown (amcl)
[component_container_isolated-1] [INFO] [1773238433.339395672] [amcl]: Deactivating
[component_container_isolated-1] [INFO] [1773238433.339418294] [amcl]: Destroying bond (amcl) to lifecycle manager.
[component_container_isolated-1] [INFO] [1773238433.349742337] [amcl]: Cleaning up
[component_container_isolated-1] [INFO] [1773238433.357394500] [amcl]: Destroying bond (amcl) to lifecycle manager.
[component_container_isolated-1] [INFO] [1773238433.357474079] [behavior_server]: Running Nav2 LifecycleNode rcl preshutdown (behavior_server)
[component_container_isolated-1] [INFO] [1773238433.357499556] [behavior_server]: Destroying bond (behavior_server) to lifecycle manager.
[component_container_isolated-1] [INFO] [1773238433.357511960] [controller_server]: Running Nav2 LifecycleNode rcl preshutdown (controller_server)
[component_container_isolated-1] [INFO] [1773238433.357523702] [controller_server]: Destroying bond (controller_server) to lifecycle manager.
[component_container_isolated-1] [INFO] [1773238433.357529963] [bt_navigator]: Running Nav2 LifecycleNode rcl preshutdown (bt_navigator)
[component_container_isolated-1] [INFO] [1773238433.357540373] [bt_navigator]: Destroying bond (bt_navigator) to lifecycle manager.
[component_container_isolated-1] [INFO] [1773238433.357546805] [map_server]: Running Nav2 LifecycleNode rcl preshutdown (map_server)
[component_container_isolated-1] [INFO] [1773238433.357574226] [map_server]: Deactivating
[component_container_isolated-1] [INFO] [1773238433.357596508] [map_server]: Destroying bond (map_server) to lifecycle manager.
[component_container_isolated-1] [INFO] [1773238433.367730425] [map_server]: Cleaning up
[component_container_isolated-1] [INFO] [1773238433.367787061] [map_server]: Destroying bond (map_server) to lifecycle manager.
[ERROR] [rviz2-2]: process has died [pid 144482, exit code -11, cmd '/opt/ros/humble/lib/rviz2/rviz2 -d /opt/ros/humble/share/nav2_bringup/rviz/nav2_default_view.rviz --ros-args -r __node:=rviz2 --params-file /tmp/launch_params_din6ypff'].
[ERROR] [component_container_isolated-1]: process[component_container_isolated-1] failed to terminate '5' seconds after receiving 'SIGINT', escalating to 'SIGTERM'
[INFO] [component_container_isolated-1]: sending signal 'SIGTERM' to process[component_container_isolated-1]
[component_container_isolated-1] [INFO] [1773238438.213244214] [rclcpp]: signal_handler(signum=15)
[ERROR] [component_container_isolated-1]: process[component_container_isolated-1] failed to terminate '10.0' seconds after receiving 'SIGTERM', escalating to 'SIGKILL'
[INFO] [component_container_isolated-1]: sending signal 'SIGKILL' to process[component_container_isolated-1]
[ERROR] [component_container_isolated-1]: process has died [pid 144480, exit code -9, cmd '/opt/ros/humble/lib/rclcpp_components/component_container_isolated --ros-args --log-level info --ros-args -r __node:=nav2_container --params-file /tmp/launch_params_5bfx6wik --params-file /tmp/launch_params_4tb_4vbe -r /tf:=tf -r /tf_static:=tf_static'].
