[INFO] [launch]: All log files can be found below /home/lrm/.ros/log/2026-03-10-14-25-35-929345-lrm-Lenovo-Legion-R9000X2021R-9739
[INFO] [launch]: Default logging verbosity is set to INFO
[INFO] [component_container_isolated-1]: process started with pid [9770]
[INFO] [rviz2-2]: process started with pid [9772]
[rviz2-2] Warning: Ignoring XDG_SESSION_TYPE=wayland on Gnome. Use QT_QPA_PLATFORM=wayland to run on Wayland anyway.
[component_container_isolated-1] [INFO] [1773123937.124068503] [nav2_container]: Load Library: /opt/ros/humble/lib/libcontroller_server_core.so
[component_container_isolated-1] [INFO] [1773123937.133797512] [nav2_container]: Found class: rclcpp_components::NodeFactoryTemplate<nav2_controller::ControllerServer>
[component_container_isolated-1] [INFO] [1773123937.133845282] [nav2_container]: Instantiate class: rclcpp_components::NodeFactoryTemplate<nav2_controller::ControllerServer>
[component_container_isolated-1] [INFO] [1773123937.141295701] [controller_server]: 
[component_container_isolated-1] 	controller_server lifecycle node launched. 
[component_container_isolated-1] 	Waiting on external lifecycle transitions to activate
[component_container_isolated-1] 	See https://design.ros2.org/articles/node_lifecycle.html for more information.
[component_container_isolated-1] [INFO] [1773123937.149843690] [controller_server]: Creating controller server
[component_container_isolated-1] [INFO] [1773123937.158394595] [local_costmap.local_costmap]: 
[component_container_isolated-1] 	local_costmap lifecycle node launched. 
[component_container_isolated-1] 	Waiting on external lifecycle transitions to activate
[component_container_isolated-1] 	See https://design.ros2.org/articles/node_lifecycle.html for more information.
[component_container_isolated-1] [INFO] [1773123937.159914377] [local_costmap.local_costmap]: Creating Costmap
[component_container_isolated-1] [INFO] [1773123937.161385106] [nav2_container]: Load Library: /opt/ros/humble/lib/libmap_server_core.so
[INFO] [launch_ros.actions.load_composable_nodes]: Loaded node '/controller_server' in container '/nav2_container'
[component_container_isolated-1] [INFO] [1773123937.174157135] [nav2_container]: Found class: rclcpp_components::NodeFactoryTemplate<nav2_map_server::CostmapFilterInfoServer>
[component_container_isolated-1] [INFO] [1773123937.174229492] [nav2_container]: Found class: rclcpp_components::NodeFactoryTemplate<nav2_map_server::MapSaver>
[component_container_isolated-1] [INFO] [1773123937.174234612] [nav2_container]: Found class: rclcpp_components::NodeFactoryTemplate<nav2_map_server::MapServer>
[component_container_isolated-1] [INFO] [1773123937.174241956] [nav2_container]: Instantiate class: rclcpp_components::NodeFactoryTemplate<nav2_map_server::MapServer>
[component_container_isolated-1] [INFO] [1773123937.182542596] [map_server]: 
[component_container_isolated-1] 	map_server lifecycle node launched. 
[INFO] [launch_ros.actions.load_composable_nodes]: Loaded node '/map_server' in container '/nav2_container'
[component_container_isolated-1] 	Waiting on external lifecycle transitions to activate
[component_container_isolated-1] 	See https://design.ros2.org/articles/node_lifecycle.html for more information.
[component_container_isolated-1] [INFO] [1773123937.182649389] [map_server]: Creating
[component_container_isolated-1] [INFO] [1773123937.183290935] [nav2_container]: Load Library: /opt/ros/humble/lib/libsmoother_server_core.so
[component_container_isolated-1] [INFO] [1773123937.186386435] [nav2_container]: Found class: rclcpp_components::NodeFactoryTemplate<nav2_smoother::SmootherServer>
[component_container_isolated-1] [INFO] [1773123937.186426371] [nav2_container]: Instantiate class: rclcpp_components::NodeFactoryTemplate<nav2_smoother::SmootherServer>
[component_container_isolated-1] [INFO] [1773123937.193358527] [smoother_server]: 
[component_container_isolated-1] 	smoother_server lifecycle node launched. 
[component_container_isolated-1] 	Waiting on external lifecycle transitions to activate
[component_container_isolated-1] 	See https://design.ros2.org/articles/node_lifecycle.html for more information.
[component_container_isolated-1] [INFO] [1773123937.195729272] [smoother_server]: Creating smoother server
[component_container_isolated-1] [INFO] [1773123937.196406697] [nav2_container]: Load Library: /opt/ros/humble/lib/libamcl_core.so
[INFO] [launch_ros.actions.load_composable_nodes]: Loaded node '/smoother_server' in container '/nav2_container'
[component_container_isolated-1] [INFO] [1773123937.219608764] [nav2_container]: Found class: rclcpp_components::NodeFactoryTemplate<nav2_amcl::AmclNode>
[component_container_isolated-1] [INFO] [1773123937.219652367] [nav2_container]: Instantiate class: rclcpp_components::NodeFactoryTemplate<nav2_amcl::AmclNode>
[component_container_isolated-1] [INFO] [1773123937.228841572] [amcl]: 
[component_container_isolated-1] 	amcl lifecycle node launched. 
[component_container_isolated-1] 	Waiting on external lifecycle transitions to activate
[component_container_isolated-1] 	See https://design.ros2.org/articles/node_lifecycle.html for more information.
[component_container_isolated-1] [INFO] [1773123937.229799459] [amcl]: Creating
[component_container_isolated-1] [INFO] [1773123937.232081426] [nav2_container]: Load Library: /opt/ros/humble/lib/libplanner_server_core.so
[INFO] [launch_ros.actions.load_composable_nodes]: Loaded node '/amcl' in container '/nav2_container'
[component_container_isolated-1] [INFO] [1773123937.234693059] [nav2_container]: Found class: rclcpp_components::NodeFactoryTemplate<nav2_planner::PlannerServer>
[component_container_isolated-1] [INFO] [1773123937.234729528] [nav2_container]: Instantiate class: rclcpp_components::NodeFactoryTemplate<nav2_planner::PlannerServer>
[component_container_isolated-1] [INFO] [1773123937.249420957] [planner_server]: 
[component_container_isolated-1] 	planner_server lifecycle node launched. 
[component_container_isolated-1] 	Waiting on external lifecycle transitions to activate
[component_container_isolated-1] 	See https://design.ros2.org/articles/node_lifecycle.html for more information.
[component_container_isolated-1] [INFO] [1773123937.252272895] [planner_server]: Creating
[component_container_isolated-1] [INFO] [1773123937.264521462] [global_costmap.global_costmap]: 
[component_container_isolated-1] 	global_costmap lifecycle node launched. 
[component_container_isolated-1] 	Waiting on external lifecycle transitions to activate
[component_container_isolated-1] 	See https://design.ros2.org/articles/node_lifecycle.html for more information.
[component_container_isolated-1] [INFO] [1773123937.265227140] [global_costmap.global_costmap]: Creating Costmap
[component_container_isolated-1] [INFO] [1773123937.266700864] [nav2_container]: Load Library: /opt/ros/humble/lib/libnav2_lifecycle_manager_core.so
[INFO] [launch_ros.actions.load_composable_nodes]: Loaded node '/planner_server' in container '/nav2_container'
[component_container_isolated-1] [INFO] [1773123937.268409875] [nav2_container]: Found class: rclcpp_components::NodeFactoryTemplate<nav2_lifecycle_manager::LifecycleManager>
[component_container_isolated-1] [INFO] [1773123937.268444020] [nav2_container]: Instantiate class: rclcpp_components::NodeFactoryTemplate<nav2_lifecycle_manager::LifecycleManager>
[component_container_isolated-1] [INFO] [1773123937.277788380] [lifecycle_manager_localization]: Creating
[component_container_isolated-1] [INFO] [1773123937.280468712] [lifecycle_manager_localization]: [34m[1mCreating and initializing lifecycle service clients[0m[0m
[INFO] [launch_ros.actions.load_composable_nodes]: Loaded node '/lifecycle_manager_localization' in container '/nav2_container'
[component_container_isolated-1] [INFO] [1773123937.280763121] [nav2_container]: Load Library: /opt/ros/humble/lib/libbehavior_server_core.so
[component_container_isolated-1] [INFO] [1773123937.287293233] [nav2_container]: Found class: rclcpp_components::NodeFactoryTemplate<behavior_server::BehaviorServer>
[component_container_isolated-1] [INFO] [1773123937.287329142] [nav2_container]: Instantiate class: rclcpp_components::NodeFactoryTemplate<behavior_server::BehaviorServer>
[component_container_isolated-1] [INFO] [1773123937.291063032] [lifecycle_manager_localization]: [34m[1mStarting managed nodes bringup...[0m[0m
[component_container_isolated-1] [INFO] [1773123937.291143645] [lifecycle_manager_localization]: [34m[1mConfiguring map_server[0m[0m
[component_container_isolated-1] [INFO] [1773123937.291435609] [map_server]: Configuring
[component_container_isolated-1] [INFO] [1773123937.291537943] [map_io]: Loading yaml file: /home/lrm/BISHE_WS/install/fishbot_navigation2/share/fishbot_navigation2/maps/room.yaml
[component_container_isolated-1] [INFO] [1773123937.291994929] [map_io]: resolution: 0.05
[component_container_isolated-1] [INFO] [1773123937.292012683] [map_io]: origin[0]: -10.4
[component_container_isolated-1] [INFO] [1773123937.292019065] [map_io]: origin[1]: -6.53
[component_container_isolated-1] [INFO] [1773123937.292024485] [map_io]: origin[2]: 0
[component_container_isolated-1] [INFO] [1773123937.292030236] [map_io]: free_thresh: 0.25
[component_container_isolated-1] [INFO] [1773123937.292035747] [map_io]: occupied_thresh: 0.65
[component_container_isolated-1] [INFO] [1773123937.292043611] [map_io]: mode: trinary
[component_container_isolated-1] [INFO] [1773123937.292052488] [map_io]: negate: 0
[component_container_isolated-1] [INFO] [1773123937.295283926] [map_io]: Loading image_file: /home/lrm/BISHE_WS/install/fishbot_navigation2/share/fishbot_navigation2/maps/room.pgm
[component_container_isolated-1] [INFO] [1773123937.299745016] [behavior_server]: 
[component_container_isolated-1] 	behavior_server lifecycle node launched. 
[component_container_isolated-1] 	Waiting on external lifecycle transitions to activate
[component_container_isolated-1] 	See https://design.ros2.org/articles/node_lifecycle.html for more information.
[INFO] [launch_ros.actions.load_composable_nodes]: Loaded node '/behavior_server' in container '/nav2_container'
[component_container_isolated-1] [INFO] [1773123937.302899738] [map_io]: Read map /home/lrm/BISHE_WS/install/fishbot_navigation2/share/fishbot_navigation2/maps/room.pgm: 376 X 222 map @ 0.05 m/cell
[component_container_isolated-1] [INFO] [1773123937.304932743] [nav2_container]: Load Library: /opt/ros/humble/lib/libbt_navigator_core.so
[component_container_isolated-1] [INFO] [1773123937.309229180] [nav2_container]: Found class: rclcpp_components::NodeFactoryTemplate<nav2_bt_navigator::BtNavigator>
[component_container_isolated-1] [INFO] [1773123937.309251493] [nav2_container]: Instantiate class: rclcpp_components::NodeFactoryTemplate<nav2_bt_navigator::BtNavigator>
[component_container_isolated-1] [INFO] [1773123937.310165967] [lifecycle_manager_localization]: [34m[1mConfiguring amcl[0m[0m
[component_container_isolated-1] [INFO] [1773123937.310352100] [amcl]: Configuring
[component_container_isolated-1] [INFO] [1773123937.310426030] [amcl]: initTransforms
[component_container_isolated-1] [INFO] [1773123937.320136654] [amcl]: initPubSub
[component_container_isolated-1] [INFO] [1773123937.326532442] [amcl]: Subscribed to map topic.
[component_container_isolated-1] [INFO] [1773123937.331034389] [bt_navigator]: 
[component_container_isolated-1] 	bt_navigator lifecycle node launched. 
[INFO] [launch_ros.actions.load_composable_nodes]: Loaded node '/bt_navigator' in container '/nav2_container'
[component_container_isolated-1] 	Waiting on external lifecycle transitions to activate
[component_container_isolated-1] 	See https://design.ros2.org/articles/node_lifecycle.html for more information.
[component_container_isolated-1] [INFO] [1773123937.331167652] [bt_navigator]: Creating
[component_container_isolated-1] [INFO] [1773123937.331470797] [lifecycle_manager_localization]: [34m[1mActivating map_server[0m[0m
[component_container_isolated-1] [INFO] [1773123937.331670936] [map_server]: Activating
[component_container_isolated-1] [INFO] [1773123937.332180843] [map_server]: Creating bond (map_server) to lifecycle manager.
[component_container_isolated-1] [INFO] [1773123937.332325938] [amcl]: Received a 376 X 222 map @ 0.050 m/pix
[component_container_isolated-1] [INFO] [1773123937.337813474] [nav2_container]: Load Library: /opt/ros/humble/lib/libwaypoint_follower_core.so
[component_container_isolated-1] [INFO] [1773123937.340624725] [nav2_container]: Found class: rclcpp_components::NodeFactoryTemplate<nav2_waypoint_follower::WaypointFollower>
[component_container_isolated-1] [INFO] [1773123937.340675341] [nav2_container]: Instantiate class: rclcpp_components::NodeFactoryTemplate<nav2_waypoint_follower::WaypointFollower>
[component_container_isolated-1] [INFO] [1773123937.363934918] [waypoint_follower]: 
[component_container_isolated-1] 	waypoint_follower lifecycle node launched. 
[component_container_isolated-1] 	Waiting on external lifecycle transitions to activate
[component_container_isolated-1] 	See https://design.ros2.org/articles/node_lifecycle.html for more information.
[component_container_isolated-1] [INFO] [1773123937.365045374] [waypoint_follower]: Creating
[INFO] [launch_ros.actions.load_composable_nodes]: Loaded node '/waypoint_follower' in container '/nav2_container'
[component_container_isolated-1] [INFO] [1773123937.367643460] [nav2_container]: Load Library: /opt/ros/humble/lib/libvelocity_smoother_core.so
[component_container_isolated-1] [INFO] [1773123937.369765104] [nav2_container]: Found class: rclcpp_components::NodeFactoryTemplate<nav2_velocity_smoother::VelocitySmoother>
[component_container_isolated-1] [INFO] [1773123937.369804549] [nav2_container]: Instantiate class: rclcpp_components::NodeFactoryTemplate<nav2_velocity_smoother::VelocitySmoother>
[component_container_isolated-1] [INFO] [1773123937.379277472] [velocity_smoother]: 
[component_container_isolated-1] 	velocity_smoother lifecycle node launched. 
[INFO] [launch_ros.actions.load_composable_nodes]: Loaded node '/velocity_smoother' in container '/nav2_container'
[component_container_isolated-1] 	Waiting on external lifecycle transitions to activate
[component_container_isolated-1] 	See https://design.ros2.org/articles/node_lifecycle.html for more information.
[component_container_isolated-1] [INFO] [1773123937.381956282] [nav2_container]: Found class: rclcpp_components::NodeFactoryTemplate<nav2_lifecycle_manager::LifecycleManager>
[component_container_isolated-1] [INFO] [1773123937.381996137] [nav2_container]: Instantiate class: rclcpp_components::NodeFactoryTemplate<nav2_lifecycle_manager::LifecycleManager>
[component_container_isolated-1] [INFO] [1773123937.396424227] [lifecycle_manager_navigation]: Creating
[component_container_isolated-1] [INFO] [1773123937.402644312] [lifecycle_manager_navigation]: [34m[1mCreating and initializing lifecycle service clients[0m[0m
[INFO] [launch_ros.actions.load_composable_nodes]: Loaded node '/lifecycle_manager_navigation' in container '/nav2_container'
[component_container_isolated-1] [INFO] [1773123937.431824165] [lifecycle_manager_navigation]: [34m[1mStarting managed nodes bringup...[0m[0m
[component_container_isolated-1] [INFO] [1773123937.431902384] [lifecycle_manager_navigation]: [34m[1mConfiguring controller_server[0m[0m
[component_container_isolated-1] [INFO] [1773123937.432159020] [controller_server]: Configuring controller interface
[component_container_isolated-1] [INFO] [1773123937.432702551] [controller_server]: getting goal checker plugins..
[component_container_isolated-1] [INFO] [1773123937.432986820] [controller_server]: Controller frequency set to 20.0000Hz
[component_container_isolated-1] [INFO] [1773123937.433087952] [local_costmap.local_costmap]: Configuring
[component_container_isolated-1] [INFO] [1773123937.439342182] [local_costmap.local_costmap]: Using plugin "voxel_layer"
[component_container_isolated-1] [INFO] [1773123937.442069143] [lifecycle_manager_localization]: Server map_server connected with bond.
[component_container_isolated-1] [INFO] [1773123937.442113757] [lifecycle_manager_localization]: [34m[1mActivating amcl[0m[0m
[component_container_isolated-1] [INFO] [1773123937.442322533] [amcl]: Activating
[component_container_isolated-1] [INFO] [1773123937.442360585] [amcl]: Creating bond (amcl) to lifecycle manager.
[component_container_isolated-1] [INFO] [1773123937.442995590] [local_costmap.local_costmap]: Subscribed to Topics: scan
[component_container_isolated-1] [INFO] [1773123937.451466513] [local_costmap.local_costmap]: Initialized plugin "voxel_layer"
[component_container_isolated-1] [INFO] [1773123937.451549079] [local_costmap.local_costmap]: Using plugin "inflation_layer"
[component_container_isolated-1] [INFO] [1773123937.452557943] [local_costmap.local_costmap]: Initialized plugin "inflation_layer"
[component_container_isolated-1] [INFO] [1773123937.455943663] [amcl]: createLaserObject
[component_container_isolated-1] [INFO] [1773123937.463392869] [controller_server]: Created progress_checker : progress_checker of type nav2_controller::SimpleProgressChecker
[component_container_isolated-1] [INFO] [1773123937.465078265] [controller_server]: Created goal checker : general_goal_checker of type nav2_controller::SimpleGoalChecker
[component_container_isolated-1] [INFO] [1773123937.465526525] [controller_server]: Controller Server has general_goal_checker  goal checkers available.
[component_container_isolated-1] [INFO] [1773123937.469740435] [controller_server]: Created controller : FollowPath of type dwb_core::DWBLocalPlanner
[component_container_isolated-1] [INFO] [1773123937.471027206] [controller_server]: Setting transform_tolerance to 0.500000
[component_container_isolated-1] [INFO] [1773123937.483302924] [controller_server]: Using critic "RotateToGoal" (dwb_critics::RotateToGoalCritic)
[component_container_isolated-1] [INFO] [1773123937.483837477] [controller_server]: Critic plugin initialized
[component_container_isolated-1] [INFO] [1773123937.483999775] [controller_server]: Using critic "Oscillation" (dwb_critics::OscillationCritic)
[component_container_isolated-1] [INFO] [1773123937.484475287] [controller_server]: Critic plugin initialized
[component_container_isolated-1] [INFO] [1773123937.484623748] [controller_server]: Using critic "BaseObstacle" (dwb_critics::BaseObstacleCritic)
[component_container_isolated-1] [INFO] [1773123937.485027203] [controller_server]: Critic plugin initialized
[component_container_isolated-1] [INFO] [1773123937.485191265] [controller_server]: Using critic "GoalAlign" (dwb_critics::GoalAlignCritic)
[component_container_isolated-1] [INFO] [1773123937.485767848] [controller_server]: Critic plugin initialized
[component_container_isolated-1] [INFO] [1773123937.486018113] [controller_server]: Using critic "PathAlign" (dwb_critics::PathAlignCritic)
[component_container_isolated-1] [INFO] [1773123937.486412801] [controller_server]: Critic plugin initialized
[component_container_isolated-1] [INFO] [1773123937.486570069] [controller_server]: Using critic "PathDist" (dwb_critics::PathDistCritic)
[component_container_isolated-1] [INFO] [1773123937.486878564] [controller_server]: Critic plugin initialized
[component_container_isolated-1] [INFO] [1773123937.487040662] [controller_server]: Using critic "GoalDist" (dwb_critics::GoalDistCritic)
[component_container_isolated-1] [INFO] [1773123937.487307257] [controller_server]: Critic plugin initialized
[component_container_isolated-1] [INFO] [1773123937.487329028] [controller_server]: Controller Server has FollowPath  controllers available.
[component_container_isolated-1] [INFO] [1773123937.495479414] [lifecycle_manager_navigation]: [34m[1mConfiguring smoother_server[0m[0m
[component_container_isolated-1] [INFO] [1773123937.495608459] [smoother_server]: Configuring smoother server
[component_container_isolated-1] [INFO] [1773123937.502203996] [smoother_server]: Created smoother : simple_smoother of type nav2_smoother::SimpleSmoother
[component_container_isolated-1] [INFO] [1773123937.502766552] [smoother_server]: Smoother Server has simple_smoother  smoothers available.
[component_container_isolated-1] [INFO] [1773123937.507281193] [lifecycle_manager_navigation]: [34m[1mConfiguring planner_server[0m[0m
[component_container_isolated-1] [INFO] [1773123937.507389078] [planner_server]: Configuring
[component_container_isolated-1] [INFO] [1773123937.507422431] [global_costmap.global_costmap]: Configuring
[component_container_isolated-1] [INFO] [1773123937.510744671] [global_costmap.global_costmap]: Using plugin "static_layer"
[component_container_isolated-1] [INFO] [1773123937.512039877] [global_costmap.global_costmap]: Subscribing to the map topic (/map) with transient local durability
[component_container_isolated-1] [INFO] [1773123937.513256554] [global_costmap.global_costmap]: Initialized plugin "static_layer"
[component_container_isolated-1] [INFO] [1773123937.513306178] [global_costmap.global_costmap]: Using plugin "obstacle_layer"
[component_container_isolated-1] [INFO] [1773123937.514351881] [global_costmap.global_costmap]: Subscribed to Topics: scan
[component_container_isolated-1] [INFO] [1773123937.518503234] [global_costmap.global_costmap]: Initialized plugin "obstacle_layer"
[component_container_isolated-1] [INFO] [1773123937.518600819] [global_costmap.global_costmap]: Using plugin "inflation_layer"
[component_container_isolated-1] [INFO] [1773123937.519677350] [global_costmap.global_costmap]: Initialized plugin "inflation_layer"
[component_container_isolated-1] [INFO] [1773123937.529032700] [planner_server]: Created global planner plugin GridBased of type nav2_rrt_origin_planner/RRTOriginPlanner
[component_container_isolated-1] [INFO] [1773123937.532142407] [planner_server]: Planner Server has GridBased  planners available.
[component_container_isolated-1] [INFO] [1773123937.540887150] [lifecycle_manager_navigation]: [34m[1mConfiguring behavior_server[0m[0m
[component_container_isolated-1] [INFO] [1773123937.541042194] [behavior_server]: Configuring
[component_container_isolated-1] [INFO] [1773123937.548377073] [behavior_server]: Creating behavior plugin spin of type nav2_behaviors/Spin
[component_container_isolated-1] [INFO] [1773123937.548834901] [lifecycle_manager_localization]: Server amcl connected with bond.
[component_container_isolated-1] [INFO] [1773123937.548888342] [lifecycle_manager_localization]: [34m[1mManaged nodes are active[0m[0m
[component_container_isolated-1] [INFO] [1773123937.548920023] [lifecycle_manager_localization]: [34m[1mCreating bond timer...[0m[0m
[component_container_isolated-1] [INFO] [1773123937.551069288] [behavior_server]: Configuring spin
[component_container_isolated-1] [INFO] [1773123937.559084457] [behavior_server]: Creating behavior plugin backup of type nav2_behaviors/BackUp
[component_container_isolated-1] [INFO] [1773123937.561630275] [behavior_server]: Configuring backup
[component_container_isolated-1] [INFO] [1773123937.567258107] [behavior_server]: Creating behavior plugin drive_on_heading of type nav2_behaviors/DriveOnHeading
[component_container_isolated-1] [INFO] [1773123937.569048953] [behavior_server]: Configuring drive_on_heading
[component_container_isolated-1] [INFO] [1773123937.573047635] [behavior_server]: Creating behavior plugin assisted_teleop of type nav2_behaviors/AssistedTeleop
[component_container_isolated-1] [INFO] [1773123937.576237364] [behavior_server]: Configuring assisted_teleop
[component_container_isolated-1] [INFO] [1773123937.583343339] [global_costmap.global_costmap]: StaticLayer: Resizing costmap to 376 X 222 at 0.050000 m/pix
[component_container_isolated-1] [INFO] [1773123937.587928544] [behavior_server]: Creating behavior plugin wait of type nav2_behaviors/Wait
[component_container_isolated-1] [INFO] [1773123937.589381739] [behavior_server]: Configuring wait
[component_container_isolated-1] [INFO] [1773123937.594828528] [lifecycle_manager_navigation]: [34m[1mConfiguring bt_navigator[0m[0m
[component_container_isolated-1] [INFO] [1773123937.594985696] [bt_navigator]: Configuring
[rviz2-2] [INFO] [1773123937.597655249] [rviz2]: Stereo is NOT SUPPORTED
[rviz2-2] [INFO] [1773123937.597937073] [rviz2]: OpenGl version: 4.6 (GLSL 4.6)
[rviz2-2] [INFO] [1773123937.622278631] [rviz2]: Stereo is NOT SUPPORTED
[component_container_isolated-1] [INFO] [1773123937.699242006] [lifecycle_manager_navigation]: [34m[1mConfiguring waypoint_follower[0m[0m
[component_container_isolated-1] [INFO] [1773123937.699386059] [waypoint_follower]: Configuring
[component_container_isolated-1] [INFO] [1773123937.709261786] [waypoint_follower]: Created waypoint_task_executor : wait_at_waypoint of type nav2_waypoint_follower::WaitAtWaypoint
[component_container_isolated-1] [INFO] [1773123937.709982082] [lifecycle_manager_navigation]: [34m[1mConfiguring velocity_smoother[0m[0m
[component_container_isolated-1] [INFO] [1773123937.710122839] [velocity_smoother]: Configuring velocity smoother
[component_container_isolated-1] [INFO] [1773123937.713392670] [lifecycle_manager_navigation]: [34m[1mActivating controller_server[0m[0m
[component_container_isolated-1] [INFO] [1773123937.713564906] [controller_server]: Activating
[component_container_isolated-1] [INFO] [1773123937.713635400] [local_costmap.local_costmap]: Activating
[component_container_isolated-1] [INFO] [1773123937.713658704] [local_costmap.local_costmap]: Checking transform
[component_container_isolated-1] [INFO] [1773123937.713810993] [local_costmap.local_costmap]: start
[component_container_isolated-1] [WARN] [1773123937.746919366] [amcl]: New subscription discovered on topic '/particle_cloud', requesting incompatible QoS. No messages will be sent to it. Last incompatible policy: RELIABILITY_QOS_POLICY
[rviz2-2] [INFO] [1773123937.843112195] [rviz2]: Trying to create a map of size 376 x 222 using 1 swatches
[rviz2-2] [ERROR] [1773123937.864347934] [rviz2]: Vertex Program:rviz/glsl120/indexed_8bit_image.vert Fragment Program:rviz/glsl120/indexed_8bit_image.frag GLSL link result : 
[rviz2-2] active samplers with a different type refer to the same texture image unit
[component_container_isolated-1] [INFO] [1773123937.965116239] [controller_server]: Creating bond (controller_server) to lifecycle manager.
[component_container_isolated-1] [INFO] [1773123938.069571254] [lifecycle_manager_navigation]: Server controller_server connected with bond.
[component_container_isolated-1] [INFO] [1773123938.069676433] [lifecycle_manager_navigation]: [34m[1mActivating smoother_server[0m[0m
[component_container_isolated-1] [INFO] [1773123938.070026096] [smoother_server]: Activating
[component_container_isolated-1] [INFO] [1773123938.070113402] [smoother_server]: Creating bond (smoother_server) to lifecycle manager.
[component_container_isolated-1] [INFO] [1773123938.174736304] [lifecycle_manager_navigation]: Server smoother_server connected with bond.
[component_container_isolated-1] [INFO] [1773123938.174819401] [lifecycle_manager_navigation]: [34m[1mActivating planner_server[0m[0m
[component_container_isolated-1] [INFO] [1773123938.175176198] [planner_server]: Activating
[component_container_isolated-1] [INFO] [1773123938.175239368] [global_costmap.global_costmap]: Activating
[component_container_isolated-1] [INFO] [1773123938.175256510] [global_costmap.global_costmap]: Checking transform
[component_container_isolated-1] [INFO] [1773123938.175273042] [global_costmap.global_costmap]: Timed out waiting for transform from base_link to map to become available, tf error: Invalid frame ID "map" passed to canTransform argument target_frame - frame does not exist
[component_container_isolated-1] [INFO] [1773123938.675326091] [global_costmap.global_costmap]: Timed out waiting for transform from base_link to map to become available, tf error: Invalid frame ID "map" passed to canTransform argument target_frame - frame does not exist
[rviz2-2] [INFO] [1773123938.684079609] [rviz2]: Message Filter dropping message: frame 'laser_link' at time 1480.066 for reason 'discarding message because the queue is full'
[rviz2-2] [INFO] [1773123938.716223012] [rviz2]: Message Filter dropping message: frame 'laser_link' at time 1480.076 for reason 'discarding message because the queue is full'
[rviz2-2] [INFO] [1773123938.748719543] [rviz2]: Message Filter dropping message: frame 'laser_link' at time 1480.096 for reason 'discarding message because the queue is full'
[rviz2-2] [INFO] [1773123938.780570872] [rviz2]: Message Filter dropping message: frame 'laser_link' at time 1480.126 for reason 'discarding message because the queue is full'
[rviz2-2] [INFO] [1773123938.811941458] [rviz2]: Message Filter dropping message: frame 'laser_link' at time 1480.156 for reason 'discarding message because the queue is full'
[rviz2-2] [INFO] [1773123938.844020338] [rviz2]: Message Filter dropping message: frame 'laser_link' at time 1480.186 for reason 'discarding message because the queue is full'
[rviz2-2] [INFO] [1773123938.876083228] [rviz2]: Message Filter dropping message: frame 'laser_link' at time 1480.216 for reason 'discarding message because the queue is full'
[rviz2-2] [INFO] [1773123938.908738941] [rviz2]: Message Filter dropping message: frame 'laser_link' at time 1480.256 for reason 'discarding message because the queue is full'
[rviz2-2] [INFO] [1773123938.940262698] [rviz2]: Message Filter dropping message: frame 'laser_link' at time 1480.286 for reason 'discarding message because the queue is full'
[rviz2-2] [INFO] [1773123938.972198968] [rviz2]: Message Filter dropping message: frame 'laser_link' at time 1480.316 for reason 'discarding message because the queue is full'
[rviz2-2] [INFO] [1773123939.004576744] [rviz2]: Message Filter dropping message: frame 'laser_link' at time 1480.346 for reason 'discarding message because the queue is full'
[rviz2-2] [INFO] [1773123939.036217542] [rviz2]: Message Filter dropping message: frame 'laser_link' at time 1480.386 for reason 'discarding message because the queue is full'
[rviz2-2] [INFO] [1773123939.068509084] [rviz2]: Message Filter dropping message: frame 'laser_link' at time 1480.416 for reason 'discarding message because the queue is full'
[rviz2-2] [INFO] [1773123939.100250413] [rviz2]: Message Filter dropping message: frame 'laser_link' at time 1480.446 for reason 'discarding message because the queue is full'
[rviz2-2] [INFO] [1773123939.132559609] [rviz2]: Message Filter dropping message: frame 'laser_link' at time 1480.476 for reason 'discarding message because the queue is full'
[rviz2-2] [INFO] [1773123939.163996420] [rviz2]: Message Filter dropping message: frame 'laser_link' at time 1480.506 for reason 'discarding message because the queue is full'
[component_container_isolated-1] [INFO] [1773123939.175340822] [global_costmap.global_costmap]: Timed out waiting for transform from base_link to map to become available, tf error: Invalid frame ID "map" passed to canTransform argument target_frame - frame does not exist
[rviz2-2] [INFO] [1773123939.196818669] [rviz2]: Message Filter dropping message: frame 'laser_link' at time 1480.546 for reason 'discarding message because the queue is full'
[rviz2-2] [INFO] [1773123939.228158536] [rviz2]: Message Filter dropping message: frame 'laser_link' at time 1480.576 for reason 'discarding message because the queue is full'
[rviz2-2] [INFO] [1773123939.260546060] [rviz2]: Message Filter dropping message: frame 'laser_link' at time 1480.606 for reason 'discarding message because the queue is full'
[rviz2-2] [INFO] [1773123939.292258905] [rviz2]: Message Filter dropping message: frame 'laser_link' at time 1480.636 for reason 'discarding message because the queue is full'
[rviz2-2] [INFO] [1773123939.324339978] [rviz2]: Message Filter dropping message: frame 'laser_link' at time 1480.666 for reason 'discarding message because the queue is full'
[component_container_isolated-1] [WARN] [1773123939.337541892] [amcl]: AMCL cannot publish a pose or update the transform. Please set the initial pose...
[rviz2-2] [INFO] [1773123939.356648983] [rviz2]: Message Filter dropping message: frame 'laser_link' at time 1480.706 for reason 'discarding message because the queue is full'
[rviz2-2] [INFO] [1773123939.387926703] [rviz2]: Message Filter dropping message: frame 'laser_link' at time 1480.736 for reason 'discarding message because the queue is full'
[rviz2-2] [INFO] [1773123939.420154113] [rviz2]: Message Filter dropping message: frame 'laser_link' at time 1480.766 for reason 'discarding message because the queue is full'
[rviz2-2] [INFO] [1773123939.452564471] [rviz2]: Message Filter dropping message: frame 'laser_link' at time 1480.796 for reason 'discarding message because the queue is full'
[rviz2-2] [INFO] [1773123939.484448741] [rviz2]: Message Filter dropping message: frame 'laser_link' at time 1480.826 for reason 'discarding message because the queue is full'
[rviz2-2] [INFO] [1773123939.516997140] [rviz2]: Message Filter dropping message: frame 'laser_link' at time 1480.866 for reason 'discarding message because the queue is full'
[rviz2-2] [INFO] [1773123939.548125266] [rviz2]: Message Filter dropping message: frame 'laser_link' at time 1480.896 for reason 'discarding message because the queue is full'
[rviz2-2] [INFO] [1773123939.579993195] [rviz2]: Message Filter dropping message: frame 'laser_link' at time 1480.926 for reason 'discarding message because the queue is full'
[rviz2-2] [INFO] [1773123939.611984307] [rviz2]: Message Filter dropping message: frame 'laser_link' at time 1480.956 for reason 'discarding message because the queue is full'
[rviz2-2] [INFO] [1773123939.644143518] [rviz2]: Message Filter dropping message: frame 'laser_link' at time 1480.986 for reason 'discarding message because the queue is full'
[component_container_isolated-1] [INFO] [1773123939.675326178] [global_costmap.global_costmap]: Timed out waiting for transform from base_link to map to become available, tf error: Invalid frame ID "map" passed to canTransform argument target_frame - frame does not exist
[rviz2-2] [INFO] [1773123939.676202149] [rviz2]: Message Filter dropping message: frame 'laser_link' at time 1481.026 for reason 'discarding message because the queue is full'
[rviz2-2] [INFO] [1773123939.708530921] [rviz2]: Message Filter dropping message: frame 'laser_link' at time 1481.056 for reason 'discarding message because the queue is full'
[rviz2-2] [INFO] [1773123939.740735138] [rviz2]: Message Filter dropping message: frame 'laser_link' at time 1481.086 for reason 'discarding message because the queue is full'
[rviz2-2] [INFO] [1773123939.772392928] [rviz2]: Message Filter dropping message: frame 'laser_link' at time 1481.116 for reason 'discarding message because the queue is full'
[rviz2-2] [INFO] [1773123939.804574592] [rviz2]: Message Filter dropping message: frame 'laser_link' at time 1481.146 for reason 'discarding message because the queue is full'
[rviz2-2] [INFO] [1773123939.835817866] [rviz2]: Message Filter dropping message: frame 'laser_link' at time 1481.186 for reason 'discarding message because the queue is full'
[rviz2-2] [INFO] [1773123939.868187647] [rviz2]: Message Filter dropping message: frame 'laser_link' at time 1481.216 for reason 'discarding message because the queue is full'
[rviz2-2] [INFO] [1773123939.899916873] [rviz2]: Message Filter dropping message: frame 'laser_link' at time 1481.246 for reason 'discarding message because the queue is full'
[rviz2-2] [INFO] [1773123939.932331809] [rviz2]: Message Filter dropping message: frame 'laser_link' at time 1481.276 for reason 'discarding message because the queue is full'
[rviz2-2] [INFO] [1773123939.932439623] [rviz2]: Message Filter dropping message: frame 'odom' at time 1479.607 for reason 'discarding message because the queue is full'
[rviz2-2] [INFO] [1773123939.963949974] [rviz2]: Message Filter dropping message: frame 'laser_link' at time 1481.306 for reason 'discarding message because the queue is full'
[rviz2-2] [INFO] [1773123939.996772874] [rviz2]: Message Filter dropping message: frame 'laser_link' at time 1481.336 for reason 'discarding message because the queue is full'
[rviz2-2] [INFO] [1773123940.028451473] [rviz2]: Message Filter dropping message: frame 'laser_link' at time 1481.376 for reason 'discarding message because the queue is full'
[rviz2-2] [INFO] [1773123940.060791987] [rviz2]: Message Filter dropping message: frame 'laser_link' at time 1481.406 for reason 'discarding message because the queue is full'
[rviz2-2] [INFO] [1773123940.092066209] [rviz2]: Message Filter dropping message: frame 'laser_link' at time 1481.436 for reason 'discarding message because the queue is full'
[rviz2-2] [INFO] [1773123940.124305501] [rviz2]: Message Filter dropping message: frame 'laser_link' at time 1481.466 for reason 'discarding message because the queue is full'
[rviz2-2] [INFO] [1773123940.124442170] [rviz2]: Message Filter dropping message: frame 'odom' at time 1479.807 for reason 'discarding message because the queue is full'
[rviz2-2] [INFO] [1773123940.156888485] [rviz2]: Message Filter dropping message: frame 'laser_link' at time 1481.496 for reason 'discarding message because the queue is full'
[component_container_isolated-1] [INFO] [1773123940.175282343] [global_costmap.global_costmap]: Timed out waiting for transform from base_link to map to become available, tf error: Invalid frame ID "map" passed to canTransform argument target_frame - frame does not exist
[rviz2-2] [INFO] [1773123940.188415767] [rviz2]: Message Filter dropping message: frame 'laser_link' at time 1481.536 for reason 'discarding message because the queue is full'
[rviz2-2] [INFO] [1773123940.220461011] [rviz2]: Message Filter dropping message: frame 'laser_link' at time 1481.566 for reason 'discarding message because the queue is full'
[rviz2-2] [INFO] [1773123940.252034561] [rviz2]: Message Filter dropping message: frame 'laser_link' at time 1481.596 for reason 'discarding message because the queue is full'
[rviz2-2] [INFO] [1773123940.284098190] [rviz2]: Message Filter dropping message: frame 'laser_link' at time 1481.626 for reason 'discarding message because the queue is full'
[rviz2-2] [INFO] [1773123940.316807072] [rviz2]: Message Filter dropping message: frame 'laser_link' at time 1481.656 for reason 'discarding message because the queue is full'
[rviz2-2] [INFO] [1773123940.316974139] [rviz2]: Message Filter dropping message: frame 'odom' at time 1480.007 for reason 'discarding message because the queue is full'
[rviz2-2] [INFO] [1773123940.348087226] [rviz2]: Message Filter dropping message: frame 'laser_link' at time 1481.696 for reason 'discarding message because the queue is full'
[rviz2-2] [INFO] [1773123940.380082715] [rviz2]: Message Filter dropping message: frame 'laser_link' at time 1481.726 for reason 'discarding message because the queue is full'
[rviz2-2] [INFO] [1773123940.412211558] [rviz2]: Message Filter dropping message: frame 'laser_link' at time 1481.756 for reason 'discarding message because the queue is full'
[rviz2-2] [INFO] [1773123940.444357243] [rviz2]: Message Filter dropping message: frame 'laser_link' at time 1481.786 for reason 'discarding message because the queue is full'
[rviz2-2] [INFO] [1773123940.476308799] [rviz2]: Message Filter dropping message: frame 'laser_link' at time 1481.816 for reason 'discarding message because the queue is full'
[rviz2-2] [INFO] [1773123940.508494480] [rviz2]: Message Filter dropping message: frame 'laser_link' at time 1481.856 for reason 'discarding message because the queue is full'
[rviz2-2] [INFO] [1773123940.540894096] [rviz2]: Message Filter dropping message: frame 'laser_link' at time 1481.886 for reason 'discarding message because the queue is full'
[rviz2-2] [INFO] [1773123940.541027208] [rviz2]: Message Filter dropping message: frame 'odom' at time 1480.207 for reason 'discarding message because the queue is full'
[rviz2-2] [INFO] [1773123940.572398855] [rviz2]: Message Filter dropping message: frame 'laser_link' at time 1481.916 for reason 'discarding message because the queue is full'
[rviz2-2] [INFO] [1773123940.604316437] [rviz2]: Message Filter dropping message: frame 'laser_link' at time 1481.946 for reason 'discarding message because the queue is full'
[rviz2-2] [INFO] [1773123940.636933806] [rviz2]: Message Filter dropping message: frame 'laser_link' at time 1481.976 for reason 'discarding message because the queue is full'
[rviz2-2] [INFO] [1773123940.668666047] [rviz2]: Message Filter dropping message: frame 'laser_link' at time 1482.016 for reason 'discarding message because the queue is full'
[component_container_isolated-1] [INFO] [1773123940.675330153] [global_costmap.global_costmap]: Timed out waiting for transform from base_link to map to become available, tf error: Invalid frame ID "map" passed to canTransform argument target_frame - frame does not exist
[rviz2-2] [INFO] [1773123940.700527252] [rviz2]: Message Filter dropping message: frame 'laser_link' at time 1482.046 for reason 'discarding message because the queue is full'
[rviz2-2] [INFO] [1773123940.732120599] [rviz2]: Message Filter dropping message: frame 'laser_link' at time 1482.076 for reason 'discarding message because the queue is full'
[rviz2-2] [INFO] [1773123940.732284149] [rviz2]: Message Filter dropping message: frame 'odom' at time 1480.407 for reason 'discarding message because the queue is full'
[rviz2-2] [INFO] [1773123940.764674808] [rviz2]: Message Filter dropping message: frame 'laser_link' at time 1482.106 for reason 'discarding message because the queue is full'
[rviz2-2] [INFO] [1773123940.796016248] [rviz2]: Message Filter dropping message: frame 'laser_link' at time 1482.136 for reason 'discarding message because the queue is full'
[rviz2-2] [INFO] [1773123940.828079476] [rviz2]: Message Filter dropping message: frame 'laser_link' at time 1482.176 for reason 'discarding message because the queue is full'
[rviz2-2] [INFO] [1773123940.859927536] [rviz2]: Message Filter dropping message: frame 'laser_link' at time 1482.206 for reason 'discarding message because the queue is full'
[rviz2-2] [INFO] [1773123940.892119569] [rviz2]: Message Filter dropping message: frame 'laser_link' at time 1482.236 for reason 'discarding message because the queue is full'
[rviz2-2] [INFO] [1773123940.924210149] [rviz2]: Message Filter dropping message: frame 'laser_link' at time 1482.266 for reason 'discarding message because the queue is full'
[rviz2-2] [INFO] [1773123940.924270343] [rviz2]: Message Filter dropping message: frame 'odom' at time 1480.607 for reason 'discarding message because the queue is full'
[rviz2-2] [INFO] [1773123940.956616338] [rviz2]: Message Filter dropping message: frame 'laser_link' at time 1482.296 for reason 'discarding message because the queue is full'
[rviz2-2] [INFO] [1773123940.988302481] [rviz2]: Message Filter dropping message: frame 'laser_link' at time 1482.336 for reason 'discarding message because the queue is full'
[rviz2-2] [INFO] [1773123941.020307759] [rviz2]: Message Filter dropping message: frame 'laser_link' at time 1482.366 for reason 'discarding message because the queue is full'
[rviz2-2] [INFO] [1773123941.052343945] [rviz2]: Message Filter dropping message: frame 'laser_link' at time 1482.396 for reason 'discarding message because the queue is full'
[rviz2-2] [INFO] [1773123941.084288647] [rviz2]: Message Filter dropping message: frame 'laser_link' at time 1482.426 for reason 'discarding message because the queue is full'
[rviz2-2] [INFO] [1773123941.116415175] [rviz2]: Message Filter dropping message: frame 'laser_link' at time 1482.456 for reason 'discarding message because the queue is full'
[rviz2-2] [INFO] [1773123941.116475950] [rviz2]: Message Filter dropping message: frame 'odom' at time 1480.807 for reason 'discarding message because the queue is full'
[rviz2-2] [INFO] [1773123941.148275507] [rviz2]: Message Filter dropping message: frame 'laser_link' at time 1482.496 for reason 'discarding message because the queue is full'
[component_container_isolated-1] [INFO] [1773123941.175342150] [global_costmap.global_costmap]: Timed out waiting for transform from base_link to map to become available, tf error: Invalid frame ID "map" passed to canTransform argument target_frame - frame does not exist
[rviz2-2] [INFO] [1773123941.180789980] [rviz2]: Message Filter dropping message: frame 'laser_link' at time 1482.526 for reason 'discarding message because the queue is full'
[rviz2-2] [INFO] [1773123941.212232380] [rviz2]: Message Filter dropping message: frame 'laser_link' at time 1482.556 for reason 'discarding message because the queue is full'
[rviz2-2] [INFO] [1773123941.244430634] [rviz2]: Message Filter dropping message: frame 'laser_link' at time 1482.586 for reason 'discarding message because the queue is full'
[rviz2-2] [INFO] [1773123941.275874406] [rviz2]: Message Filter dropping message: frame 'laser_link' at time 1482.616 for reason 'discarding message because the queue is full'
[rviz2-2] [INFO] [1773123941.308439235] [rviz2]: Message Filter dropping message: frame 'laser_link' at time 1482.656 for reason 'discarding message because the queue is full'
[rviz2-2] [INFO] [1773123941.340358038] [rviz2]: Message Filter dropping message: frame 'laser_link' at time 1482.686 for reason 'discarding message because the queue is full'
[rviz2-2] [INFO] [1773123941.340425787] [rviz2]: Message Filter dropping message: frame 'odom' at time 1481.007 for reason 'discarding message because the queue is full'
[rviz2-2] [INFO] [1773123941.372169689] [rviz2]: Message Filter dropping message: frame 'laser_link' at time 1482.716 for reason 'discarding message because the queue is full'
[rviz2-2] [INFO] [1773123941.404478051] [rviz2]: Message Filter dropping message: frame 'laser_link' at time 1482.746 for reason 'discarding message because the queue is full'
[rviz2-2] [INFO] [1773123941.436858510] [rviz2]: Message Filter dropping message: frame 'laser_link' at time 1482.776 for reason 'discarding message because the queue is full'
[component_container_isolated-1] [WARN] [1773123941.438688620] [amcl]: AMCL cannot publish a pose or update the transform. Please set the initial pose...
[rviz2-2] [INFO] [1773123941.468722289] [rviz2]: Message Filter dropping message: frame 'laser_link' at time 1482.816 for reason 'discarding message because the queue is full'
[rviz2-2] [INFO] [1773123941.499998013] [rviz2]: Message Filter dropping message: frame 'laser_link' at time 1482.846 for reason 'discarding message because the queue is full'
[rviz2-2] [INFO] [1773123941.532555077] [rviz2]: Message Filter dropping message: frame 'laser_link' at time 1482.876 for reason 'discarding message because the queue is full'
[rviz2-2] [INFO] [1773123941.532785103] [rviz2]: Message Filter dropping message: frame 'odom' at time 1481.207 for reason 'discarding message because the queue is full'
[rviz2-2] [INFO] [1773123941.564413946] [rviz2]: Message Filter dropping message: frame 'laser_link' at time 1482.906 for reason 'discarding message because the queue is full'
[rviz2-2] [INFO] [1773123941.596078728] [rviz2]: Message Filter dropping message: frame 'laser_link' at time 1482.936 for reason 'discarding message because the queue is full'
[rviz2-2] [INFO] [1773123941.628999672] [rviz2]: Message Filter dropping message: frame 'laser_link' at time 1482.976 for reason 'discarding message because the queue is full'
[rviz2-2] [INFO] [1773123941.660134599] [rviz2]: Message Filter dropping message: frame 'laser_link' at time 1483.006 for reason 'discarding message because the queue is full'
[component_container_isolated-1] [INFO] [1773123941.675330473] [global_costmap.global_costmap]: Timed out waiting for transform from base_link to map to become available, tf error: Invalid frame ID "map" passed to canTransform argument target_frame - frame does not exist
[rviz2-2] [INFO] [1773123941.692029167] [rviz2]: Message Filter dropping message: frame 'laser_link' at time 1483.036 for reason 'discarding message because the queue is full'
[rviz2-2] [INFO] [1773123941.724160473] [rviz2]: Message Filter dropping message: frame 'laser_link' at time 1483.066 for reason 'discarding message because the queue is full'
[rviz2-2] [INFO] [1773123941.724233972] [rviz2]: Message Filter dropping message: frame 'odom' at time 1481.407 for reason 'discarding message because the queue is full'
[rviz2-2] [INFO] [1773123941.756140022] [rviz2]: Message Filter dropping message: frame 'laser_link' at time 1483.096 for reason 'discarding message because the queue is full'
[rviz2-2] [INFO] [1773123941.788138486] [rviz2]: Message Filter dropping message: frame 'laser_link' at time 1483.136 for reason 'discarding message because the queue is full'
[rviz2-2] [INFO] [1773123941.820235097] [rviz2]: Message Filter dropping message: frame 'laser_link' at time 1483.166 for reason 'discarding message because the queue is full'
[rviz2-2] [INFO] [1773123941.852761432] [rviz2]: Message Filter dropping message: frame 'laser_link' at time 1483.196 for reason 'discarding message because the queue is full'
[rviz2-2] [INFO] [1773123941.884178584] [rviz2]: Message Filter dropping message: frame 'laser_link' at time 1483.226 for reason 'discarding message because the queue is full'
[rviz2-2] [INFO] [1773123941.916035350] [rviz2]: Message Filter dropping message: frame 'laser_link' at time 1483.256 for reason 'discarding message because the queue is full'
[rviz2-2] [INFO] [1773123941.916095685] [rviz2]: Message Filter dropping message: frame 'odom' at time 1481.607 for reason 'discarding message because the queue is full'
[rviz2-2] [INFO] [1773123941.948227712] [rviz2]: Message Filter dropping message: frame 'laser_link' at time 1483.296 for reason 'discarding message because the queue is full'
[rviz2-2] [INFO] [1773123941.980052808] [rviz2]: Message Filter dropping message: frame 'laser_link' at time 1483.326 for reason 'discarding message because the queue is full'
[rviz2-2] [INFO] [1773123942.012210224] [rviz2]: Message Filter dropping message: frame 'laser_link' at time 1483.356 for reason 'discarding message because the queue is full'
[rviz2-2] [INFO] [1773123942.044335087] [rviz2]: Message Filter dropping message: frame 'laser_link' at time 1483.386 for reason 'discarding message because the queue is full'
[rviz2-2] [INFO] [1773123942.076075562] [rviz2]: Message Filter dropping message: frame 'laser_link' at time 1483.416 for reason 'discarding message because the queue is full'
[rviz2-2] [INFO] [1773123942.108211766] [rviz2]: Message Filter dropping message: frame 'laser_link' at time 1483.456 for reason 'discarding message because the queue is full'
[rviz2-2] [INFO] [1773123942.140091214] [rviz2]: Message Filter dropping message: frame 'laser_link' at time 1483.486 for reason 'discarding message because the queue is full'
[rviz2-2] [INFO] [1773123942.140177057] [rviz2]: Message Filter dropping message: frame 'odom' at time 1481.807 for reason 'discarding message because the queue is full'
[rviz2-2] [INFO] [1773123942.172782261] [rviz2]: Message Filter dropping message: frame 'laser_link' at time 1483.516 for reason 'discarding message because the queue is full'
[component_container_isolated-1] [INFO] [1773123942.175336985] [global_costmap.global_costmap]: Timed out waiting for transform from base_link to map to become available, tf error: Invalid frame ID "map" passed to canTransform argument target_frame - frame does not exist
[rviz2-2] [INFO] [1773123942.204508118] [rviz2]: Message Filter dropping message: frame 'laser_link' at time 1483.546 for reason 'discarding message because the queue is full'
[rviz2-2] [INFO] [1773123942.236920376] [rviz2]: Message Filter dropping message: frame 'laser_link' at time 1483.576 for reason 'discarding message because the queue is full'
[rviz2-2] [INFO] [1773123942.268437116] [rviz2]: Message Filter dropping message: frame 'laser_link' at time 1483.616 for reason 'discarding message because the queue is full'
[rviz2-2] [INFO] [1773123942.300251721] [rviz2]: Message Filter dropping message: frame 'laser_link' at time 1483.646 for reason 'discarding message because the queue is full'
[rviz2-2] [INFO] [1773123942.332720366] [rviz2]: Message Filter dropping message: frame 'laser_link' at time 1483.676 for reason 'discarding message because the queue is full'
[rviz2-2] [INFO] [1773123942.332848399] [rviz2]: Message Filter dropping message: frame 'odom' at time 1482.007 for reason 'discarding message because the queue is full'
[rviz2-2] [INFO] [1773123942.364725893] [rviz2]: Message Filter dropping message: frame 'laser_link' at time 1483.706 for reason 'discarding message because the queue is full'
[rviz2-2] [INFO] [1773123942.396659033] [rviz2]: Message Filter dropping message: frame 'laser_link' at time 1483.736 for reason 'discarding message because the queue is full'
[rviz2-2] [INFO] [1773123942.428849310] [rviz2]: Message Filter dropping message: frame 'laser_link' at time 1483.776 for reason 'discarding message because the queue is full'
[rviz2-2] [INFO] [1773123942.460160872] [rviz2]: Message Filter dropping message: frame 'laser_link' at time 1483.806 for reason 'discarding message because the queue is full'
[rviz2-2] [INFO] [1773123942.492879701] [rviz2]: Message Filter dropping message: frame 'laser_link' at time 1483.836 for reason 'discarding message because the queue is full'
[rviz2-2] [INFO] [1773123942.524374991] [rviz2]: Message Filter dropping message: frame 'laser_link' at time 1483.866 for reason 'discarding message because the queue is full'
[rviz2-2] [INFO] [1773123942.524466394] [rviz2]: Message Filter dropping message: frame 'odom' at time 1482.207 for reason 'discarding message because the queue is full'
[rviz2-2] [INFO] [1773123942.556768203] [rviz2]: Message Filter dropping message: frame 'laser_link' at time 1483.896 for reason 'discarding message because the queue is full'
[rviz2-2] [INFO] [1773123942.588832672] [rviz2]: Message Filter dropping message: frame 'laser_link' at time 1483.936 for reason 'discarding message because the queue is full'
[rviz2-2] [INFO] [1773123942.620114005] [rviz2]: Message Filter dropping message: frame 'laser_link' at time 1483.966 for reason 'discarding message because the queue is full'
[rviz2-2] [INFO] [1773123942.652296428] [rviz2]: Message Filter dropping message: frame 'laser_link' at time 1483.996 for reason 'discarding message because the queue is full'
[component_container_isolated-1] [INFO] [1773123942.675330003] [global_costmap.global_costmap]: Timed out waiting for transform from base_link to map to become available, tf error: Invalid frame ID "map" passed to canTransform argument target_frame - frame does not exist
[rviz2-2] [INFO] [1773123942.684262480] [rviz2]: Message Filter dropping message: frame 'laser_link' at time 1484.026 for reason 'discarding message because the queue is full'
[rviz2-2] [INFO] [1773123942.716537598] [rviz2]: Message Filter dropping message: frame 'laser_link' at time 1484.056 for reason 'discarding message because the queue is full'
[rviz2-2] [INFO] [1773123942.716636075] [rviz2]: Message Filter dropping message: frame 'odom' at time 1482.407 for reason 'discarding message because the queue is full'
[rviz2-2] [INFO] [1773123942.748335632] [rviz2]: Message Filter dropping message: frame 'laser_link' at time 1484.096 for reason 'discarding message because the queue is full'
[rviz2-2] [INFO] [1773123942.779873111] [rviz2]: Message Filter dropping message: frame 'laser_link' at time 1484.126 for reason 'discarding message because the queue is full'
[rviz2-2] [INFO] [1773123942.812201240] [rviz2]: Message Filter dropping message: frame 'laser_link' at time 1484.156 for reason 'discarding message because the queue is full'
[rviz2-2] [INFO] [1773123942.844508990] [rviz2]: Message Filter dropping message: frame 'laser_link' at time 1484.186 for reason 'discarding message because the queue is full'
[rviz2-2] [INFO] [1773123942.876139015] [rviz2]: Message Filter dropping message: frame 'laser_link' at time 1484.216 for reason 'discarding message because the queue is full'
[rviz2-2] [INFO] [1773123942.908215667] [rviz2]: Message Filter dropping message: frame 'laser_link' at time 1484.256 for reason 'discarding message because the queue is full'
[rviz2-2] [INFO] [1773123942.940278132] [rviz2]: Message Filter dropping message: frame 'laser_link' at time 1484.286 for reason 'discarding message because the queue is full'
[rviz2-2] [INFO] [1773123942.940417396] [rviz2]: Message Filter dropping message: frame 'odom' at time 1482.607 for reason 'discarding message because the queue is full'
[rviz2-2] [INFO] [1773123942.972038083] [rviz2]: Message Filter dropping message: frame 'laser_link' at time 1484.316 for reason 'discarding message because the queue is full'
[rviz2-2] [INFO] [1773123943.004402490] [rviz2]: Message Filter dropping message: frame 'laser_link' at time 1484.346 for reason 'discarding message because the queue is full'
[rviz2-2] [INFO] [1773123943.036062060] [rviz2]: Message Filter dropping message: frame 'laser_link' at time 1484.376 for reason 'discarding message because the queue is full'
[rviz2-2] [INFO] [1773123943.068073057] [rviz2]: Message Filter dropping message: frame 'laser_link' at time 1484.416 for reason 'discarding message because the queue is full'
[rviz2-2] [INFO] [1773123943.100018269] [rviz2]: Message Filter dropping message: frame 'laser_link' at time 1484.446 for reason 'discarding message because the queue is full'
[rviz2-2] [INFO] [1773123943.132294598] [rviz2]: Message Filter dropping message: frame 'laser_link' at time 1484.476 for reason 'discarding message because the queue is full'
[rviz2-2] [INFO] [1773123943.132424144] [rviz2]: Message Filter dropping message: frame 'odom' at time 1482.807 for reason 'discarding message because the queue is full'
[rviz2-2] [INFO] [1773123943.164286448] [rviz2]: Message Filter dropping message: frame 'laser_link' at time 1484.506 for reason 'discarding message because the queue is full'
[component_container_isolated-1] [INFO] [1773123943.175336350] [global_costmap.global_costmap]: Timed out waiting for transform from base_link to map to become available, tf error: Invalid frame ID "map" passed to canTransform argument target_frame - frame does not exist
[rviz2-2] [INFO] [1773123943.196292926] [rviz2]: Message Filter dropping message: frame 'laser_link' at time 1484.536 for reason 'discarding message because the queue is full'
[rviz2-2] [INFO] [1773123943.228411156] [rviz2]: Message Filter dropping message: frame 'laser_link' at time 1484.566 for reason 'discarding message because the queue is full'
[rviz2-2] [INFO] [1773123943.260339345] [rviz2]: Message Filter dropping message: frame 'laser_link' at time 1484.607 for reason 'discarding message because the queue is full'
[rviz2-2] [INFO] [1773123943.292392412] [rviz2]: Message Filter dropping message: frame 'laser_link' at time 1484.636 for reason 'discarding message because the queue is full'
[rviz2-2] [INFO] [1773123943.324736900] [rviz2]: Message Filter dropping message: frame 'laser_link' at time 1484.666 for reason 'discarding message because the queue is full'
[rviz2-2] [INFO] [1773123943.324853351] [rviz2]: Message Filter dropping message: frame 'odom' at time 1483.007 for reason 'discarding message because the queue is full'
[rviz2-2] [INFO] [1773123943.356355082] [rviz2]: Message Filter dropping message: frame 'laser_link' at time 1484.696 for reason 'discarding message because the queue is full'
[rviz2-2] [INFO] [1773123943.388331723] [rviz2]: Message Filter dropping message: frame 'laser_link' at time 1484.736 for reason 'discarding message because the queue is full'
[rviz2-2] [INFO] [1773123943.420360063] [rviz2]: Message Filter dropping message: frame 'laser_link' at time 1484.766 for reason 'discarding message because the queue is full'
[rviz2-2] [INFO] [1773123943.452114513] [rviz2]: Message Filter dropping message: frame 'laser_link' at time 1484.796 for reason 'discarding message because the queue is full'
[rviz2-2] [INFO] [1773123943.484305210] [rviz2]: Message Filter dropping message: frame 'laser_link' at time 1484.826 for reason 'discarding message because the queue is full'
[rviz2-2] [INFO] [1773123943.516129001] [rviz2]: Message Filter dropping message: frame 'laser_link' at time 1484.856 for reason 'discarding message because the queue is full'
[rviz2-2] [INFO] [1773123943.516197692] [rviz2]: Message Filter dropping message: frame 'odom' at time 1483.207 for reason 'discarding message because the queue is full'
[component_container_isolated-1] [WARN] [1773123943.538940565] [amcl]: AMCL cannot publish a pose or update the transform. Please set the initial pose...
[rviz2-2] [INFO] [1773123943.548324588] [rviz2]: Message Filter dropping message: frame 'laser_link' at time 1484.896 for reason 'discarding message because the queue is full'
[rviz2-2] [INFO] [1773123943.580119525] [rviz2]: Message Filter dropping message: frame 'laser_link' at time 1484.926 for reason 'discarding message because the queue is full'
[rviz2-2] [INFO] [1773123943.612381096] [rviz2]: Message Filter dropping message: frame 'laser_link' at time 1484.956 for reason 'discarding message because the queue is full'
[rviz2-2] [INFO] [1773123943.644117993] [rviz2]: Message Filter dropping message: frame 'laser_link' at time 1484.986 for reason 'discarding message because the queue is full'
[component_container_isolated-1] [INFO] [1773123943.675330866] [global_costmap.global_costmap]: Timed out waiting for transform from base_link to map to become available, tf error: Invalid frame ID "map" passed to canTransform argument target_frame - frame does not exist
[rviz2-2] [INFO] [1773123943.676247915] [rviz2]: Message Filter dropping message: frame 'laser_link' at time 1485.016 for reason 'discarding message because the queue is full'
[rviz2-2] [INFO] [1773123943.708240817] [rviz2]: Message Filter dropping message: frame 'laser_link' at time 1485.056 for reason 'discarding message because the queue is full'
[rviz2-2] [INFO] [1773123943.740061603] [rviz2]: Message Filter dropping message: frame 'laser_link' at time 1485.086 for reason 'discarding message because the queue is full'
[rviz2-2] [INFO] [1773123943.740131736] [rviz2]: Message Filter dropping message: frame 'odom' at time 1483.407 for reason 'discarding message because the queue is full'
[rviz2-2] [INFO] [1773123943.772061598] [rviz2]: Message Filter dropping message: frame 'laser_link' at time 1485.116 for reason 'discarding message because the queue is full'
[rviz2-2] [INFO] [1773123943.804098935] [rviz2]: Message Filter dropping message: frame 'laser_link' at time 1485.146 for reason 'discarding message because the queue is full'
[rviz2-2] [INFO] [1773123943.836733514] [rviz2]: Message Filter dropping message: frame 'laser_link' at time 1485.176 for reason 'discarding message because the queue is full'
[rviz2-2] [INFO] [1773123943.868258478] [rviz2]: Message Filter dropping message: frame 'laser_link' at time 1485.216 for reason 'discarding message because the queue is full'
[rviz2-2] [INFO] [1773123943.900399081] [rviz2]: Message Filter dropping message: frame 'laser_link' at time 1485.246 for reason 'discarding message because the queue is full'
[rviz2-2] [INFO] [1773123943.933205556] [rviz2]: Message Filter dropping message: frame 'laser_link' at time 1485.276 for reason 'discarding message because the queue is full'
[rviz2-2] [INFO] [1773123943.933341714] [rviz2]: Message Filter dropping message: frame 'odom' at time 1483.607 for reason 'discarding message because the queue is full'
[rviz2-2] [INFO] [1773123943.933406166] [rviz2]: Message Filter dropping message: frame 'odom' at time 1479.538 for reason 'discarding message because the queue is full'
[rviz2-2] [INFO] [1773123943.964177051] [rviz2]: Message Filter dropping message: frame 'laser_link' at time 1485.306 for reason 'discarding message because the queue is full'
[rviz2-2] [INFO] [1773123943.996094680] [rviz2]: Message Filter dropping message: frame 'laser_link' at time 1485.336 for reason 'discarding message because the queue is full'
[rviz2-2] [INFO] [1773123944.028092461] [rviz2]: Message Filter dropping message: frame 'laser_link' at time 1485.376 for reason 'discarding message because the queue is full'
[rviz2-2] [INFO] [1773123944.060305419] [rviz2]: Message Filter dropping message: frame 'laser_link' at time 1485.406 for reason 'discarding message because the queue is full'
[rviz2-2] [INFO] [1773123944.092246182] [rviz2]: Message Filter dropping message: frame 'laser_link' at time 1485.436 for reason 'discarding message because the queue is full'
[rviz2-2] [INFO] [1773123944.124208766] [rviz2]: Message Filter dropping message: frame 'laser_link' at time 1485.466 for reason 'discarding message because the queue is full'
[rviz2-2] [INFO] [1773123944.124298396] [rviz2]: Message Filter dropping message: frame 'odom' at time 1483.807 for reason 'discarding message because the queue is full'
[rviz2-2] [INFO] [1773123944.156231674] [rviz2]: Message Filter dropping message: frame 'laser_link' at time 1485.496 for reason 'discarding message because the queue is full'
[component_container_isolated-1] [INFO] [1773123944.175325988] [global_costmap.global_costmap]: Timed out waiting for transform from base_link to map to become available, tf error: Invalid frame ID "map" passed to canTransform argument target_frame - frame does not exist
[rviz2-2] [INFO] [1773123944.188147809] [rviz2]: Message Filter dropping message: frame 'laser_link' at time 1485.526 for reason 'discarding message because the queue is full'
[rviz2-2] [INFO] [1773123944.220318438] [rviz2]: Message Filter dropping message: frame 'laser_link' at time 1485.566 for reason 'discarding message because the queue is full'
[rviz2-2] [INFO] [1773123944.253054077] [rviz2]: Message Filter dropping message: frame 'laser_link' at time 1485.596 for reason 'discarding message because the queue is full'
[rviz2-2] [INFO] [1773123944.284160618] [rviz2]: Message Filter dropping message: frame 'laser_link' at time 1485.626 for reason 'discarding message because the queue is full'
[rviz2-2] [INFO] [1773123944.316441886] [rviz2]: Message Filter dropping message: frame 'laser_link' at time 1485.656 for reason 'discarding message because the queue is full'
[rviz2-2] [INFO] [1773123944.316547506] [rviz2]: Message Filter dropping message: frame 'odom' at time 1484.007 for reason 'discarding message because the queue is full'
[rviz2-2] [INFO] [1773123944.348326542] [rviz2]: Message Filter dropping message: frame 'laser_link' at time 1485.686 for reason 'discarding message because the queue is full'
[rviz2-2] [INFO] [1773123944.380204836] [rviz2]: Message Filter dropping message: frame 'laser_link' at time 1485.726 for reason 'discarding message because the queue is full'
[rviz2-2] [INFO] [1773123944.412208046] [rviz2]: Message Filter dropping message: frame 'laser_link' at time 1485.756 for reason 'discarding message because the queue is full'
[rviz2-2] [INFO] [1773123944.444095528] [rviz2]: Message Filter dropping message: frame 'laser_link' at time 1485.786 for reason 'discarding message because the queue is full'
[rviz2-2] [INFO] [1773123944.476114779] [rviz2]: Message Filter dropping message: frame 'laser_link' at time 1485.816 for reason 'discarding message because the queue is full'
[rviz2-2] [INFO] [1773123944.508490165] [rviz2]: Message Filter dropping message: frame 'laser_link' at time 1485.846 for reason 'discarding message because the queue is full'
[rviz2-2] [INFO] [1773123944.540510890] [rviz2]: Message Filter dropping message: frame 'laser_link' at time 1485.886 for reason 'discarding message because the queue is full'
[rviz2-2] [INFO] [1773123944.540579850] [rviz2]: Message Filter dropping message: frame 'odom' at time 1484.207 for reason 'discarding message because the queue is full'
[rviz2-2] [INFO] [1773123944.540624214] [rviz2]: Message Filter dropping message: frame 'odom' at time 1480.138 for reason 'discarding message because the queue is full'
[rviz2-2] [INFO] [1773123944.572347063] [rviz2]: Message Filter dropping message: frame 'laser_link' at time 1485.916 for reason 'discarding message because the queue is full'
[rviz2-2] [INFO] [1773123944.604305940] [rviz2]: Message Filter dropping message: frame 'laser_link' at time 1485.946 for reason 'discarding message because the queue is full'
[rviz2-2] [INFO] [1773123944.636304602] [rviz2]: Message Filter dropping message: frame 'laser_link' at time 1485.976 for reason 'discarding message because the queue is full'
[rviz2-2] [INFO] [1773123944.668339433] [rviz2]: Message Filter dropping message: frame 'laser_link' at time 1486.006 for reason 'discarding message because the queue is full'
[component_container_isolated-1] [INFO] [1773123944.675323976] [global_costmap.global_costmap]: Timed out waiting for transform from base_link to map to become available, tf error: Invalid frame ID "map" passed to canTransform argument target_frame - frame does not exist
[rviz2-2] [INFO] [1773123944.700153936] [rviz2]: Message Filter dropping message: frame 'laser_link' at time 1486.046 for reason 'discarding message because the queue is full'
[rviz2-2] [INFO] [1773123944.732287895] [rviz2]: Message Filter dropping message: frame 'laser_link' at time 1486.076 for reason 'discarding message because the queue is full'
[rviz2-2] [INFO] [1773123944.732352297] [rviz2]: Message Filter dropping message: frame 'odom' at time 1484.407 for reason 'discarding message because the queue is full'
[rviz2-2] [INFO] [1773123944.764640007] [rviz2]: Message Filter dropping message: frame 'laser_link' at time 1486.106 for reason 'discarding message because the queue is full'
[rviz2-2] [INFO] [1773123944.796444932] [rviz2]: Message Filter dropping message: frame 'laser_link' at time 1486.136 for reason 'discarding message because the queue is full'
[rviz2-2] [INFO] [1773123944.828537452] [rviz2]: Message Filter dropping message: frame 'laser_link' at time 1486.166 for reason 'discarding message because the queue is full'
[rviz2-2] [INFO] [1773123944.860780798] [rviz2]: Message Filter dropping message: frame 'laser_link' at time 1486.206 for reason 'discarding message because the queue is full'
[rviz2-2] [INFO] [1773123944.892817993] [rviz2]: Message Filter dropping message: frame 'laser_link' at time 1486.236 for reason 'discarding message because the queue is full'
[rviz2-2] [INFO] [1773123944.924382873] [rviz2]: Message Filter dropping message: frame 'laser_link' at time 1486.266 for reason 'discarding message because the queue is full'
[rviz2-2] [INFO] [1773123944.924502730] [rviz2]: Message Filter dropping message: frame 'odom' at time 1484.607 for reason 'discarding message because the queue is full'
[rviz2-2] [INFO] [1773123944.959325768] [rviz2]: Message Filter dropping message: frame 'laser_link' at time 1486.296 for reason 'discarding message because the queue is full'
[rviz2-2] [INFO] [1773123944.988465038] [rviz2]: Message Filter dropping message: frame 'laser_link' at time 1486.326 for reason 'discarding message because the queue is full'
[rviz2-2] [INFO] [1773123945.021128029] [rviz2]: Message Filter dropping message: frame 'laser_link' at time 1486.366 for reason 'discarding message because the queue is full'
[rviz2-2] [INFO] [1773123945.053014338] [rviz2]: Message Filter dropping message: frame 'laser_link' at time 1486.396 for reason 'discarding message because the queue is full'
[rviz2-2] [INFO] [1773123945.084899985] [rviz2]: Message Filter dropping message: frame 'laser_link' at time 1486.426 for reason 'discarding message because the queue is full'
[rviz2-2] [INFO] [1773123945.116534776] [rviz2]: Message Filter dropping message: frame 'laser_link' at time 1486.456 for reason 'discarding message because the queue is full'
[rviz2-2] [INFO] [1773123945.116703195] [rviz2]: Message Filter dropping message: frame 'odom' at time 1484.807 for reason 'discarding message because the queue is full'
[rviz2-2] [INFO] [1773123945.116758641] [rviz2]: Message Filter dropping message: frame 'odom' at time 1480.738 for reason 'discarding message because the queue is full'
[rviz2-2] [INFO] [1773123945.148392069] [rviz2]: Message Filter dropping message: frame 'laser_link' at time 1486.486 for reason 'discarding message because the queue is full'
[component_container_isolated-1] [INFO] [1773123945.175339994] [global_costmap.global_costmap]: Timed out waiting for transform from base_link to map to become available, tf error: Invalid frame ID "map" passed to canTransform argument target_frame - frame does not exist
[rviz2-2] [INFO] [1773123945.180367777] [rviz2]: Message Filter dropping message: frame 'laser_link' at time 1486.526 for reason 'discarding message because the queue is full'
[rviz2-2] [INFO] [1773123945.212140460] [rviz2]: Message Filter dropping message: frame 'laser_link' at time 1486.556 for reason 'discarding message because the queue is full'
[rviz2-2] [INFO] [1773123945.244291460] [rviz2]: Message Filter dropping message: frame 'laser_link' at time 1486.586 for reason 'discarding message because the queue is full'
[rviz2-2] [INFO] [1773123945.276286234] [rviz2]: Message Filter dropping message: frame 'laser_link' at time 1486.616 for reason 'discarding message because the queue is full'
[rviz2-2] [INFO] [1773123945.308260859] [rviz2]: Message Filter dropping message: frame 'laser_link' at time 1486.646 for reason 'discarding message because the queue is full'
[rviz2-2] [INFO] [1773123945.340258559] [rviz2]: Message Filter dropping message: frame 'laser_link' at time 1486.686 for reason 'discarding message because the queue is full'
[rviz2-2] [INFO] [1773123945.340360923] [rviz2]: Message Filter dropping message: frame 'odom' at time 1485.007 for reason 'discarding message because the queue is full'
[rviz2-2] [INFO] [1773123945.372124138] [rviz2]: Message Filter dropping message: frame 'laser_link' at time 1486.716 for reason 'discarding message because the queue is full'
[rviz2-2] [INFO] [1773123945.404189966] [rviz2]: Message Filter dropping message: frame 'laser_link' at time 1486.746 for reason 'discarding message because the queue is full'
[rviz2-2] [INFO] [1773123945.436261957] [rviz2]: Message Filter dropping message: frame 'laser_link' at time 1486.776 for reason 'discarding message because the queue is full'
[rviz2-2] [INFO] [1773123945.468311164] [rviz2]: Message Filter dropping message: frame 'laser_link' at time 1486.806 for reason 'discarding message because the queue is full'
[rviz2-2] [INFO] [1773123945.500356113] [rviz2]: Message Filter dropping message: frame 'laser_link' at time 1486.846 for reason 'discarding message because the queue is full'
[rviz2-2] [INFO] [1773123945.532705599] [rviz2]: Message Filter dropping message: frame 'laser_link' at time 1486.876 for reason 'discarding message because the queue is full'
[rviz2-2] [INFO] [1773123945.532783497] [rviz2]: Message Filter dropping message: frame 'odom' at time 1485.207 for reason 'discarding message because the queue is full'
[rviz2-2] [INFO] [1773123945.564197670] [rviz2]: Message Filter dropping message: frame 'laser_link' at time 1486.906 for reason 'discarding message because the queue is full'
[rviz2-2] [INFO] [1773123945.596127811] [rviz2]: Message Filter dropping message: frame 'laser_link' at time 1486.936 for reason 'discarding message because the queue is full'
[rviz2-2] [INFO] [1773123945.628260176] [rviz2]: Message Filter dropping message: frame 'laser_link' at time 1486.966 for reason 'discarding message because the queue is full'
[component_container_isolated-1] [WARN] [1773123945.641111092] [amcl]: AMCL cannot publish a pose or update the transform. Please set the initial pose...
[rviz2-2] [INFO] [1773123945.660548967] [rviz2]: Message Filter dropping message: frame 'laser_link' at time 1487.006 for reason 'discarding message because the queue is full'
[component_container_isolated-1] [INFO] [1773123945.675327108] [global_costmap.global_costmap]: Timed out waiting for transform from base_link to map to become available, tf error: Invalid frame ID "map" passed to canTransform argument target_frame - frame does not exist
[rviz2-2] [INFO] [1773123945.692589007] [rviz2]: Message Filter dropping message: frame 'laser_link' at time 1487.036 for reason 'discarding message because the queue is full'
[rviz2-2] [INFO] [1773123945.724467711] [rviz2]: Message Filter dropping message: frame 'laser_link' at time 1487.066 for reason 'discarding message because the queue is full'
[rviz2-2] [INFO] [1773123945.724536121] [rviz2]: Message Filter dropping message: frame 'odom' at time 1485.407 for reason 'discarding message because the queue is full'
[rviz2-2] [INFO] [1773123945.724564234] [rviz2]: Message Filter dropping message: frame 'odom' at time 1481.338 for reason 'discarding message because the queue is full'
[rviz2-2] [INFO] [1773123945.756530423] [rviz2]: Message Filter dropping message: frame 'laser_link' at time 1487.096 for reason 'discarding message because the queue is full'
[rviz2-2] [INFO] [1773123945.788653130] [rviz2]: Message Filter dropping message: frame 'laser_link' at time 1487.126 for reason 'discarding message because the queue is full'
[rviz2-2] [INFO] [1773123945.820557823] [rviz2]: Message Filter dropping message: frame 'laser_link' at time 1487.166 for reason 'discarding message because the queue is full'
[rviz2-2] [INFO] [1773123945.852453259] [rviz2]: Message Filter dropping message: frame 'laser_link' at time 1487.196 for reason 'discarding message because the queue is full'
[rviz2-2] [INFO] [1773123945.884834726] [rviz2]: Message Filter dropping message: frame 'laser_link' at time 1487.226 for reason 'discarding message because the queue is full'
[rviz2-2] [INFO] [1773123945.916494284] [rviz2]: Message Filter dropping message: frame 'laser_link' at time 1487.256 for reason 'discarding message because the queue is full'
[rviz2-2] [INFO] [1773123945.916592150] [rviz2]: Message Filter dropping message: frame 'odom' at time 1485.607 for reason 'discarding message because the queue is full'
[rviz2-2] [INFO] [1773123945.949373455] [rviz2]: Message Filter dropping message: frame 'laser_link' at time 1487.286 for reason 'discarding message because the queue is full'
[rviz2-2] [INFO] [1773123945.981167869] [rviz2]: Message Filter dropping message: frame 'laser_link' at time 1487.326 for reason 'discarding message because the queue is full'
[rviz2-2] [INFO] [1773123946.012739179] [rviz2]: Message Filter dropping message: frame 'laser_link' at time 1487.356 for reason 'discarding message because the queue is full'
[rviz2-2] [INFO] [1773123946.044298256] [rviz2]: Message Filter dropping message: frame 'laser_link' at time 1487.386 for reason 'discarding message because the queue is full'
[rviz2-2] [INFO] [1773123946.076432383] [rviz2]: Message Filter dropping message: frame 'laser_link' at time 1487.416 for reason 'discarding message because the queue is full'
[rviz2-2] [INFO] [1773123946.108819631] [rviz2]: Message Filter dropping message: frame 'laser_link' at time 1487.446 for reason 'discarding message because the queue is full'
[rviz2-2] [INFO] [1773123946.140445494] [rviz2]: Message Filter dropping message: frame 'laser_link' at time 1487.486 for reason 'discarding message because the queue is full'
[rviz2-2] [INFO] [1773123946.140531988] [rviz2]: Message Filter dropping message: frame 'odom' at time 1485.807 for reason 'discarding message because the queue is full'
[rviz2-2] [INFO] [1773123946.172425509] [rviz2]: Message Filter dropping message: frame 'laser_link' at time 1487.516 for reason 'discarding message because the queue is full'
[component_container_isolated-1] [INFO] [1773123946.175324606] [global_costmap.global_costmap]: Timed out waiting for transform from base_link to map to become available, tf error: Invalid frame ID "map" passed to canTransform argument target_frame - frame does not exist
[rviz2-2] [INFO] [1773123946.204743635] [rviz2]: Message Filter dropping message: frame 'laser_link' at time 1487.546 for reason 'discarding message because the queue is full'
[rviz2-2] [INFO] [1773123946.237863812] [rviz2]: Message Filter dropping message: frame 'laser_link' at time 1487.576 for reason 'discarding message because the queue is full'
[rviz2-2] [INFO] [1773123946.268344364] [rviz2]: Message Filter dropping message: frame 'laser_link' at time 1487.606 for reason 'discarding message because the queue is full'
[rviz2-2] [INFO] [1773123946.300372640] [rviz2]: Message Filter dropping message: frame 'laser_link' at time 1487.646 for reason 'discarding message because the queue is full'
[rviz2-2] [INFO] [1773123946.332269929] [rviz2]: Message Filter dropping message: frame 'laser_link' at time 1487.676 for reason 'discarding message because the queue is full'
[rviz2-2] [INFO] [1773123946.332347185] [rviz2]: Message Filter dropping message: frame 'odom' at time 1486.007 for reason 'discarding message because the queue is full'
[rviz2-2] [INFO] [1773123946.332518760] [rviz2]: Message Filter dropping message: frame 'odom' at time 1481.938 for reason 'discarding message because the queue is full'
[rviz2-2] [INFO] [1773123946.364459821] [rviz2]: Message Filter dropping message: frame 'laser_link' at time 1487.706 for reason 'discarding message because the queue is full'
[rviz2-2] [INFO] [1773123946.396362690] [rviz2]: Message Filter dropping message: frame 'laser_link' at time 1487.736 for reason 'discarding message because the queue is full'
[rviz2-2] [INFO] [1773123946.428403410] [rviz2]: Message Filter dropping message: frame 'laser_link' at time 1487.766 for reason 'discarding message because the queue is full'
[rviz2-2] [INFO] [1773123946.460343389] [rviz2]: Message Filter dropping message: frame 'laser_link' at time 1487.796 for reason 'discarding message because the queue is full'
[rviz2-2] [INFO] [1773123946.492288789] [rviz2]: Message Filter dropping message: frame 'laser_link' at time 1487.836 for reason 'discarding message because the queue is full'
[rviz2-2] [INFO] [1773123946.524626822] [rviz2]: Message Filter dropping message: frame 'laser_link' at time 1487.866 for reason 'discarding message because the queue is full'
[rviz2-2] [INFO] [1773123946.524701925] [rviz2]: Message Filter dropping message: frame 'odom' at time 1486.207 for reason 'discarding message because the queue is full'
[rviz2-2] [INFO] [1773123946.556366622] [rviz2]: Message Filter dropping message: frame 'laser_link' at time 1487.896 for reason 'discarding message because the queue is full'
[rviz2-2] [INFO] [1773123946.588363098] [rviz2]: Message Filter dropping message: frame 'laser_link' at time 1487.926 for reason 'discarding message because the queue is full'
[rviz2-2] [INFO] [1773123946.620415080] [rviz2]: Message Filter dropping message: frame 'laser_link' at time 1487.956 for reason 'discarding message because the queue is full'
[rviz2-2] [INFO] [1773123946.652119432] [rviz2]: Message Filter dropping message: frame 'laser_link' at time 1487.996 for reason 'discarding message because the queue is full'
[component_container_isolated-1] [INFO] [1773123946.675324509] [global_costmap.global_costmap]: Timed out waiting for transform from base_link to map to become available, tf error: Invalid frame ID "map" passed to canTransform argument target_frame - frame does not exist
[rviz2-2] [INFO] [1773123946.684347728] [rviz2]: Message Filter dropping message: frame 'laser_link' at time 1488.026 for reason 'discarding message because the queue is full'
[rviz2-2] [INFO] [1773123946.716179321] [rviz2]: Message Filter dropping message: frame 'laser_link' at time 1488.056 for reason 'discarding message because the queue is full'
[rviz2-2] [INFO] [1773123946.716253422] [rviz2]: Message Filter dropping message: frame 'odom' at time 1486.407 for reason 'discarding message because the queue is full'
[rviz2-2] [INFO] [1773123946.748213579] [rviz2]: Message Filter dropping message: frame 'laser_link' at time 1488.086 for reason 'discarding message because the queue is full'
[rviz2-2] [INFO] [1773123946.780282082] [rviz2]: Message Filter dropping message: frame 'laser_link' at time 1488.116 for reason 'discarding message because the queue is full'
[rviz2-2] [INFO] [1773123946.812214186] [rviz2]: Message Filter dropping message: frame 'laser_link' at time 1488.156 for reason 'discarding message because the queue is full'
[rviz2-2] [INFO] [1773123946.844371066] [rviz2]: Message Filter dropping message: frame 'laser_link' at time 1488.186 for reason 'discarding message because the queue is full'
[rviz2-2] [INFO] [1773123946.876468153] [rviz2]: Message Filter dropping message: frame 'laser_link' at time 1488.216 for reason 'discarding message because the queue is full'
[rviz2-2] [INFO] [1773123946.908574648] [rviz2]: Message Filter dropping message: frame 'laser_link' at time 1488.246 for reason 'discarding message because the queue is full'
[rviz2-2] [INFO] [1773123946.940468099] [rviz2]: Message Filter dropping message: frame 'laser_link' at time 1488.276 for reason 'discarding message because the queue is full'
[rviz2-2] [INFO] [1773123946.940549654] [rviz2]: Message Filter dropping message: frame 'odom' at time 1486.607 for reason 'discarding message because the queue is full'
[rviz2-2] [INFO] [1773123946.940588447] [rviz2]: Message Filter dropping message: frame 'odom' at time 1482.538 for reason 'discarding message because the queue is full'
[rviz2-2] [INFO] [1773123946.972789351] [rviz2]: Message Filter dropping message: frame 'laser_link' at time 1488.316 for reason 'discarding message because the queue is full'
[rviz2-2] [INFO] [1773123947.004517438] [rviz2]: Message Filter dropping message: frame 'laser_link' at time 1488.346 for reason 'discarding message because the queue is full'
[rviz2-2] [INFO] [1773123947.037040061] [rviz2]: Message Filter dropping message: frame 'laser_link' at time 1488.376 for reason 'discarding message because the queue is full'
[rviz2-2] [INFO] [1773123947.068382707] [rviz2]: Message Filter dropping message: frame 'laser_link' at time 1488.406 for reason 'discarding message because the queue is full'
[rviz2-2] [INFO] [1773123947.100552341] [rviz2]: Message Filter dropping message: frame 'laser_link' at time 1488.436 for reason 'discarding message because the queue is full'
[rviz2-2] [INFO] [1773123947.132419170] [rviz2]: Message Filter dropping message: frame 'laser_link' at time 1488.476 for reason 'discarding message because the queue is full'
[rviz2-2] [INFO] [1773123947.132542544] [rviz2]: Message Filter dropping message: frame 'odom' at time 1486.807 for reason 'discarding message because the queue is full'
[rviz2-2] [INFO] [1773123947.164875317] [rviz2]: Message Filter dropping message: frame 'laser_link' at time 1488.506 for reason 'discarding message because the queue is full'
[component_container_isolated-1] [INFO] [1773123947.175329157] [global_costmap.global_costmap]: Timed out waiting for transform from base_link to map to become available, tf error: Invalid frame ID "map" passed to canTransform argument target_frame - frame does not exist
[rviz2-2] [INFO] [1773123947.196825685] [rviz2]: Message Filter dropping message: frame 'laser_link' at time 1488.536 for reason 'discarding message because the queue is full'
[rviz2-2] [INFO] [1773123947.228870682] [rviz2]: Message Filter dropping message: frame 'laser_link' at time 1488.566 for reason 'discarding message because the queue is full'
[rviz2-2] [INFO] [1773123947.260379322] [rviz2]: Message Filter dropping message: frame 'laser_link' at time 1488.596 for reason 'discarding message because the queue is full'
[rviz2-2] [INFO] [1773123947.292234209] [rviz2]: Message Filter dropping message: frame 'laser_link' at time 1488.636 for reason 'discarding message because the queue is full'
[rviz2-2] [INFO] [1773123947.324273816] [rviz2]: Message Filter dropping message: frame 'laser_link' at time 1488.666 for reason 'discarding message because the queue is full'
[rviz2-2] [INFO] [1773123947.324344350] [rviz2]: Message Filter dropping message: frame 'odom' at time 1487.007 for reason 'discarding message because the queue is full'
[rviz2-2] [INFO] [1773123947.356405348] [rviz2]: Message Filter dropping message: frame 'laser_link' at time 1488.696 for reason 'discarding message because the queue is full'
[rviz2-2] [INFO] [1773123947.388334125] [rviz2]: Message Filter dropping message: frame 'laser_link' at time 1488.726 for reason 'discarding message because the queue is full'
[rviz2-2] [INFO] [1773123947.420622754] [rviz2]: Message Filter dropping message: frame 'laser_link' at time 1488.756 for reason 'discarding message because the queue is full'
[rviz2-2] [INFO] [1773123947.452922735] [rviz2]: Message Filter dropping message: frame 'laser_link' at time 1488.796 for reason 'discarding message because the queue is full'
[rviz2-2] [INFO] [1773123947.484980286] [rviz2]: Message Filter dropping message: frame 'laser_link' at time 1488.826 for reason 'discarding message because the queue is full'
[rviz2-2] [INFO] [1773123947.516335906] [rviz2]: Message Filter dropping message: frame 'laser_link' at time 1488.856 for reason 'discarding message because the queue is full'
[rviz2-2] [INFO] [1773123947.516409235] [rviz2]: Message Filter dropping message: frame 'odom' at time 1487.207 for reason 'discarding message because the queue is full'
[rviz2-2] [INFO] [1773123947.516437969] [rviz2]: Message Filter dropping message: frame 'odom' at time 1483.138 for reason 'discarding message because the queue is full'
[rviz2-2] [INFO] [1773123947.548740765] [rviz2]: Message Filter dropping message: frame 'laser_link' at time 1488.886 for reason 'discarding message because the queue is full'
[rviz2-2] [INFO] [1773123947.580237754] [rviz2]: Message Filter dropping message: frame 'laser_link' at time 1488.916 for reason 'discarding message because the queue is full'
[rviz2-2] [INFO] [1773123947.612277682] [rviz2]: Message Filter dropping message: frame 'laser_link' at time 1488.956 for reason 'discarding message because the queue is full'
[rviz2-2] [INFO] [1773123947.644836102] [rviz2]: Message Filter dropping message: frame 'laser_link' at time 1488.986 for reason 'discarding message because the queue is full'
[component_container_isolated-1] [INFO] [1773123947.675325650] [global_costmap.global_costmap]: Timed out waiting for transform from base_link to map to become available, tf error: Invalid frame ID "map" passed to canTransform argument target_frame - frame does not exist
[rviz2-2] [INFO] [1773123947.676973745] [rviz2]: Message Filter dropping message: frame 'laser_link' at time 1489.016 for reason 'discarding message because the queue is full'
[rviz2-2] [INFO] [1773123947.708396443] [rviz2]: Message Filter dropping message: frame 'laser_link' at time 1489.046 for reason 'discarding message because the queue is full'
[rviz2-2] [INFO] [1773123947.740899939] [rviz2]: Message Filter dropping message: frame 'laser_link' at time 1489.076 for reason 'discarding message because the queue is full'
[rviz2-2] [INFO] [1773123947.741012553] [rviz2]: Message Filter dropping message: frame 'odom' at time 1487.407 for reason 'discarding message because the queue is full'
[component_container_isolated-1] [WARN] [1773123947.742325232] [amcl]: AMCL cannot publish a pose or update the transform. Please set the initial pose...
[rviz2-2] [INFO] [1773123947.772407087] [rviz2]: Message Filter dropping message: frame 'laser_link' at time 1489.116 for reason 'discarding message because the queue is full'
[rviz2-2] [INFO] [1773123947.804887450] [rviz2]: Message Filter dropping message: frame 'laser_link' at time 1489.146 for reason 'discarding message because the queue is full'
[rviz2-2] [INFO] [1773123947.836528501] [rviz2]: Message Filter dropping message: frame 'laser_link' at time 1489.176 for reason 'discarding message because the queue is full'
[rviz2-2] [INFO] [1773123947.868767045] [rviz2]: Message Filter dropping message: frame 'laser_link' at time 1489.206 for reason 'discarding message because the queue is full'
[rviz2-2] [INFO] [1773123947.900606944] [rviz2]: Message Filter dropping message: frame 'laser_link' at time 1489.236 for reason 'discarding message because the queue is full'
[rviz2-2] [INFO] [1773123947.933050356] [rviz2]: Message Filter dropping message: frame 'laser_link' at time 1489.276 for reason 'discarding message because the queue is full'
[rviz2-2] [INFO] [1773123947.933162940] [rviz2]: Message Filter dropping message: frame 'odom' at time 1487.607 for reason 'discarding message because the queue is full'
[rviz2-2] [INFO] [1773123947.964729139] [rviz2]: Message Filter dropping message: frame 'laser_link' at time 1489.306 for reason 'discarding message because the queue is full'
[rviz2-2] [INFO] [1773123947.996785498] [rviz2]: Message Filter dropping message: frame 'laser_link' at time 1489.336 for reason 'discarding message because the queue is full'
[rviz2-2] [INFO] [1773123948.028205039] [rviz2]: Message Filter dropping message: frame 'laser_link' at time 1489.366 for reason 'discarding message because the queue is full'
[rviz2-2] [INFO] [1773123948.060755824] [rviz2]: Message Filter dropping message: frame 'laser_link' at time 1489.396 for reason 'discarding message because the queue is full'
[rviz2-2] [INFO] [1773123948.092823293] [rviz2]: Message Filter dropping message: frame 'laser_link' at time 1489.436 for reason 'discarding message because the queue is full'
[rviz2-2] [INFO] [1773123948.124061851] [rviz2]: Message Filter dropping message: frame 'laser_link' at time 1489.466 for reason 'discarding message because the queue is full'
[rviz2-2] [INFO] [1773123948.124157402] [rviz2]: Message Filter dropping message: frame 'odom' at time 1487.807 for reason 'discarding message because the queue is full'
[rviz2-2] [INFO] [1773123948.124188020] [rviz2]: Message Filter dropping message: frame 'odom' at time 1483.738 for reason 'discarding message because the queue is full'
[rviz2-2] [INFO] [1773123948.156588470] [rviz2]: Message Filter dropping message: frame 'laser_link' at time 1489.496 for reason 'discarding message because the queue is full'
[component_container_isolated-1] [INFO] [1773123948.175331496] [global_costmap.global_costmap]: Timed out waiting for transform from base_link to map to become available, tf error: Invalid frame ID "map" passed to canTransform argument target_frame - frame does not exist
[rviz2-2] [INFO] [1773123948.188712687] [rviz2]: Message Filter dropping message: frame 'laser_link' at time 1489.526 for reason 'discarding message because the queue is full'
[rviz2-2] [INFO] [1773123948.220247005] [rviz2]: Message Filter dropping message: frame 'laser_link' at time 1489.556 for reason 'discarding message because the queue is full'
[rviz2-2] [INFO] [1773123948.253066169] [rviz2]: Message Filter dropping message: frame 'laser_link' at time 1489.596 for reason 'discarding message because the queue is full'
[rviz2-2] [INFO] [1773123948.284899965] [rviz2]: Message Filter dropping message: frame 'laser_link' at time 1489.626 for reason 'discarding message because the queue is full'
[rviz2-2] [INFO] [1773123948.316740304] [rviz2]: Message Filter dropping message: frame 'laser_link' at time 1489.656 for reason 'discarding message because the queue is full'
[rviz2-2] [INFO] [1773123948.316870350] [rviz2]: Message Filter dropping message: frame 'odom' at time 1488.007 for reason 'discarding message because the queue is full'
[rviz2-2] [INFO] [1773123948.348688927] [rviz2]: Message Filter dropping message: frame 'laser_link' at time 1489.686 for reason 'discarding message because the queue is full'
[rviz2-2] [INFO] [1773123948.380597114] [rviz2]: Message Filter dropping message: frame 'laser_link' at time 1489.716 for reason 'discarding message because the queue is full'
[rviz2-2] [INFO] [1773123948.412931790] [rviz2]: Message Filter dropping message: frame 'laser_link' at time 1489.756 for reason 'discarding message because the queue is full'
[rviz2-2] [INFO] [1773123948.444269926] [rviz2]: Message Filter dropping message: frame 'laser_link' at time 1489.786 for reason 'discarding message because the queue is full'
[rviz2-2] [INFO] [1773123948.476420413] [rviz2]: Message Filter dropping message: frame 'laser_link' at time 1489.816 for reason 'discarding message because the queue is full'
[rviz2-2] [INFO] [1773123948.508794733] [rviz2]: Message Filter dropping message: frame 'laser_link' at time 1489.846 for reason 'discarding message because the queue is full'
[rviz2-2] [INFO] [1773123948.540386921] [rviz2]: Message Filter dropping message: frame 'laser_link' at time 1489.876 for reason 'discarding message because the queue is full'
[rviz2-2] [INFO] [1773123948.540466552] [rviz2]: Message Filter dropping message: frame 'odom' at time 1488.207 for reason 'discarding message because the queue is full'
[rviz2-2] [INFO] [1773123948.572886540] [rviz2]: Message Filter dropping message: frame 'laser_link' at time 1489.916 for reason 'discarding message because the queue is full'
[rviz2-2] [INFO] [1773123948.604409316] [rviz2]: Message Filter dropping message: frame 'laser_link' at time 1489.946 for reason 'discarding message because the queue is full'
[rviz2-2] [INFO] [1773123948.636859060] [rviz2]: Message Filter dropping message: frame 'laser_link' at time 1489.976 for reason 'discarding message because the queue is full'
[rviz2-2] [INFO] [1773123948.669062326] [rviz2]: Message Filter dropping message: frame 'laser_link' at time 1490.006 for reason 'discarding message because the queue is full'
[component_container_isolated-1] [INFO] [1773123948.675326723] [global_costmap.global_costmap]: Timed out waiting for transform from base_link to map to become available, tf error: Invalid frame ID "map" passed to canTransform argument target_frame - frame does not exist
[rviz2-2] [INFO] [1773123948.700434266] [rviz2]: Message Filter dropping message: frame 'laser_link' at time 1490.036 for reason 'discarding message because the queue is full'
[rviz2-2] [INFO] [1773123948.733280432] [rviz2]: Message Filter dropping message: frame 'laser_link' at time 1490.076 for reason 'discarding message because the queue is full'
[rviz2-2] [INFO] [1773123948.733386202] [rviz2]: Message Filter dropping message: frame 'odom' at time 1488.407 for reason 'discarding message because the queue is full'
[rviz2-2] [INFO] [1773123948.733427050] [rviz2]: Message Filter dropping message: frame 'odom' at time 1484.338 for reason 'discarding message because the queue is full'
[rviz2-2] [INFO] [1773123948.764546541] [rviz2]: Message Filter dropping message: frame 'laser_link' at time 1490.106 for reason 'discarding message because the queue is full'
[rviz2-2] [INFO] [1773123948.796161002] [rviz2]: Message Filter dropping message: frame 'laser_link' at time 1490.136 for reason 'discarding message because the queue is full'
[rviz2-2] [INFO] [1773123948.828250532] [rviz2]: Message Filter dropping message: frame 'laser_link' at time 1490.166 for reason 'discarding message because the queue is full'
[rviz2-2] [INFO] [1773123948.860986619] [rviz2]: Message Filter dropping message: frame 'laser_link' at time 1490.196 for reason 'discarding message because the queue is full'
[rviz2-2] [INFO] [1773123948.892857125] [rviz2]: Message Filter dropping message: frame 'laser_link' at time 1490.236 for reason 'discarding message because the queue is full'
[rviz2-2] [INFO] [1773123948.924385892] [rviz2]: Message Filter dropping message: frame 'laser_link' at time 1490.266 for reason 'discarding message because the queue is full'
[rviz2-2] [INFO] [1773123948.924468569] [rviz2]: Message Filter dropping message: frame 'odom' at time 1488.607 for reason 'discarding message because the queue is full'
[rviz2-2] [INFO] [1773123948.956899137] [rviz2]: Message Filter dropping message: frame 'laser_link' at time 1490.296 for reason 'discarding message because the queue is full'
[rviz2-2] [INFO] [1773123948.989065994] [rviz2]: Message Filter dropping message: frame 'laser_link' at time 1490.326 for reason 'discarding message because the queue is full'
[rviz2-2] [INFO] [1773123949.020619929] [rviz2]: Message Filter dropping message: frame 'laser_link' at time 1490.356 for reason 'discarding message because the queue is full'
[rviz2-2] [INFO] [1773123949.052121023] [rviz2]: Message Filter dropping message: frame 'laser_link' at time 1490.396 for reason 'discarding message because the queue is full'
[rviz2-2] [INFO] [1773123949.084460647] [rviz2]: Message Filter dropping message: frame 'laser_link' at time 1490.426 for reason 'discarding message because the queue is full'
[rviz2-2] [INFO] [1773123949.116578581] [rviz2]: Message Filter dropping message: frame 'laser_link' at time 1490.456 for reason 'discarding message because the queue is full'
[rviz2-2] [INFO] [1773123949.116703197] [rviz2]: Message Filter dropping message: frame 'odom' at time 1488.807 for reason 'discarding message because the queue is full'
[rviz2-2] [INFO] [1773123949.148415402] [rviz2]: Message Filter dropping message: frame 'laser_link' at time 1490.486 for reason 'discarding message because the queue is full'
[component_container_isolated-1] [INFO] [1773123949.175335471] [global_costmap.global_costmap]: Timed out waiting for transform from base_link to map to become available, tf error: Invalid frame ID "map" passed to canTransform argument target_frame - frame does not exist
[rviz2-2] [INFO] [1773123949.180457752] [rviz2]: Message Filter dropping message: frame 'laser_link' at time 1490.516 for reason 'discarding message because the queue is full'
[rviz2-2] [INFO] [1773123949.212604531] [rviz2]: Message Filter dropping message: frame 'laser_link' at time 1490.556 for reason 'discarding message because the queue is full'
[rviz2-2] [INFO] [1773123949.244169607] [rviz2]: Message Filter dropping message: frame 'laser_link' at time 1490.586 for reason 'discarding message because the queue is full'
[rviz2-2] [INFO] [1773123949.276485616] [rviz2]: Message Filter dropping message: frame 'laser_link' at time 1490.616 for reason 'discarding message because the queue is full'
[rviz2-2] [INFO] [1773123949.308931742] [rviz2]: Message Filter dropping message: frame 'laser_link' at time 1490.646 for reason 'discarding message because the queue is full'
[rviz2-2] [INFO] [1773123949.340562392] [rviz2]: Message Filter dropping message: frame 'laser_link' at time 1490.676 for reason 'discarding message because the queue is full'
[rviz2-2] [INFO] [1773123949.340646842] [rviz2]: Message Filter dropping message: frame 'odom' at time 1489.007 for reason 'discarding message because the queue is full'
[rviz2-2] [INFO] [1773123949.340679163] [rviz2]: Message Filter dropping message: frame 'odom' at time 1484.938 for reason 'discarding message because the queue is full'
[rviz2-2] [INFO] [1773123949.373153463] [rviz2]: Message Filter dropping message: frame 'laser_link' at time 1490.706 for reason 'discarding message because the queue is full'
[rviz2-2] [INFO] [1773123949.404674415] [rviz2]: Message Filter dropping message: frame 'laser_link' at time 1490.746 for reason 'discarding message because the queue is full'
[rviz2-2] [INFO] [1773123949.436345641] [rviz2]: Message Filter dropping message: frame 'laser_link' at time 1490.776 for reason 'discarding message because the queue is full'
[rviz2-2] [INFO] [1773123949.469029849] [rviz2]: Message Filter dropping message: frame 'laser_link' at time 1490.806 for reason 'discarding message because the queue is full'
[rviz2-2] [INFO] [1773123949.500410675] [rviz2]: Message Filter dropping message: frame 'laser_link' at time 1490.836 for reason 'discarding message because the queue is full'
[rviz2-2] [INFO] [1773123949.532780857] [rviz2]: Message Filter dropping message: frame 'laser_link' at time 1490.876 for reason 'discarding message because the queue is full'
[rviz2-2] [INFO] [1773123949.533011555] [rviz2]: Message Filter dropping message: frame 'odom' at time 1489.207 for reason 'discarding message because the queue is full'
[rviz2-2] [INFO] [1773123949.564655390] [rviz2]: Message Filter dropping message: frame 'laser_link' at time 1490.906 for reason 'discarding message because the queue is full'
[rviz2-2] [INFO] [1773123949.596363526] [rviz2]: Message Filter dropping message: frame 'laser_link' at time 1490.936 for reason 'discarding message because the queue is full'
[rviz2-2] [INFO] [1773123949.628711957] [rviz2]: Message Filter dropping message: frame 'laser_link' at time 1490.966 for reason 'discarding message because the queue is full'
[rviz2-2] [INFO] [1773123949.660536254] [rviz2]: Message Filter dropping message: frame 'laser_link' at time 1490.996 for reason 'discarding message because the queue is full'
[component_container_isolated-1] [INFO] [1773123949.675324562] [global_costmap.global_costmap]: Timed out waiting for transform from base_link to map to become available, tf error: Invalid frame ID "map" passed to canTransform argument target_frame - frame does not exist
[rviz2-2] [INFO] [1773123949.692539270] [rviz2]: Message Filter dropping message: frame 'laser_link' at time 1491.036 for reason 'discarding message because the queue is full'
[rviz2-2] [INFO] [1773123949.724460621] [rviz2]: Message Filter dropping message: frame 'laser_link' at time 1491.066 for reason 'discarding message because the queue is full'
[rviz2-2] [INFO] [1773123949.724529973] [rviz2]: Message Filter dropping message: frame 'odom' at time 1489.407 for reason 'discarding message because the queue is full'
[rviz2-2] [INFO] [1773123949.756556994] [rviz2]: Message Filter dropping message: frame 'laser_link' at time 1491.096 for reason 'discarding message because the queue is full'
[rviz2-2] [INFO] [1773123949.788549400] [rviz2]: Message Filter dropping message: frame 'laser_link' at time 1491.126 for reason 'discarding message because the queue is full'
[rviz2-2] [INFO] [1773123949.820532157] [rviz2]: Message Filter dropping message: frame 'laser_link' at time 1491.156 for reason 'discarding message because the queue is full'
[component_container_isolated-1] [WARN] [1773123949.843515983] [amcl]: AMCL cannot publish a pose or update the transform. Please set the initial pose...
[rviz2-2] [INFO] [1773123949.852597672] [rviz2]: Message Filter dropping message: frame 'laser_link' at time 1491.196 for reason 'discarding message because the queue is full'
[rviz2-2] [INFO] [1773123949.884444041] [rviz2]: Message Filter dropping message: frame 'laser_link' at time 1491.226 for reason 'discarding message because the queue is full'
[rviz2-2] [INFO] [1773123949.916430996] [rviz2]: Message Filter dropping message: frame 'laser_link' at time 1491.256 for reason 'discarding message because the queue is full'
[rviz2-2] [INFO] [1773123949.916501079] [rviz2]: Message Filter dropping message: frame 'odom' at time 1489.607 for reason 'discarding message because the queue is full'
[rviz2-2] [INFO] [1773123949.916530876] [rviz2]: Message Filter dropping message: frame 'odom' at time 1485.538 for reason 'discarding message because the queue is full'
[rviz2-2] [INFO] [1773123949.948667324] [rviz2]: Message Filter dropping message: frame 'laser_link' at time 1491.286 for reason 'discarding message because the queue is full'
[rviz2-2] [INFO] [1773123949.980611389] [rviz2]: Message Filter dropping message: frame 'laser_link' at time 1491.316 for reason 'discarding message because the queue is full'
[rviz2-2] [INFO] [1773123950.012546365] [rviz2]: Message Filter dropping message: frame 'laser_link' at time 1491.356 for reason 'discarding message because the queue is full'
[rviz2-2] [INFO] [1773123950.044622829] [rviz2]: Message Filter dropping message: frame 'laser_link' at time 1491.386 for reason 'discarding message because the queue is full'
[rviz2-2] [INFO] [1773123950.076096852] [rviz2]: Message Filter dropping message: frame 'laser_link' at time 1491.416 for reason 'discarding message because the queue is full'
[rviz2-2] [INFO] [1773123950.108739449] [rviz2]: Message Filter dropping message: frame 'laser_link' at time 1491.446 for reason 'discarding message because the queue is full'
[rviz2-2] [INFO] [1773123950.140235483] [rviz2]: Message Filter dropping message: frame 'laser_link' at time 1491.476 for reason 'discarding message because the queue is full'
[rviz2-2] [INFO] [1773123950.140323279] [rviz2]: Message Filter dropping message: frame 'odom' at time 1489.807 for reason 'discarding message because the queue is full'
[rviz2-2] [INFO] [1773123950.172388222] [rviz2]: Message Filter dropping message: frame 'laser_link' at time 1491.506 for reason 'discarding message because the queue is full'
[component_container_isolated-1] [INFO] [1773123950.175324168] [global_costmap.global_costmap]: Timed out waiting for transform from base_link to map to become available, tf error: Invalid frame ID "map" passed to canTransform argument target_frame - frame does not exist
[rviz2-2] [INFO] [1773123950.204954545] [rviz2]: Message Filter dropping message: frame 'laser_link' at time 1491.546 for reason 'discarding message because the queue is full'
[rviz2-2] [INFO] [1773123950.236917965] [rviz2]: Message Filter dropping message: frame 'laser_link' at time 1491.576 for reason 'discarding message because the queue is full'
[rviz2-2] [INFO] [1773123950.268572078] [rviz2]: Message Filter dropping message: frame 'laser_link' at time 1491.606 for reason 'discarding message because the queue is full'
[rviz2-2] [INFO] [1773123950.300579321] [rviz2]: Message Filter dropping message: frame 'laser_link' at time 1491.636 for reason 'discarding message because the queue is full'
[rviz2-2] [INFO] [1773123950.332599369] [rviz2]: Message Filter dropping message: frame 'laser_link' at time 1491.666 for reason 'discarding message because the queue is full'
[rviz2-2] [INFO] [1773123950.332685903] [rviz2]: Message Filter dropping message: frame 'odom' at time 1490.007 for reason 'discarding message because the queue is full'
[rviz2-2] [INFO] [1773123950.364798756] [rviz2]: Message Filter dropping message: frame 'laser_link' at time 1491.706 for reason 'discarding message because the queue is full'
[rviz2-2] [INFO] [1773123950.396498326] [rviz2]: Message Filter dropping message: frame 'laser_link' at time 1491.736 for reason 'discarding message because the queue is full'
[rviz2-2] [INFO] [1773123950.428436197] [rviz2]: Message Filter dropping message: frame 'laser_link' at time 1491.766 for reason 'discarding message because the queue is full'
[rviz2-2] [INFO] [1773123950.460494898] [rviz2]: Message Filter dropping message: frame 'laser_link' at time 1491.796 for reason 'discarding message because the queue is full'
[rviz2-2] [INFO] [1773123950.492356425] [rviz2]: Message Filter dropping message: frame 'laser_link' at time 1491.826 for reason 'discarding message because the queue is full'
[rviz2-2] [INFO] [1773123950.524399916] [rviz2]: Message Filter dropping message: frame 'laser_link' at time 1491.866 for reason 'discarding message because the queue is full'
[rviz2-2] [INFO] [1773123950.524467575] [rviz2]: Message Filter dropping message: frame 'odom' at time 1490.207 for reason 'discarding message because the queue is full'
[rviz2-2] [INFO] [1773123950.524496610] [rviz2]: Message Filter dropping message: frame 'odom' at time 1486.138 for reason 'discarding message because the queue is full'
[rviz2-2] [INFO] [1773123950.556508542] [rviz2]: Message Filter dropping message: frame 'laser_link' at time 1491.896 for reason 'discarding message because the queue is full'
[rviz2-2] [INFO] [1773123950.588665960] [rviz2]: Message Filter dropping message: frame 'laser_link' at time 1491.926 for reason 'discarding message because the queue is full'
[rviz2-2] [INFO] [1773123950.620773803] [rviz2]: Message Filter dropping message: frame 'laser_link' at time 1491.956 for reason 'discarding message because the queue is full'
[rviz2-2] [INFO] [1773123950.652811795] [rviz2]: Message Filter dropping message: frame 'laser_link' at time 1491.986 for reason 'discarding message because the queue is full'
[component_container_isolated-1] [INFO] [1773123950.675325619] [global_costmap.global_costmap]: Timed out waiting for transform from base_link to map to become available, tf error: Invalid frame ID "map" passed to canTransform argument target_frame - frame does not exist
[rviz2-2] [INFO] [1773123950.684757180] [rviz2]: Message Filter dropping message: frame 'laser_link' at time 1492.026 for reason 'discarding message because the queue is full'
[rviz2-2] [INFO] [1773123950.716868691] [rviz2]: Message Filter dropping message: frame 'laser_link' at time 1492.056 for reason 'discarding message because the queue is full'
[rviz2-2] [INFO] [1773123950.716962299] [rviz2]: Message Filter dropping message: frame 'odom' at time 1490.407 for reason 'discarding message because the queue is full'
[rviz2-2] [INFO] [1773123950.749536316] [rviz2]: Message Filter dropping message: frame 'laser_link' at time 1492.086 for reason 'discarding message because the queue is full'
[rviz2-2] [INFO] [1773123950.780795801] [rviz2]: Message Filter dropping message: frame 'laser_link' at time 1492.116 for reason 'discarding message because the queue is full'
[rviz2-2] [INFO] [1773123950.812545466] [rviz2]: Message Filter dropping message: frame 'laser_link' at time 1492.146 for reason 'discarding message because the queue is full'
[rviz2-2] [INFO] [1773123950.844505951] [rviz2]: Message Filter dropping message: frame 'laser_link' at time 1492.186 for reason 'discarding message because the queue is full'
[rviz2-2] [INFO] [1773123950.876557918] [rviz2]: Message Filter dropping message: frame 'laser_link' at time 1492.216 for reason 'discarding message because the queue is full'
[rviz2-2] [INFO] [1773123950.908601490] [rviz2]: Message Filter dropping message: frame 'laser_link' at time 1492.246 for reason 'discarding message because the queue is full'
[rviz2-2] [INFO] [1773123950.940381483] [rviz2]: Message Filter dropping message: frame 'laser_link' at time 1492.276 for reason 'discarding message because the queue is full'
[rviz2-2] [INFO] [1773123950.940464370] [rviz2]: Message Filter dropping message: frame 'odom' at time 1490.607 for reason 'discarding message because the queue is full'
[rviz2-2] [INFO] [1773123950.972323772] [rviz2]: Message Filter dropping message: frame 'laser_link' at time 1492.306 for reason 'discarding message because the queue is full'
[rviz2-2] [INFO] [1773123951.004878754] [rviz2]: Message Filter dropping message: frame 'laser_link' at time 1492.346 for reason 'discarding message because the queue is full'
[rviz2-2] [INFO] [1773123951.036185819] [rviz2]: Message Filter dropping message: frame 'laser_link' at time 1492.376 for reason 'discarding message because the queue is full'
[rviz2-2] [INFO] [1773123951.068712285] [rviz2]: Message Filter dropping message: frame 'laser_link' at time 1492.406 for reason 'discarding message because the queue is full'
[rviz2-2] [INFO] [1773123951.100862098] [rviz2]: Message Filter dropping message: frame 'laser_link' at time 1492.436 for reason 'discarding message because the queue is full'
[rviz2-2] [INFO] [1773123951.132892013] [rviz2]: Message Filter dropping message: frame 'laser_link' at time 1492.466 for reason 'discarding message because the queue is full'
[rviz2-2] [INFO] [1773123951.132982925] [rviz2]: Message Filter dropping message: frame 'odom' at time 1490.807 for reason 'discarding message because the queue is full'
[rviz2-2] [INFO] [1773123951.133025255] [rviz2]: Message Filter dropping message: frame 'odom' at time 1486.738 for reason 'discarding message because the queue is full'
[rviz2-2] [INFO] [1773123951.164774138] [rviz2]: Message Filter dropping message: frame 'laser_link' at time 1492.506 for reason 'discarding message because the queue is full'
[component_container_isolated-1] [INFO] [1773123951.175334950] [global_costmap.global_costmap]: Timed out waiting for transform from base_link to map to become available, tf error: Invalid frame ID "map" passed to canTransform argument target_frame - frame does not exist
[rviz2-2] [INFO] [1773123951.196610045] [rviz2]: Message Filter dropping message: frame 'laser_link' at time 1492.536 for reason 'discarding message because the queue is full'
[rviz2-2] [INFO] [1773123951.228387161] [rviz2]: Message Filter dropping message: frame 'laser_link' at time 1492.566 for reason 'discarding message because the queue is full'
[rviz2-2] [INFO] [1773123951.261195271] [rviz2]: Message Filter dropping message: frame 'laser_link' at time 1492.596 for reason 'discarding message because the queue is full'
[rviz2-2] [INFO] [1773123951.292326563] [rviz2]: Message Filter dropping message: frame 'laser_link' at time 1492.626 for reason 'discarding message because the queue is full'
[rviz2-2] [INFO] [1773123951.324714216] [rviz2]: Message Filter dropping message: frame 'laser_link' at time 1492.666 for reason 'discarding message because the queue is full'
[rviz2-2] [INFO] [1773123951.324780532] [rviz2]: Message Filter dropping message: frame 'odom' at time 1491.007 for reason 'discarding message because the queue is full'
[rviz2-2] [INFO] [1773123951.356442329] [rviz2]: Message Filter dropping message: frame 'laser_link' at time 1492.696 for reason 'discarding message because the queue is full'
[rviz2-2] [INFO] [1773123951.388821537] [rviz2]: Message Filter dropping message: frame 'laser_link' at time 1492.726 for reason 'discarding message because the queue is full'
[rviz2-2] [INFO] [1773123951.421069475] [rviz2]: Message Filter dropping message: frame 'laser_link' at time 1492.756 for reason 'discarding message because the queue is full'
[rviz2-2] [INFO] [1773123951.452768383] [rviz2]: Message Filter dropping message: frame 'laser_link' at time 1492.786 for reason 'discarding message because the queue is full'
[rviz2-2] [INFO] [1773123951.484787036] [rviz2]: Message Filter dropping message: frame 'laser_link' at time 1492.826 for reason 'discarding message because the queue is full'
[rviz2-2] [INFO] [1773123951.516887195] [rviz2]: Message Filter dropping message: frame 'laser_link' at time 1492.856 for reason 'discarding message because the queue is full'
[rviz2-2] [INFO] [1773123951.516980872] [rviz2]: Message Filter dropping message: frame 'odom' at time 1491.207 for reason 'discarding message because the queue is full'
[rviz2-2] [INFO] [1773123951.548457709] [rviz2]: Message Filter dropping message: frame 'laser_link' at time 1492.886 for reason 'discarding message because the queue is full'
[rviz2-2] [INFO] [1773123951.580774087] [rviz2]: Message Filter dropping message: frame 'laser_link' at time 1492.916 for reason 'discarding message because the queue is full'
[rviz2-2] [INFO] [1773123951.612408973] [rviz2]: Message Filter dropping message: frame 'laser_link' at time 1492.946 for reason 'discarding message because the queue is full'
[rviz2-2] [INFO] [1773123951.645152020] [rviz2]: Message Filter dropping message: frame 'laser_link' at time 1492.986 for reason 'discarding message because the queue is full'
[component_container_isolated-1] [INFO] [1773123951.675322791] [global_costmap.global_costmap]: Timed out waiting for transform from base_link to map to become available, tf error: Invalid frame ID "map" passed to canTransform argument target_frame - frame does not exist
[rviz2-2] [INFO] [1773123951.676285316] [rviz2]: Message Filter dropping message: frame 'laser_link' at time 1493.016 for reason 'discarding message because the queue is full'
[rviz2-2] [INFO] [1773123951.708853582] [rviz2]: Message Filter dropping message: frame 'laser_link' at time 1493.046 for reason 'discarding message because the queue is full'
[rviz2-2] [INFO] [1773123951.740499819] [rviz2]: Message Filter dropping message: frame 'laser_link' at time 1493.076 for reason 'discarding message because the queue is full'
[rviz2-2] [INFO] [1773123951.740594128] [rviz2]: Message Filter dropping message: frame 'odom' at time 1491.407 for reason 'discarding message because the queue is full'
[rviz2-2] [INFO] [1773123951.740629155] [rviz2]: Message Filter dropping message: frame 'odom' at time 1487.338 for reason 'discarding message because the queue is full'
[rviz2-2] [INFO] [1773123951.772733952] [rviz2]: Message Filter dropping message: frame 'laser_link' at time 1493.106 for reason 'discarding message because the queue is full'
[rviz2-2] [INFO] [1773123951.804519313] [rviz2]: Message Filter dropping message: frame 'laser_link' at time 1493.146 for reason 'discarding message because the queue is full'
[rviz2-2] [INFO] [1773123951.837056730] [rviz2]: Message Filter dropping message: frame 'laser_link' at time 1493.176 for reason 'discarding message because the queue is full'
[rviz2-2] [INFO] [1773123951.869058382] [rviz2]: Message Filter dropping message: frame 'laser_link' at time 1493.206 for reason 'discarding message because the queue is full'
[rviz2-2] [INFO] [1773123951.900560717] [rviz2]: Message Filter dropping message: frame 'laser_link' at time 1493.236 for reason 'discarding message because the queue is full'
[rviz2-2] [INFO] [1773123951.933254901] [rviz2]: Message Filter dropping message: frame 'laser_link' at time 1493.266 for reason 'discarding message because the queue is full'
[rviz2-2] [INFO] [1773123951.933429272] [rviz2]: Message Filter dropping message: frame 'odom' at time 1491.607 for reason 'discarding message because the queue is full'
[component_container_isolated-1] [WARN] [1773123951.945080051] [amcl]: AMCL cannot publish a pose or update the transform. Please set the initial pose...
[rviz2-2] [INFO] [1773123951.965136505] [rviz2]: Message Filter dropping message: frame 'laser_link' at time 1493.306 for reason 'discarding message because the queue is full'
[rviz2-2] [INFO] [1773123951.996566964] [rviz2]: Message Filter dropping message: frame 'laser_link' at time 1493.336 for reason 'discarding message because the queue is full'
[rviz2-2] [INFO] [1773123952.028532286] [rviz2]: Message Filter dropping message: frame 'laser_link' at time 1493.366 for reason 'discarding message because the queue is full'
[rviz2-2] [INFO] [1773123952.060532364] [rviz2]: Message Filter dropping message: frame 'laser_link' at time 1493.396 for reason 'discarding message because the queue is full'
[rviz2-2] [INFO] [1773123952.092441589] [rviz2]: Message Filter dropping message: frame 'laser_link' at time 1493.426 for reason 'discarding message because the queue is full'
[rviz2-2] [INFO] [1773123952.124594156] [rviz2]: Message Filter dropping message: frame 'laser_link' at time 1493.466 for reason 'discarding message because the queue is full'
[rviz2-2] [INFO] [1773123952.124700999] [rviz2]: Message Filter dropping message: frame 'odom' at time 1491.807 for reason 'discarding message because the queue is full'
[rviz2-2] [INFO] [1773123952.156558446] [rviz2]: Message Filter dropping message: frame 'laser_link' at time 1493.496 for reason 'discarding message because the queue is full'
[component_container_isolated-1] [INFO] [1773123952.175324263] [global_costmap.global_costmap]: Timed out waiting for transform from base_link to map to become available, tf error: Invalid frame ID "map" passed to canTransform argument target_frame - frame does not exist
[rviz2-2] [INFO] [1773123952.188491967] [rviz2]: Message Filter dropping message: frame 'laser_link' at time 1493.526 for reason 'discarding message because the queue is full'
[rviz2-2] [INFO] [1773123952.220518395] [rviz2]: Message Filter dropping message: frame 'laser_link' at time 1493.556 for reason 'discarding message because the queue is full'
[rviz2-2] [INFO] [1773123952.252578436] [rviz2]: Message Filter dropping message: frame 'laser_link' at time 1493.586 for reason 'discarding message because the queue is full'
[rviz2-2] [INFO] [1773123952.284986878] [rviz2]: Message Filter dropping message: frame 'laser_link' at time 1493.626 for reason 'discarding message because the queue is full'
[rviz2-2] [INFO] [1773123952.316978570] [rviz2]: Message Filter dropping message: frame 'laser_link' at time 1493.656 for reason 'discarding message because the queue is full'
[rviz2-2] [INFO] [1773123952.317111041] [rviz2]: Message Filter dropping message: frame 'odom' at time 1492.007 for reason 'discarding message because the queue is full'
[rviz2-2] [INFO] [1773123952.317163020] [rviz2]: Message Filter dropping message: frame 'odom' at time 1487.938 for reason 'discarding message because the queue is full'
[rviz2-2] [INFO] [1773123952.348658380] [rviz2]: Message Filter dropping message: frame 'laser_link' at time 1493.686 for reason 'discarding message because the queue is full'
[rviz2-2] [INFO] [1773123952.380523302] [rviz2]: Message Filter dropping message: frame 'laser_link' at time 1493.716 for reason 'discarding message because the queue is full'
[rviz2-2] [INFO] [1773123952.412493172] [rviz2]: Message Filter dropping message: frame 'laser_link' at time 1493.746 for reason 'discarding message because the queue is full'
[rviz2-2] [INFO] [1773123952.444794391] [rviz2]: Message Filter dropping message: frame 'laser_link' at time 1493.786 for reason 'discarding message because the queue is full'
[rviz2-2] [INFO] [1773123952.476381446] [rviz2]: Message Filter dropping message: frame 'laser_link' at time 1493.816 for reason 'discarding message because the queue is full'
[rviz2-2] [INFO] [1773123952.508677064] [rviz2]: Message Filter dropping message: frame 'laser_link' at time 1493.846 for reason 'discarding message because the queue is full'
[rviz2-2] [INFO] [1773123952.540669346] [rviz2]: Message Filter dropping message: frame 'laser_link' at time 1493.876 for reason 'discarding message because the queue is full'
[rviz2-2] [INFO] [1773123952.540885136] [rviz2]: Message Filter dropping message: frame 'odom' at time 1492.207 for reason 'discarding message because the queue is full'
[rviz2-2] [INFO] [1773123952.573049074] [rviz2]: Message Filter dropping message: frame 'laser_link' at time 1493.906 for reason 'discarding message because the queue is full'
[rviz2-2] [INFO] [1773123952.604769441] [rviz2]: Message Filter dropping message: frame 'laser_link' at time 1493.946 for reason 'discarding message because the queue is full'
[rviz2-2] [INFO] [1773123952.637006268] [rviz2]: Message Filter dropping message: frame 'laser_link' at time 1493.976 for reason 'discarding message because the queue is full'
[rviz2-2] [INFO] [1773123952.669179574] [rviz2]: Message Filter dropping message: frame 'laser_link' at time 1494.006 for reason 'discarding message because the queue is full'
[component_container_isolated-1] [INFO] [1773123952.675325085] [global_costmap.global_costmap]: Timed out waiting for transform from base_link to map to become available, tf error: Invalid frame ID "map" passed to canTransform argument target_frame - frame does not exist
[rviz2-2] [INFO] [1773123952.700922965] [rviz2]: Message Filter dropping message: frame 'laser_link' at time 1494.036 for reason 'discarding message because the queue is full'
[rviz2-2] [INFO] [1773123952.732983197] [rviz2]: Message Filter dropping message: frame 'laser_link' at time 1494.066 for reason 'discarding message because the queue is full'
[rviz2-2] [INFO] [1773123952.733135015] [rviz2]: Message Filter dropping message: frame 'odom' at time 1492.407 for reason 'discarding message because the queue is full'
[rviz2-2] [INFO] [1773123952.765373404] [rviz2]: Message Filter dropping message: frame 'laser_link' at time 1494.106 for reason 'discarding message because the queue is full'
[rviz2-2] [INFO] [1773123952.796893161] [rviz2]: Message Filter dropping message: frame 'laser_link' at time 1494.136 for reason 'discarding message because the queue is full'
[rviz2-2] [INFO] [1773123952.829222333] [rviz2]: Message Filter dropping message: frame 'laser_link' at time 1494.166 for reason 'discarding message because the queue is full'
[rviz2-2] [INFO] [1773123952.860397336] [rviz2]: Message Filter dropping message: frame 'laser_link' at time 1494.196 for reason 'discarding message because the queue is full'
[rviz2-2] [INFO] [1773123952.892694998] [rviz2]: Message Filter dropping message: frame 'laser_link' at time 1494.226 for reason 'discarding message because the queue is full'
[rviz2-2] [INFO] [1773123952.925150489] [rviz2]: Message Filter dropping message: frame 'laser_link' at time 1494.266 for reason 'discarding message because the queue is full'
[rviz2-2] [INFO] [1773123952.925263894] [rviz2]: Message Filter dropping message: frame 'odom' at time 1492.607 for reason 'discarding message because the queue is full'
[rviz2-2] [INFO] [1773123952.925373161] [rviz2]: Message Filter dropping message: frame 'odom' at time 1488.538 for reason 'discarding message because the queue is full'
[rviz2-2] [INFO] [1773123952.957352971] [rviz2]: Message Filter dropping message: frame 'laser_link' at time 1494.296 for reason 'discarding message because the queue is full'
[rviz2-2] [INFO] [1773123952.988567820] [rviz2]: Message Filter dropping message: frame 'laser_link' at time 1494.326 for reason 'discarding message because the queue is full'
[rviz2-2] [INFO] [1773123953.020780310] [rviz2]: Message Filter dropping message: frame 'laser_link' at time 1494.356 for reason 'discarding message because the queue is full'
[rviz2-2] [INFO] [1773123953.053138285] [rviz2]: Message Filter dropping message: frame 'laser_link' at time 1494.386 for reason 'discarding message because the queue is full'
[rviz2-2] [INFO] [1773123953.085005951] [rviz2]: Message Filter dropping message: frame 'laser_link' at time 1494.426 for reason 'discarding message because the queue is full'
[rviz2-2] [INFO] [1773123953.116980359] [rviz2]: Message Filter dropping message: frame 'laser_link' at time 1494.456 for reason 'discarding message because the queue is full'
[rviz2-2] [INFO] [1773123953.117063386] [rviz2]: Message Filter dropping message: frame 'odom' at time 1492.807 for reason 'discarding message because the queue is full'
[rviz2-2] [INFO] [1773123953.149045779] [rviz2]: Message Filter dropping message: frame 'laser_link' at time 1494.486 for reason 'discarding message because the queue is full'
[component_container_isolated-1] [INFO] [1773123953.175338937] [global_costmap.global_costmap]: Timed out waiting for transform from base_link to map to become available, tf error: Invalid frame ID "map" passed to canTransform argument target_frame - frame does not exist
[rviz2-2] [INFO] [1773123953.181003967] [rviz2]: Message Filter dropping message: frame 'laser_link' at time 1494.516 for reason 'discarding message because the queue is full'
[rviz2-2] [INFO] [1773123953.212555974] [rviz2]: Message Filter dropping message: frame 'laser_link' at time 1494.546 for reason 'discarding message because the queue is full'
[rviz2-2] [INFO] [1773123953.245235660] [rviz2]: Message Filter dropping message: frame 'laser_link' at time 1494.586 for reason 'discarding message because the queue is full'
[rviz2-2] [INFO] [1773123953.276724457] [rviz2]: Message Filter dropping message: frame 'laser_link' at time 1494.616 for reason 'discarding message because the queue is full'
[rviz2-2] [INFO] [1773123953.308642979] [rviz2]: Message Filter dropping message: frame 'laser_link' at time 1494.646 for reason 'discarding message because the queue is full'
[rviz2-2] [INFO] [1773123953.340989232] [rviz2]: Message Filter dropping message: frame 'laser_link' at time 1494.676 for reason 'discarding message because the queue is full'
[rviz2-2] [INFO] [1773123953.341075145] [rviz2]: Message Filter dropping message: frame 'odom' at time 1493.007 for reason 'discarding message because the queue is full'
[rviz2-2] [INFO] [1773123953.372916221] [rviz2]: Message Filter dropping message: frame 'laser_link' at time 1494.706 for reason 'discarding message because the queue is full'
[rviz2-2] [INFO] [1773123953.405317578] [rviz2]: Message Filter dropping message: frame 'laser_link' at time 1494.746 for reason 'discarding message because the queue is full'
[rviz2-2] [INFO] [1773123953.436912747] [rviz2]: Message Filter dropping message: frame 'laser_link' at time 1494.776 for reason 'discarding message because the queue is full'
[rviz2-2] [INFO] [1773123953.468838193] [rviz2]: Message Filter dropping message: frame 'laser_link' at time 1494.806 for reason 'discarding message because the queue is full'
[rviz2-2] [INFO] [1773123953.501049189] [rviz2]: Message Filter dropping message: frame 'laser_link' at time 1494.836 for reason 'discarding message because the queue is full'
[rviz2-2] [INFO] [1773123953.533272449] [rviz2]: Message Filter dropping message: frame 'laser_link' at time 1494.866 for reason 'discarding message because the queue is full'
[rviz2-2] [INFO] [1773123953.533368191] [rviz2]: Message Filter dropping message: frame 'odom' at time 1493.207 for reason 'discarding message because the queue is full'
[rviz2-2] [INFO] [1773123953.533404890] [rviz2]: Message Filter dropping message: frame 'odom' at time 1489.138 for reason 'discarding message because the queue is full'
[rviz2-2] [INFO] [1773123953.565990197] [rviz2]: Message Filter dropping message: frame 'laser_link' at time 1494.906 for reason 'discarding message because the queue is full'
[rviz2-2] [INFO] [1773123953.596708463] [rviz2]: Message Filter dropping message: frame 'laser_link' at time 1494.936 for reason 'discarding message because the queue is full'
[rviz2-2] [INFO] [1773123953.628860378] [rviz2]: Message Filter dropping message: frame 'laser_link' at time 1494.966 for reason 'discarding message because the queue is full'
[rviz2-2] [INFO] [1773123953.661115719] [rviz2]: Message Filter dropping message: frame 'laser_link' at time 1494.996 for reason 'discarding message because the queue is full'
[component_container_isolated-1] [INFO] [1773123953.675366155] [global_costmap.global_costmap]: Timed out waiting for transform from base_link to map to become available, tf error: Invalid frame ID "map" passed to canTransform argument target_frame - frame does not exist
[rviz2-2] [INFO] [1773123953.692858528] [rviz2]: Message Filter dropping message: frame 'laser_link' at time 1495.026 for reason 'discarding message because the queue is full'
[rviz2-2] [INFO] [1773123953.724847644] [rviz2]: Message Filter dropping message: frame 'laser_link' at time 1495.066 for reason 'discarding message because the queue is full'
[rviz2-2] [INFO] [1773123953.724962872] [rviz2]: Message Filter dropping message: frame 'odom' at time 1493.407 for reason 'discarding message because the queue is full'
[rviz2-2] [INFO] [1773123953.757104457] [rviz2]: Message Filter dropping message: frame 'laser_link' at time 1495.096 for reason 'discarding message because the queue is full'
[rviz2-2] [INFO] [1773123953.789176952] [rviz2]: Message Filter dropping message: frame 'laser_link' at time 1495.126 for reason 'discarding message because the queue is full'
[rviz2-2] [INFO] [1773123953.820767522] [rviz2]: Message Filter dropping message: frame 'laser_link' at time 1495.156 for reason 'discarding message because the queue is full'
[rviz2-2] [INFO] [1773123953.852257051] [rviz2]: Message Filter dropping message: frame 'laser_link' at time 1495.186 for reason 'discarding message because the queue is full'
[rviz2-2] [INFO] [1773123953.884244083] [rviz2]: Message Filter dropping message: frame 'laser_link' at time 1495.226 for reason 'discarding message because the queue is full'
[rviz2-2] [INFO] [1773123953.917048284] [rviz2]: Message Filter dropping message: frame 'laser_link' at time 1495.256 for reason 'discarding message because the queue is full'
[rviz2-2] [INFO] [1773123953.917142683] [rviz2]: Message Filter dropping message: frame 'odom' at time 1493.607 for reason 'discarding message because the queue is full'
[rviz2-2] [INFO] [1773123953.949087165] [rviz2]: Message Filter dropping message: frame 'laser_link' at time 1495.286 for reason 'discarding message because the queue is full'
[rviz2-2] [INFO] [1773123953.980543491] [rviz2]: Message Filter dropping message: frame 'laser_link' at time 1495.316 for reason 'discarding message because the queue is full'
[rviz2-2] [INFO] [1773123954.012357565] [rviz2]: Message Filter dropping message: frame 'laser_link' at time 1495.346 for reason 'discarding message because the queue is full'
[rviz2-2] [INFO] [1773123954.045245794] [rviz2]: Message Filter dropping message: frame 'laser_link' at time 1495.376 for reason 'discarding message because the queue is full'
[component_container_isolated-1] [WARN] [1773123954.045888443] [amcl]: AMCL cannot publish a pose or update the transform. Please set the initial pose...
[rviz2-2] [INFO] [1773123954.076735002] [rviz2]: Message Filter dropping message: frame 'laser_link' at time 1495.416 for reason 'discarding message because the queue is full'
[rviz2-2] [INFO] [1773123954.108441962] [rviz2]: Message Filter dropping message: frame 'laser_link' at time 1495.446 for reason 'discarding message because the queue is full'
[rviz2-2] [INFO] [1773123954.141188142] [rviz2]: Message Filter dropping message: frame 'laser_link' at time 1495.476 for reason 'discarding message because the queue is full'
[rviz2-2] [INFO] [1773123954.141275247] [rviz2]: Message Filter dropping message: frame 'odom' at time 1493.807 for reason 'discarding message because the queue is full'
[rviz2-2] [INFO] [1773123954.141308931] [rviz2]: Message Filter dropping message: frame 'odom' at time 1489.738 for reason 'discarding message because the queue is full'
[rviz2-2] [INFO] [1773123954.172465067] [rviz2]: Message Filter dropping message: frame 'laser_link' at time 1495.506 for reason 'discarding message because the queue is full'
[component_container_isolated-1] [INFO] [1773123954.175325200] [global_costmap.global_costmap]: Timed out waiting for transform from base_link to map to become available, tf error: Invalid frame ID "map" passed to canTransform argument target_frame - frame does not exist
[rviz2-2] [INFO] [1773123954.205271322] [rviz2]: Message Filter dropping message: frame 'laser_link' at time 1495.536 for reason 'discarding message because the queue is full'
[rviz2-2] [INFO] [1773123954.236980576] [rviz2]: Message Filter dropping message: frame 'laser_link' at time 1495.576 for reason 'discarding message because the queue is full'
[rviz2-2] [INFO] [1773123954.269418602] [rviz2]: Message Filter dropping message: frame 'laser_link' at time 1495.606 for reason 'discarding message because the queue is full'
[rviz2-2] [INFO] [1773123954.300810175] [rviz2]: Message Filter dropping message: frame 'laser_link' at time 1495.636 for reason 'discarding message because the queue is full'
[rviz2-2] [INFO] [1773123954.333132111] [rviz2]: Message Filter dropping message: frame 'laser_link' at time 1495.666 for reason 'discarding message because the queue is full'
[rviz2-2] [INFO] [1773123954.333204568] [rviz2]: Message Filter dropping message: frame 'odom' at time 1494.007 for reason 'discarding message because the queue is full'
[rviz2-2] [INFO] [1773123954.365694282] [rviz2]: Message Filter dropping message: frame 'laser_link' at time 1495.706 for reason 'discarding message because the queue is full'
[rviz2-2] [INFO] [1773123954.396397430] [rviz2]: Message Filter dropping message: frame 'laser_link' at time 1495.736 for reason 'discarding message because the queue is full'
[rviz2-2] [INFO] [1773123954.428805419] [rviz2]: Message Filter dropping message: frame 'laser_link' at time 1495.766 for reason 'discarding message because the queue is full'
[rviz2-2] [INFO] [1773123954.460843607] [rviz2]: Message Filter dropping message: frame 'laser_link' at time 1495.796 for reason 'discarding message because the queue is full'
[rviz2-2] [INFO] [1773123954.493065313] [rviz2]: Message Filter dropping message: frame 'laser_link' at time 1495.826 for reason 'discarding message because the queue is full'
[rviz2-2] [INFO] [1773123954.525096869] [rviz2]: Message Filter dropping message: frame 'laser_link' at time 1495.866 for reason 'discarding message because the queue is full'
[rviz2-2] [INFO] [1773123954.525192901] [rviz2]: Message Filter dropping message: frame 'odom' at time 1494.207 for reason 'discarding message because the queue is full'
[rviz2-2] [INFO] [1773123954.556999871] [rviz2]: Message Filter dropping message: frame 'laser_link' at time 1495.896 for reason 'discarding message because the queue is full'
[rviz2-2] [INFO] [1773123954.589090057] [rviz2]: Message Filter dropping message: frame 'laser_link' at time 1495.926 for reason 'discarding message because the queue is full'
[rviz2-2] [INFO] [1773123954.620706236] [rviz2]: Message Filter dropping message: frame 'laser_link' at time 1495.956 for reason 'discarding message because the queue is full'
[rviz2-2] [INFO] [1773123954.652457350] [rviz2]: Message Filter dropping message: frame 'laser_link' at time 1495.986 for reason 'discarding message because the queue is full'
[component_container_isolated-1] [INFO] [1773123954.675335201] [global_costmap.global_costmap]: Timed out waiting for transform from base_link to map to become available, tf error: Invalid frame ID "map" passed to canTransform argument target_frame - frame does not exist
[rviz2-2] [INFO] [1773123954.684715625] [rviz2]: Message Filter dropping message: frame 'laser_link' at time 1496.026 for reason 'discarding message because the queue is full'
[rviz2-2] [INFO] [1773123954.716232495] [rviz2]: Message Filter dropping message: frame 'laser_link' at time 1496.056 for reason 'discarding message because the queue is full'
[rviz2-2] [INFO] [1773123954.716304932] [rviz2]: Message Filter dropping message: frame 'odom' at time 1494.407 for reason 'discarding message because the queue is full'
[rviz2-2] [INFO] [1773123954.716331693] [rviz2]: Message Filter dropping message: frame 'odom' at time 1490.338 for reason 'discarding message because the queue is full'
[rviz2-2] [INFO] [1773123954.748834221] [rviz2]: Message Filter dropping message: frame 'laser_link' at time 1496.086 for reason 'discarding message because the queue is full'
[rviz2-2] [INFO] [1773123954.780917665] [rviz2]: Message Filter dropping message: frame 'laser_link' at time 1496.116 for reason 'discarding message because the queue is full'
[rviz2-2] [INFO] [1773123954.812792784] [rviz2]: Message Filter dropping message: frame 'laser_link' at time 1496.146 for reason 'discarding message because the queue is full'
[rviz2-2] [INFO] [1773123954.845301194] [rviz2]: Message Filter dropping message: frame 'laser_link' at time 1496.176 for reason 'discarding message because the queue is full'
[rviz2-2] [INFO] [1773123954.876681425] [rviz2]: Message Filter dropping message: frame 'laser_link' at time 1496.216 for reason 'discarding message because the queue is full'
[rviz2-2] [INFO] [1773123954.908182214] [rviz2]: Message Filter dropping message: frame 'laser_link' at time 1496.246 for reason 'discarding message because the queue is full'
[rviz2-2] [INFO] [1773123954.941057560] [rviz2]: Message Filter dropping message: frame 'laser_link' at time 1496.276 for reason 'discarding message because the queue is full'
[rviz2-2] [INFO] [1773123954.941216501] [rviz2]: Message Filter dropping message: frame 'odom' at time 1494.607 for reason 'discarding message because the queue is full'
[rviz2-2] [INFO] [1773123954.972261937] [rviz2]: Message Filter dropping message: frame 'laser_link' at time 1496.306 for reason 'discarding message because the queue is full'
[rviz2-2] [INFO] [1773123955.004991295] [rviz2]: Message Filter dropping message: frame 'laser_link' at time 1496.336 for reason 'discarding message because the queue is full'
[rviz2-2] [INFO] [1773123955.037032158] [rviz2]: Message Filter dropping message: frame 'laser_link' at time 1496.376 for reason 'discarding message because the queue is full'
[rviz2-2] [INFO] [1773123955.069059805] [rviz2]: Message Filter dropping message: frame 'laser_link' at time 1496.406 for reason 'discarding message because the queue is full'
[rviz2-2] [INFO] [1773123955.101220104] [rviz2]: Message Filter dropping message: frame 'laser_link' at time 1496.436 for reason 'discarding message because the queue is full'
[rviz2-2] [INFO] [1773123955.133241930] [rviz2]: Message Filter dropping message: frame 'laser_link' at time 1496.466 for reason 'discarding message because the queue is full'
[rviz2-2] [INFO] [1773123955.133347450] [rviz2]: Message Filter dropping message: frame 'odom' at time 1494.807 for reason 'discarding message because the queue is full'
[rviz2-2] [INFO] [1773123955.165459939] [rviz2]: Message Filter dropping message: frame 'laser_link' at time 1496.496 for reason 'discarding message because the queue is full'
[component_container_isolated-1] [INFO] [1773123955.175344908] [global_costmap.global_costmap]: Timed out waiting for transform from base_link to map to become available, tf error: Invalid frame ID "map" passed to canTransform argument target_frame - frame does not exist
[rviz2-2] [INFO] [1773123955.196545570] [rviz2]: Message Filter dropping message: frame 'laser_link' at time 1496.536 for reason 'discarding message because the queue is full'
[rviz2-2] [INFO] [1773123955.229314513] [rviz2]: Message Filter dropping message: frame 'laser_link' at time 1496.566 for reason 'discarding message because the queue is full'
[rviz2-2] [INFO] [1773123955.261341479] [rviz2]: Message Filter dropping message: frame 'laser_link' at time 1496.596 for reason 'discarding message because the queue is full'
[rviz2-2] [INFO] [1773123955.292789307] [rviz2]: Message Filter dropping message: frame 'laser_link' at time 1496.626 for reason 'discarding message because the queue is full'
[rviz2-2] [INFO] [1773123955.324628297] [rviz2]: Message Filter dropping message: frame 'laser_link' at time 1496.656 for reason 'discarding message because the queue is full'
[rviz2-2] [INFO] [1773123955.324738816] [rviz2]: Message Filter dropping message: frame 'odom' at time 1495.007 for reason 'discarding message because the queue is full'
[rviz2-2] [INFO] [1773123955.324811153] [rviz2]: Message Filter dropping message: frame 'odom' at time 1490.938 for reason 'discarding message because the queue is full'
[rviz2-2] [INFO] [1773123955.357326485] [rviz2]: Message Filter dropping message: frame 'laser_link' at time 1496.696 for reason 'discarding message because the queue is full'
[rviz2-2] [INFO] [1773123955.388794111] [rviz2]: Message Filter dropping message: frame 'laser_link' at time 1496.726 for reason 'discarding message because the queue is full'
[rviz2-2] [INFO] [1773123955.420565522] [rviz2]: Message Filter dropping message: frame 'laser_link' at time 1496.756 for reason 'discarding message because the queue is full'
[rviz2-2] [INFO] [1773123955.452297940] [rviz2]: Message Filter dropping message: frame 'laser_link' at time 1496.786 for reason 'discarding message because the queue is full'
[rviz2-2] [INFO] [1773123955.484530005] [rviz2]: Message Filter dropping message: frame 'laser_link' at time 1496.816 for reason 'discarding message because the queue is full'
[rviz2-2] [INFO] [1773123955.517080533] [rviz2]: Message Filter dropping message: frame 'laser_link' at time 1496.856 for reason 'discarding message because the queue is full'
[rviz2-2] [INFO] [1773123955.517152840] [rviz2]: Message Filter dropping message: frame 'odom' at time 1495.207 for reason 'discarding message because the queue is full'
[rviz2-2] [INFO] [1773123955.548751014] [rviz2]: Message Filter dropping message: frame 'laser_link' at time 1496.886 for reason 'discarding message because the queue is full'
[rviz2-2] [INFO] [1773123955.581172598] [rviz2]: Message Filter dropping message: frame 'laser_link' at time 1496.916 for reason 'discarding message because the queue is full'
[rviz2-2] [INFO] [1773123955.612887632] [rviz2]: Message Filter dropping message: frame 'laser_link' at time 1496.946 for reason 'discarding message because the queue is full'
[rviz2-2] [INFO] [1773123955.644587158] [rviz2]: Message Filter dropping message: frame 'laser_link' at time 1496.976 for reason 'discarding message because the queue is full'
[component_container_isolated-1] [INFO] [1773123955.675331222] [global_costmap.global_costmap]: Timed out waiting for transform from base_link to map to become available, tf error: Invalid frame ID "map" passed to canTransform argument target_frame - frame does not exist
[rviz2-2] [INFO] [1773123955.677161351] [rviz2]: Message Filter dropping message: frame 'laser_link' at time 1497.016 for reason 'discarding message because the queue is full'
[rviz2-2] [INFO] [1773123955.708862179] [rviz2]: Message Filter dropping message: frame 'laser_link' at time 1497.046 for reason 'discarding message because the queue is full'
[rviz2-2] [INFO] [1773123955.741383402] [rviz2]: Message Filter dropping message: frame 'laser_link' at time 1497.076 for reason 'discarding message because the queue is full'
[rviz2-2] [INFO] [1773123955.741478352] [rviz2]: Message Filter dropping message: frame 'odom' at time 1495.407 for reason 'discarding message because the queue is full'
[rviz2-2] [INFO] [1773123955.773167498] [rviz2]: Message Filter dropping message: frame 'laser_link' at time 1497.106 for reason 'discarding message because the queue is full'
[rviz2-2] [INFO] [1773123955.805024682] [rviz2]: Message Filter dropping message: frame 'laser_link' at time 1497.136 for reason 'discarding message because the queue is full'
[rviz2-2] [INFO] [1773123955.837056547] [rviz2]: Message Filter dropping message: frame 'laser_link' at time 1497.176 for reason 'discarding message because the queue is full'
[rviz2-2] [INFO] [1773123955.868998121] [rviz2]: Message Filter dropping message: frame 'laser_link' at time 1497.206 for reason 'discarding message because the queue is full'
[rviz2-2] [INFO] [1773123955.900912504] [rviz2]: Message Filter dropping message: frame 'laser_link' at time 1497.236 for reason 'discarding message because the queue is full'
[rviz2-2] [INFO] [1773123955.933564435] [rviz2]: Message Filter dropping message: frame 'laser_link' at time 1497.266 for reason 'discarding message because the queue is full'
[rviz2-2] [INFO] [1773123955.933747642] [rviz2]: Message Filter dropping message: frame 'odom' at time 1495.607 for reason 'discarding message because the queue is full'
[rviz2-2] [INFO] [1773123955.933803257] [rviz2]: Message Filter dropping message: frame 'odom' at time 1491.538 for reason 'discarding message because the queue is full'
[rviz2-2] [INFO] [1773123955.965390320] [rviz2]: Message Filter dropping message: frame 'laser_link' at time 1497.296 for reason 'discarding message because the queue is full'
[rviz2-2] [INFO] [1773123955.997192489] [rviz2]: Message Filter dropping message: frame 'laser_link' at time 1497.336 for reason 'discarding message because the queue is full'
[rviz2-2] [INFO] [1773123956.028509880] [rviz2]: Message Filter dropping message: frame 'laser_link' at time 1497.366 for reason 'discarding message because the queue is full'
[rviz2-2] [INFO] [1773123956.061274183] [rviz2]: Message Filter dropping message: frame 'laser_link' at time 1497.396 for reason 'discarding message because the queue is full'
[rviz2-2] [INFO] [1773123956.092489800] [rviz2]: Message Filter dropping message: frame 'laser_link' at time 1497.426 for reason 'discarding message because the queue is full'
[rviz2-2] [INFO] [1773123956.125178369] [rviz2]: Message Filter dropping message: frame 'laser_link' at time 1497.456 for reason 'discarding message because the queue is full'
[rviz2-2] [INFO] [1773123956.125257659] [rviz2]: Message Filter dropping message: frame 'odom' at time 1495.807 for reason 'discarding message because the queue is full'
[component_container_isolated-1] [WARN] [1773123956.146902643] [amcl]: AMCL cannot publish a pose or update the transform. Please set the initial pose...
[rviz2-2] [INFO] [1773123956.157137285] [rviz2]: Message Filter dropping message: frame 'laser_link' at time 1497.496 for reason 'discarding message because the queue is full'
[component_container_isolated-1] [INFO] [1773123956.175315737] [global_costmap.global_costmap]: Timed out waiting for transform from base_link to map to become available, tf error: Invalid frame ID "map" passed to canTransform argument target_frame - frame does not exist
[rviz2-2] [INFO] [1773123956.188764452] [rviz2]: Message Filter dropping message: frame 'laser_link' at time 1497.526 for reason 'discarding message because the queue is full'
[rviz2-2] [INFO] [1773123956.221280324] [rviz2]: Message Filter dropping message: frame 'laser_link' at time 1497.556 for reason 'discarding message because the queue is full'
[rviz2-2] [INFO] [1773123956.253718589] [rviz2]: Message Filter dropping message: frame 'laser_link' at time 1497.586 for reason 'discarding message because the queue is full'
[rviz2-2] [INFO] [1773123956.284780605] [rviz2]: Message Filter dropping message: frame 'laser_link' at time 1497.616 for reason 'discarding message because the queue is full'
[rviz2-2] [INFO] [1773123956.317133638] [rviz2]: Message Filter dropping message: frame 'laser_link' at time 1497.656 for reason 'discarding message because the queue is full'
[rviz2-2] [INFO] [1773123956.317285096] [rviz2]: Message Filter dropping message: frame 'odom' at time 1496.007 for reason 'discarding message because the queue is full'
[rviz2-2] [INFO] [1773123956.348546379] [rviz2]: Message Filter dropping message: frame 'laser_link' at time 1497.686 for reason 'discarding message because the queue is full'
[rviz2-2] [INFO] [1773123956.380915794] [rviz2]: Message Filter dropping message: frame 'laser_link' at time 1497.716 for reason 'discarding message because the queue is full'
[rviz2-2] [INFO] [1773123956.412910768] [rviz2]: Message Filter dropping message: frame 'laser_link' at time 1497.746 for reason 'discarding message because the queue is full'
[rviz2-2] [INFO] [1773123956.444575547] [rviz2]: Message Filter dropping message: frame 'laser_link' at time 1497.776 for reason 'discarding message because the queue is full'
[rviz2-2] [INFO] [1773123956.477329831] [rviz2]: Message Filter dropping message: frame 'laser_link' at time 1497.816 for reason 'discarding message because the queue is full'
[rviz2-2] [INFO] [1773123956.509319515] [rviz2]: Message Filter dropping message: frame 'laser_link' at time 1497.846 for reason 'discarding message because the queue is full'
[rviz2-2] [INFO] [1773123956.541370596] [rviz2]: Message Filter dropping message: frame 'laser_link' at time 1497.876 for reason 'discarding message because the queue is full'
[rviz2-2] [INFO] [1773123956.541550487] [rviz2]: Message Filter dropping message: frame 'odom' at time 1496.207 for reason 'discarding message because the queue is full'
[rviz2-2] [INFO] [1773123956.541623586] [rviz2]: Message Filter dropping message: frame 'odom' at time 1492.138 for reason 'discarding message because the queue is full'
[rviz2-2] [INFO] [1773123956.572831508] [rviz2]: Message Filter dropping message: frame 'laser_link' at time 1497.906 for reason 'discarding message because the queue is full'
[rviz2-2] [INFO] [1773123956.605011584] [rviz2]: Message Filter dropping message: frame 'laser_link' at time 1497.936 for reason 'discarding message because the queue is full'
[rviz2-2] [INFO] [1773123956.637194965] [rviz2]: Message Filter dropping message: frame 'laser_link' at time 1497.976 for reason 'discarding message because the queue is full'
[rviz2-2] [INFO] [1773123956.668739095] [rviz2]: Message Filter dropping message: frame 'laser_link' at time 1498.006 for reason 'discarding message because the queue is full'
[component_container_isolated-1] [INFO] [1773123956.675324850] [global_costmap.global_costmap]: Timed out waiting for transform from base_link to map to become available, tf error: Invalid frame ID "map" passed to canTransform argument target_frame - frame does not exist
[rviz2-2] [INFO] [1773123956.700883824] [rviz2]: Message Filter dropping message: frame 'laser_link' at time 1498.036 for reason 'discarding message because the queue is full'
[rviz2-2] [INFO] [1773123956.732624686] [rviz2]: Message Filter dropping message: frame 'laser_link' at time 1498.066 for reason 'discarding message because the queue is full'
[rviz2-2] [INFO] [1773123956.732704127] [rviz2]: Message Filter dropping message: frame 'odom' at time 1496.407 for reason 'discarding message because the queue is full'
[rviz2-2] [INFO] [1773123956.765561657] [rviz2]: Message Filter dropping message: frame 'laser_link' at time 1498.096 for reason 'discarding message because the queue is full'
[rviz2-2] [INFO] [1773123956.796743971] [rviz2]: Message Filter dropping message: frame 'laser_link' at time 1498.136 for reason 'discarding message because the queue is full'
[rviz2-2] [INFO] [1773123956.828538906] [rviz2]: Message Filter dropping message: frame 'laser_link' at time 1498.166 for reason 'discarding message because the queue is full'
[rviz2-2] [INFO] [1773123956.861249146] [rviz2]: Message Filter dropping message: frame 'laser_link' at time 1498.196 for reason 'discarding message because the queue is full'
[rviz2-2] [INFO] [1773123956.892521291] [rviz2]: Message Filter dropping message: frame 'laser_link' at time 1498.226 for reason 'discarding message because the queue is full'
[rviz2-2] [INFO] [1773123956.925262820] [rviz2]: Message Filter dropping message: frame 'laser_link' at time 1498.256 for reason 'discarding message because the queue is full'
[rviz2-2] [INFO] [1773123956.925357951] [rviz2]: Message Filter dropping message: frame 'odom' at time 1496.607 for reason 'discarding message because the queue is full'
[rviz2-2] [INFO] [1773123956.957200276] [rviz2]: Message Filter dropping message: frame 'laser_link' at time 1498.296 for reason 'discarding message because the queue is full'
[rviz2-2] [INFO] [1773123956.958597695] [rviz2]: Setting estimate pose: Frame:map, Position(-0.0118434, -0.0177647, 0), Orientation(0, 0, -1.84497e-06, 1) = Angle: -3.68994e-06
[component_container_isolated-1] [INFO] [1773123956.958842209] [amcl]: initialPoseReceived
[component_container_isolated-1] [INFO] [1773123956.958942599] [amcl]: Setting pose (1498.638000): -0.012 -0.018 -0.000
[rviz2-2] [INFO] [1773123956.988991324] [rviz2]: Message Filter dropping message: frame 'laser_link' at time 1498.326 for reason 'discarding message because the queue is full'
[rviz2-2] [INFO] [1773123957.020824651] [rviz2]: Message Filter dropping message: frame 'laser_link' at time 1498.356 for reason 'discarding message because the queue is full'
[rviz2-2] [INFO] [1773123957.053499113] [rviz2]: Message Filter dropping message: frame 'laser_link' at time 1498.386 for reason 'discarding message because the queue is full'
[rviz2-2] [INFO] [1773123957.084834246] [rviz2]: Message Filter dropping message: frame 'laser_link' at time 1498.416 for reason 'discarding message because the queue is full'
[rviz2-2] [INFO] [1773123957.117190504] [rviz2]: Message Filter dropping message: frame 'laser_link' at time 1498.446 for reason 'discarding message because the queue is full'
[rviz2-2] [INFO] [1773123957.117309570] [rviz2]: Message Filter dropping message: frame 'odom' at time 1496.807 for reason 'discarding message because the queue is full'
[rviz2-2] [INFO] [1773123957.117382558] [rviz2]: Message Filter dropping message: frame 'odom' at time 1492.738 for reason 'discarding message because the queue is full'
[rviz2-2] [INFO] [1773123957.149088354] [rviz2]: Message Filter dropping message: frame 'laser_link' at time 1498.486 for reason 'discarding message because the queue is full'
[component_container_isolated-1] [INFO] [1773123957.175369866] [global_costmap.global_costmap]: Timed out waiting for transform from base_link to map to become available, tf error: Lookup would require extrapolation into the past.  Requested time 1498.867000 but the earliest data is at time 1499.156000, when looking up transform from frame [base_link] to frame [map]
[rviz2-2] [INFO] [1773123957.180659284] [rviz2]: Message Filter dropping message: frame 'laser_link' at time 1498.516 for reason 'discarding message because the queue is full'
[rviz2-2] [INFO] [1773123957.212507118] [rviz2]: Message Filter dropping message: frame 'laser_link' at time 1498.546 for reason 'discarding message because the queue is full'
[rviz2-2] [INFO] [1773123957.244570983] [rviz2]: Message Filter dropping message: frame 'laser_link' at time 1498.576 for reason 'discarding message because the queue is full'
[rviz2-2] [INFO] [1773123957.276305593] [rviz2]: Message Filter dropping message: frame 'laser_link' at time 1498.616 for reason 'discarding message because the queue is full'
[rviz2-2] [INFO] [1773123957.308684444] [rviz2]: Message Filter dropping message: frame 'laser_link' at time 1498.646 for reason 'discarding message because the queue is full'
[rviz2-2] [INFO] [1773123957.340797412] [rviz2]: Message Filter dropping message: frame 'laser_link' at time 1498.676 for reason 'discarding message because the queue is full'
[rviz2-2] [INFO] [1773123957.340883485] [rviz2]: Message Filter dropping message: frame 'odom' at time 1497.007 for reason 'discarding message because the queue is full'
[rviz2-2] [INFO] [1773123957.373299667] [rviz2]: Message Filter dropping message: frame 'laser_link' at time 1498.706 for reason 'discarding message because the queue is full'
[rviz2-2] [INFO] [1773123957.404718258] [rviz2]: Message Filter dropping message: frame 'laser_link' at time 1498.736 for reason 'discarding message because the queue is full'
[rviz2-2] [INFO] [1773123957.436951724] [rviz2]: Message Filter dropping message: frame 'laser_link' at time 1498.776 for reason 'discarding message because the queue is full'
[rviz2-2] [INFO] [1773123957.468856957] [rviz2]: Message Filter dropping message: frame 'laser_link' at time 1498.806 for reason 'discarding message because the queue is full'
[rviz2-2] [INFO] [1773123957.500647243] [rviz2]: Message Filter dropping message: frame 'laser_link' at time 1498.836 for reason 'discarding message because the queue is full'
[rviz2-2] [INFO] [1773123957.532968976] [rviz2]: Message Filter dropping message: frame 'odom' at time 1497.207 for reason 'discarding message because the queue is full'
[component_container_isolated-1] [INFO] [1773123957.675433940] [global_costmap.global_costmap]: start
[rviz2-2] [INFO] [1773123957.724329332] [rviz2]: Message Filter dropping message: frame 'odom' at time 1493.338 for reason 'discarding message because the queue is full'
[rviz2-2] [INFO] [1773123957.725941709] [rviz2]: Trying to create a map of size 60 x 60 using 1 swatches
[rviz2-2] [INFO] [1773123958.686414342] [rviz2]: Trying to create a map of size 376 x 222 using 1 swatches
[component_container_isolated-1] [INFO] [1773123958.726634057] [planner_server]: 正在激活类型为 RRTOriginPlanner 的插件 GridBased
[component_container_isolated-1] [INFO] [1773123958.729416441] [planner_server]: Creating bond (planner_server) to lifecycle manager.
[component_container_isolated-1] [INFO] [1773123958.834164292] [lifecycle_manager_navigation]: Server planner_server connected with bond.
[component_container_isolated-1] [INFO] [1773123958.834217302] [lifecycle_manager_navigation]: [34m[1mActivating behavior_server[0m[0m
[component_container_isolated-1] [INFO] [1773123958.834527220] [behavior_server]: Activating
[component_container_isolated-1] [INFO] [1773123958.834547468] [behavior_server]: Activating spin
[component_container_isolated-1] [INFO] [1773123958.834565642] [behavior_server]: Activating backup
[component_container_isolated-1] [INFO] [1773123958.834574940] [behavior_server]: Activating drive_on_heading
[component_container_isolated-1] [INFO] [1773123958.834590069] [behavior_server]: Activating assisted_teleop
[component_container_isolated-1] [INFO] [1773123958.834599176] [behavior_server]: Activating wait
[component_container_isolated-1] [INFO] [1773123958.834610467] [behavior_server]: Creating bond (behavior_server) to lifecycle manager.
[component_container_isolated-1] [INFO] [1773123958.938725057] [lifecycle_manager_navigation]: Server behavior_server connected with bond.
[component_container_isolated-1] [INFO] [1773123958.938774691] [lifecycle_manager_navigation]: [34m[1mActivating bt_navigator[0m[0m
[component_container_isolated-1] [INFO] [1773123958.939140144] [bt_navigator]: Activating
[component_container_isolated-1] [INFO] [1773123958.992952226] [bt_navigator]: Creating bond (bt_navigator) to lifecycle manager.
[component_container_isolated-1] [INFO] [1773123959.096274791] [lifecycle_manager_navigation]: Server bt_navigator connected with bond.
[component_container_isolated-1] [INFO] [1773123959.096319145] [lifecycle_manager_navigation]: [34m[1mActivating waypoint_follower[0m[0m
[component_container_isolated-1] [INFO] [1773123959.096571013] [waypoint_follower]: Activating
[component_container_isolated-1] [INFO] [1773123959.096620637] [waypoint_follower]: Creating bond (waypoint_follower) to lifecycle manager.
[component_container_isolated-1] [INFO] [1773123959.203021909] [lifecycle_manager_navigation]: Server waypoint_follower connected with bond.
[component_container_isolated-1] [INFO] [1773123959.203067615] [lifecycle_manager_navigation]: [34m[1mActivating velocity_smoother[0m[0m
[component_container_isolated-1] [INFO] [1773123959.203343989] [velocity_smoother]: Activating
[component_container_isolated-1] [INFO] [1773123959.203393744] [velocity_smoother]: Creating bond (velocity_smoother) to lifecycle manager.
[component_container_isolated-1] [INFO] [1773123959.308186486] [lifecycle_manager_navigation]: Server velocity_smoother connected with bond.
[component_container_isolated-1] [INFO] [1773123959.308224969] [lifecycle_manager_navigation]: [34m[1mManaged nodes are active[0m[0m
[component_container_isolated-1] [INFO] [1773123959.308232564] [lifecycle_manager_navigation]: [34m[1mCreating bond timer...[0m[0m
[rviz2-2] [INFO] [1773123961.761741552] [rviz2]: Message Filter dropping message: frame 'odom' at time 1493.938 for reason 'the timestamp on the message is earlier than all the data in the transform cache'
[rviz2-2] [INFO] [1773123962.352478103] [rviz2]: Message Filter dropping message: frame 'odom' at time 1494.538 for reason 'the timestamp on the message is earlier than all the data in the transform cache'
[rviz2-2] [INFO] [1773123962.953248499] [rviz2]: Message Filter dropping message: frame 'odom' at time 1495.138 for reason 'the timestamp on the message is earlier than all the data in the transform cache'
[rviz2-2] [INFO] [1773123963.553376551] [rviz2]: Message Filter dropping message: frame 'odom' at time 1495.738 for reason 'the timestamp on the message is earlier than all the data in the transform cache'
[rviz2-2] [INFO] [1773123964.152772070] [rviz2]: Message Filter dropping message: frame 'odom' at time 1496.338 for reason 'the timestamp on the message is earlier than all the data in the transform cache'
[rviz2-2] [INFO] [1773123964.753338076] [rviz2]: Message Filter dropping message: frame 'odom' at time 1496.938 for reason 'the timestamp on the message is earlier than all the data in the transform cache'
[rviz2-2] [INFO] [1773123965.234071168] [rviz2]: Message Filter dropping message: frame 'odom' at time 1497.407 for reason 'the timestamp on the message is earlier than all the data in the transform cache'
[rviz2-2] [INFO] [1773123965.354048717] [rviz2]: Message Filter dropping message: frame 'odom' at time 1497.538 for reason 'the timestamp on the message is earlier than all the data in the transform cache'
[rviz2-2] [INFO] [1773123965.434018331] [rviz2]: Message Filter dropping message: frame 'odom' at time 1497.607 for reason 'the timestamp on the message is earlier than all the data in the transform cache'
[rviz2-2] [INFO] [1773123965.634126999] [rviz2]: Message Filter dropping message: frame 'odom' at time 1497.807 for reason 'the timestamp on the message is earlier than all the data in the transform cache'
[rviz2-2] [INFO] [1773123965.833910631] [rviz2]: Message Filter dropping message: frame 'odom' at time 1498.007 for reason 'the timestamp on the message is earlier than all the data in the transform cache'
[rviz2-2] [INFO] [1773123965.953358156] [rviz2]: Message Filter dropping message: frame 'odom' at time 1498.138 for reason 'the timestamp on the message is earlier than all the data in the transform cache'
[rviz2-2] [INFO] [1773123966.033509954] [rviz2]: Message Filter dropping message: frame 'odom' at time 1498.207 for reason 'the timestamp on the message is earlier than all the data in the transform cache'
[rviz2-2] [INFO] [1773123966.233535329] [rviz2]: Message Filter dropping message: frame 'odom' at time 1498.407 for reason 'the timestamp on the message is earlier than all the data in the transform cache'
[rviz2-2] [INFO] [1773123966.434158638] [rviz2]: Message Filter dropping message: frame 'odom' at time 1498.607 for reason 'the timestamp on the message is earlier than all the data in the transform cache'
[rviz2-2] [INFO] [1773123966.553950842] [rviz2]: Message Filter dropping message: frame 'odom' at time 1498.738 for reason 'the timestamp on the message is earlier than all the data in the transform cache'
[rviz2-2] [INFO] [1773123966.634367661] [rviz2]: Message Filter dropping message: frame 'odom' at time 1498.807 for reason 'the timestamp on the message is earlier than all the data in the transform cache'
[rviz2-2] [INFO] [1773123966.833981627] [rviz2]: Message Filter dropping message: frame 'odom' at time 1499.007 for reason 'the timestamp on the message is earlier than all the data in the transform cache'
[rviz2-2] [INFO] [1773123967.174185845] [rviz2]: Message Filter dropping message: frame 'laser_link' at time 1498.866 for reason 'the timestamp on the message is earlier than all the data in the transform cache'
[rviz2-2] [INFO] [1773123967.214022604] [rviz2]: Message Filter dropping message: frame 'laser_link' at time 1498.896 for reason 'the timestamp on the message is earlier than all the data in the transform cache'
[rviz2-2] [INFO] [1773123967.234276734] [rviz2]: Message Filter dropping message: frame 'laser_link' at time 1498.926 for reason 'the timestamp on the message is earlier than all the data in the transform cache'
[rviz2-2] [INFO] [1773123967.274565230] [rviz2]: Message Filter dropping message: frame 'laser_link' at time 1498.966 for reason 'the timestamp on the message is earlier than all the data in the transform cache'
[rviz2-2] [INFO] [1773123967.314110546] [rviz2]: Message Filter dropping message: frame 'laser_link' at time 1498.996 for reason 'the timestamp on the message is earlier than all the data in the transform cache'
[rviz2-2] [INFO] [1773123967.334119422] [rviz2]: Message Filter dropping message: frame 'laser_link' at time 1499.026 for reason 'the timestamp on the message is earlier than all the data in the transform cache'
[rviz2-2] [INFO] [1773123967.374110053] [rviz2]: Message Filter dropping message: frame 'laser_link' at time 1499.056 for reason 'the timestamp on the message is earlier than all the data in the transform cache'
[rviz2-2] [INFO] [1773123967.394060188] [rviz2]: Message Filter dropping message: frame 'laser_link' at time 1499.086 for reason 'the timestamp on the message is earlier than all the data in the transform cache'
[rviz2-2] [INFO] [1773123967.434141280] [rviz2]: Message Filter dropping message: frame 'laser_link' at time 1499.126 for reason 'the timestamp on the message is earlier than all the data in the transform cache'
[rviz2-2] Start navigation
[rviz2-2] [INFO] [1773123971.674283046] [rviz_navigation_dialog_action_client]: NavigateToPose will be called using the BT Navigator's default behavior tree.
[component_container_isolated-1] [INFO] [1773123971.674877433] [bt_navigator]: Begin navigating from current location (-0.05, -0.00) to (-5.04, 1.98)
[component_container_isolated-1] [INFO] [1773123971.698155914] [planner_server]: RRT 规划结束 | 采样节点数: 1065 | 耗时: 22.84 ms | 结果: 成功
[component_container_isolated-1] [INFO] [1773123971.715435695] [controller_server]: Received a goal, begin computing control effort.
[component_container_isolated-1] [WARN] [1773123971.715491882] [controller_server]: No goal checker was specified in parameter 'current_goal_checker'. Server will use only plugin loaded general_goal_checker . This warning will appear once.
[component_container_isolated-1] [INFO] [1773123972.742762898] [planner_server]: RRT 规划结束 | 采样节点数: 957 | 耗时: 17.50 ms | 结果: 成功
[component_container_isolated-1] [INFO] [1773123972.765617986] [controller_server]: Passing new path to controller.
[component_container_isolated-1] [INFO] [1773123973.784892851] [planner_server]: RRT 规划结束 | 采样节点数: 1034 | 耗时: 19.60 ms | 结果: 成功
[component_container_isolated-1] [INFO] [1773123973.815655014] [controller_server]: Passing new path to controller.
[component_container_isolated-1] [INFO] [1773123974.850111154] [planner_server]: RRT 规划结束 | 采样节点数: 1337 | 耗时: 34.70 ms | 结果: 成功
[component_container_isolated-1] [WARN] [1773123974.850362250] [planner_server]: Planner loop missed its desired rate of 20.0000 Hz. Current loop rate is 10.0000 Hz
[component_container_isolated-1] [INFO] [1773123974.865598217] [controller_server]: Passing new path to controller.
[component_container_isolated-1] [INFO] [1773123975.884900339] [planner_server]: RRT 规划结束 | 采样节点数: 662 | 耗时: 9.70 ms | 结果: 成功
[component_container_isolated-1] [INFO] [1773123975.915595704] [controller_server]: Passing new path to controller.
[component_container_isolated-1] [INFO] [1773123976.929638462] [planner_server]: RRT 规划结束 | 采样节点数: 862 | 耗时: 14.38 ms | 结果: 成功
[component_container_isolated-1] [INFO] [1773123976.965620596] [controller_server]: Passing new path to controller.
[component_container_isolated-1] [INFO] [1773123977.972761286] [planner_server]: RRT 规划结束 | 采样节点数: 907 | 耗时: 17.44 ms | 结果: 成功
[component_container_isolated-1] [INFO] [1773123978.015612638] [controller_server]: Passing new path to controller.
[component_container_isolated-1] [INFO] [1773123979.009064820] [planner_server]: RRT 规划结束 | 采样节点数: 818 | 耗时: 13.86 ms | 结果: 成功
[component_container_isolated-1] [INFO] [1773123979.065606114] [controller_server]: Passing new path to controller.
[component_container_isolated-1] [INFO] [1773123980.059969657] [planner_server]: RRT 规划结束 | 采样节点数: 1163 | 耗时: 24.78 ms | 结果: 成功
[component_container_isolated-1] [WARN] [1773123980.060085737] [planner_server]: Planner loop missed its desired rate of 20.0000 Hz. Current loop rate is 10.0000 Hz
[component_container_isolated-1] [INFO] [1773123980.115603551] [controller_server]: Passing new path to controller.
[component_container_isolated-1] [INFO] [1773123981.117082062] [planner_server]: RRT 规划结束 | 采样节点数: 1266 | 耗时: 31.86 ms | 结果: 成功
[component_container_isolated-1] [INFO] [1773123981.165599868] [controller_server]: Passing new path to controller.
[component_container_isolated-1] [ERROR] [1773123981.765662792] [controller_server]: Failed to make progress
[component_container_isolated-1] [WARN] [1773123981.765768933] [controller_server]: [follow_path] [ActionServer] Aborting handle.
[component_container_isolated-1] [INFO] [1773123981.785337067] [local_costmap.local_costmap]: Received request to clear entirely the local_costmap
[component_container_isolated-1] [INFO] [1773123981.786157622] [controller_server]: Received a goal, begin computing control effort.
[component_container_isolated-1] [WARN] [1773123981.918365279] [controller_server]: Control loop missed its desired rate of 20.0000Hz
[component_container_isolated-1] [INFO] [1773123982.161166921] [planner_server]: RRT 规划结束 | 采样节点数: 883 | 耗时: 15.98 ms | 结果: 成功
[component_container_isolated-1] [WARN] [1773123982.161317736] [planner_server]: Planner loop missed its desired rate of 20.0000 Hz. Current loop rate is 10.0000 Hz
[component_container_isolated-1] [INFO] [1773123982.179541071] [controller_server]: Passing new path to controller.
[component_container_isolated-1] [INFO] [1773123983.195151061] [planner_server]: RRT 规划结束 | 采样节点数: 706 | 耗时: 9.95 ms | 结果: 成功
[component_container_isolated-1] [INFO] [1773123983.218429054] [controller_server]: Passing new path to controller.
[component_container_isolated-1] [INFO] [1773123984.244527365] [planner_server]: RRT 规划结束 | 采样节点数: 1016 | 耗时: 19.34 ms | 结果: 成功
[component_container_isolated-1] [INFO] [1773123984.268432445] [controller_server]: Passing new path to controller.
[component_container_isolated-1] [INFO] [1773123985.281996247] [planner_server]: RRT 规划结束 | 采样节点数: 955 | 耗时: 16.75 ms | 结果: 成功
[component_container_isolated-1] [INFO] [1773123985.318428837] [controller_server]: Passing new path to controller.
[component_container_isolated-1] [INFO] [1773123986.322370589] [planner_server]: RRT 规划结束 | 采样节点数: 983 | 耗时: 17.20 ms | 结果: 成功
[component_container_isolated-1] [INFO] [1773123986.368428949] [controller_server]: Passing new path to controller.
[component_container_isolated-1] [INFO] [1773123987.369661992] [planner_server]: RRT 规划结束 | 采样节点数: 1109 | 耗时: 24.41 ms | 结果: 成功
[component_container_isolated-1] [WARN] [1773123987.369951811] [planner_server]: Planner loop missed its desired rate of 20.0000 Hz. Current loop rate is 10.0000 Hz
[component_container_isolated-1] [INFO] [1773123987.418434223] [controller_server]: Passing new path to controller.
[component_container_isolated-1] [INFO] [1773123988.410203338] [planner_server]: RRT 规划结束 | 采样节点数: 905 | 耗时: 14.99 ms | 结果: 成功
[component_container_isolated-1] [INFO] [1773123988.468429162] [controller_server]: Passing new path to controller.
[component_container_isolated-1] [INFO] [1773123989.468283443] [planner_server]: RRT 规划结束 | 采样节点数: 1326 | 耗时: 32.98 ms | 结果: 成功
[component_container_isolated-1] [WARN] [1773123989.468463474] [planner_server]: Planner loop missed its desired rate of 20.0000 Hz. Current loop rate is 10.0000 Hz
[component_container_isolated-1] [INFO] [1773123989.518428053] [controller_server]: Passing new path to controller.
[component_container_isolated-1] [INFO] [1773123990.522806260] [planner_server]: RRT 规划结束 | 采样节点数: 1222 | 耗时: 27.57 ms | 结果: 成功
[component_container_isolated-1] [INFO] [1773123990.568464388] [controller_server]: Passing new path to controller.
[component_container_isolated-1] [INFO] [1773123991.595596576] [planner_server]: RRT 规划结束 | 采样节点数: 1634 | 耗时: 50.39 ms | 结果: 成功
[component_container_isolated-1] [WARN] [1773123991.595701996] [planner_server]: Planner loop missed its desired rate of 20.0000 Hz. Current loop rate is 10.0000 Hz
[component_container_isolated-1] [INFO] [1773123991.618432046] [controller_server]: Passing new path to controller.
[component_container_isolated-1] [ERROR] [1773123991.968473528] [controller_server]: Failed to make progress
[component_container_isolated-1] [WARN] [1773123991.968537570] [controller_server]: [follow_path] [ActionServer] Aborting handle.
[component_container_isolated-1] [INFO] [1773123991.985172821] [local_costmap.local_costmap]: Received request to clear entirely the local_costmap
[component_container_isolated-1] [INFO] [1773123991.985396906] [global_costmap.global_costmap]: Received request to clear entirely the global_costmap
[component_container_isolated-1] [INFO] [1773123992.709415167] [planner_server]: RRT 规划结束 | 采样节点数: 1124 | 耗时: 23.30 ms | 结果: 成功
[component_container_isolated-1] [WARN] [1773123992.709534293] [planner_server]: Planner loop missed its desired rate of 20.0000 Hz. Current loop rate is 1.4286 Hz
[component_container_isolated-1] [INFO] [1773123992.725362575] [controller_server]: Received a goal, begin computing control effort.
[component_container_isolated-1] [INFO] [1773123993.750169105] [planner_server]: RRT 规划结束 | 采样节点数: 839 | 耗时: 14.86 ms | 结果: 成功
[component_container_isolated-1] [INFO] [1773123993.775701063] [controller_server]: Passing new path to controller.
[component_container_isolated-1] [INFO] [1773123994.791649884] [planner_server]: RRT 规划结束 | 采样节点数: 886 | 耗时: 16.25 ms | 结果: 成功
[component_container_isolated-1] [INFO] [1773123994.825704260] [controller_server]: Passing new path to controller.
[component_container_isolated-1] [INFO] [1773123995.827403387] [planner_server]: RRT 规划结束 | 采样节点数: 788 | 耗时: 12.03 ms | 结果: 成功
[component_container_isolated-1] [INFO] [1773123995.875716800] [controller_server]: Passing new path to controller.
[component_container_isolated-1] [INFO] [1773123996.885836116] [planner_server]: RRT 规划结束 | 采样节点数: 1199 | 耗时: 30.59 ms | 结果: 成功
[component_container_isolated-1] [WARN] [1773123996.885987302] [planner_server]: Planner loop missed its desired rate of 20.0000 Hz. Current loop rate is 10.0000 Hz
[component_container_isolated-1] [INFO] [1773123996.925702603] [controller_server]: Passing new path to controller.
[component_container_isolated-1] [INFO] [1773123997.945914497] [planner_server]: RRT 规划结束 | 采样节点数: 1276 | 耗时: 30.62 ms | 结果: 成功
[component_container_isolated-1] [INFO] [1773123997.975712015] [controller_server]: Passing new path to controller.
[component_container_isolated-1] [INFO] [1773123998.993975523] [planner_server]: RRT 规划结束 | 采样节点数: 1003 | 耗时: 18.76 ms | 结果: 成功
[component_container_isolated-1] [INFO] [1773123999.025703278] [controller_server]: Passing new path to controller.
[component_container_isolated-1] [INFO] [1773124000.037262779] [planner_server]: RRT 规划结束 | 采样节点数: 1120 | 耗时: 21.97 ms | 结果: 成功
[component_container_isolated-1] [INFO] [1773124000.075712077] [controller_server]: Passing new path to controller.
[component_container_isolated-1] [INFO] [1773124001.081889287] [planner_server]: RRT 规划结束 | 采样节点数: 918 | 耗时: 16.71 ms | 结果: 成功
[component_container_isolated-1] [WARN] [1773124001.082085208] [planner_server]: Planner loop missed its desired rate of 20.0000 Hz. Current loop rate is 10.0000 Hz
[component_container_isolated-1] [INFO] [1773124001.125707947] [controller_server]: Passing new path to controller.
[component_container_isolated-1] [INFO] [1773124002.123595928] [planner_server]: RRT 规划结束 | 采样节点数: 977 | 耗时: 18.26 ms | 结果: 成功
[component_container_isolated-1] [INFO] [1773124002.175705075] [controller_server]: Passing new path to controller.
[component_container_isolated-1] [ERROR] [1773124002.775829859] [controller_server]: Failed to make progress
[component_container_isolated-1] [WARN] [1773124002.775955717] [controller_server]: [follow_path] [ActionServer] Aborting handle.
[component_container_isolated-1] [INFO] [1773124002.795092444] [local_costmap.local_costmap]: Received request to clear entirely the local_costmap
[component_container_isolated-1] [INFO] [1773124002.795392131] [controller_server]: Received a goal, begin computing control effort.
[component_container_isolated-1] [WARN] [1773124002.917559010] [controller_server]: Control loop missed its desired rate of 20.0000Hz
[component_container_isolated-1] [INFO] [1773124003.168733395] [planner_server]: RRT 规划结束 | 采样节点数: 1094 | 耗时: 23.52 ms | 结果: 成功
[component_container_isolated-1] [WARN] [1773124003.168917784] [planner_server]: Planner loop missed its desired rate of 20.0000 Hz. Current loop rate is 10.0000 Hz
[component_container_isolated-1] [INFO] [1773124003.231827211] [controller_server]: Passing new path to controller.
[component_container_isolated-1] [INFO] [1773124004.206141964] [planner_server]: RRT 规划结束 | 采样节点数: 720 | 耗时: 10.90 ms | 结果: 成功
[component_container_isolated-1] [INFO] [1773124004.267607244] [controller_server]: Passing new path to controller.
[component_container_isolated-1] [INFO] [1773124005.261294566] [planner_server]: RRT 规划结束 | 采样节点数: 1155 | 耗时: 26.02 ms | 结果: 成功
[component_container_isolated-1] [INFO] [1773124005.317648060] [controller_server]: Passing new path to controller.
[component_container_isolated-1] [INFO] [1773124006.302177859] [planner_server]: RRT 规划结束 | 采样节点数: 911 | 耗时: 16.81 ms | 结果: 成功
[component_container_isolated-1] [INFO] [1773124006.317607501] [controller_server]: Passing new path to controller.
[component_container_isolated-1] [INFO] [1773124007.361273101] [planner_server]: RRT 规划结束 | 采样节点数: 1380 | 耗时: 35.99 ms | 结果: 成功
[component_container_isolated-1] [INFO] [1773124007.417602297] [controller_server]: Passing new path to controller.
[component_container_isolated-1] [INFO] [1773124008.406299074] [planner_server]: RRT 规划结束 | 采样节点数: 1080 | 耗时: 20.99 ms | 结果: 成功
[component_container_isolated-1] [INFO] [1773124008.467603945] [controller_server]: Passing new path to controller.
[component_container_isolated-1] [INFO] [1773124009.456751875] [planner_server]: RRT 规划结束 | 采样节点数: 1050 | 耗时: 21.55 ms | 结果: 成功
[component_container_isolated-1] [INFO] [1773124009.517598155] [controller_server]: Passing new path to controller.
[component_container_isolated-1] [INFO] [1773124010.509469421] [planner_server]: RRT 规划结束 | 采样节点数: 1147 | 耗时: 24.26 ms | 结果: 成功
[component_container_isolated-1] [INFO] [1773124010.567618741] [controller_server]: Passing new path to controller.
[component_container_isolated-1] [INFO] [1773124011.553331056] [planner_server]: RRT 规划结束 | 采样节点数: 1003 | 耗时: 18.08 ms | 结果: 成功
[component_container_isolated-1] [INFO] [1773124011.567625235] [controller_server]: Passing new path to controller.
[component_container_isolated-1] [INFO] [1773124012.589213472] [planner_server]: RRT 规划结束 | 采样节点数: 858 | 耗时: 13.97 ms | 结果: 成功
[component_container_isolated-1] [INFO] [1773124012.617601880] [controller_server]: Passing new path to controller.
[component_container_isolated-1] [INFO] [1773124013.624522247] [planner_server]: RRT 规划结束 | 采样节点数: 665 | 耗时: 9.32 ms | 结果: 成功
[component_container_isolated-1] [INFO] [1773124013.667609300] [controller_server]: Passing new path to controller.
[component_container_isolated-1] [INFO] [1773124014.665313105] [planner_server]: RRT 规划结束 | 采样节点数: 957 | 耗时: 20.12 ms | 结果: 成功
[component_container_isolated-1] [INFO] [1773124014.717595326] [controller_server]: Passing new path to controller.
[component_container_isolated-1] [INFO] [1773124015.718955525] [planner_server]: RRT 规划结束 | 采样节点数: 1151 | 耗时: 23.74 ms | 结果: 成功
[component_container_isolated-1] [INFO] [1773124015.767614450] [controller_server]: Passing new path to controller.
[component_container_isolated-1] [INFO] [1773124016.758729649] [planner_server]: RRT 规划结束 | 采样节点数: 833 | 耗时: 13.42 ms | 结果: 成功
[component_container_isolated-1] [INFO] [1773124016.817627350] [controller_server]: Passing new path to controller.
[component_container_isolated-1] [INFO] [1773124017.799299899] [planner_server]: RRT 规划结束 | 采样节点数: 769 | 耗时: 13.47 ms | 结果: 成功
[component_container_isolated-1] [INFO] [1773124017.817604203] [controller_server]: Passing new path to controller.
[component_container_isolated-1] [INFO] [1773124018.853521726] [planner_server]: RRT 规划结束 | 采样节点数: 1228 | 耗时: 28.28 ms | 结果: 成功
[component_container_isolated-1] [INFO] [1773124018.867608480] [controller_server]: Passing new path to controller.
[component_container_isolated-1] [INFO] [1773124019.892809620] [planner_server]: RRT 规划结束 | 采样节点数: 962 | 耗时: 17.59 ms | 结果: 成功
[component_container_isolated-1] [WARN] [1773124019.892908187] [planner_server]: Planner loop missed its desired rate of 20.0000 Hz. Current loop rate is 10.0000 Hz
[component_container_isolated-1] [INFO] [1773124019.917602354] [controller_server]: Passing new path to controller.
[component_container_isolated-1] [INFO] [1773124020.947545774] [planner_server]: RRT 规划结束 | 采样节点数: 1310 | 耗时: 32.20 ms | 结果: 成功
[component_container_isolated-1] [INFO] [1773124020.967605692] [controller_server]: Passing new path to controller.
[component_container_isolated-1] [INFO] [1773124021.999877911] [planner_server]: RRT 规划结束 | 采样节点数: 1172 | 耗时: 24.43 ms | 结果: 成功
[component_container_isolated-1] [WARN] [1773124022.000051560] [planner_server]: Planner loop missed its desired rate of 20.0000 Hz. Current loop rate is 10.0000 Hz
[component_container_isolated-1] [INFO] [1773124022.017600802] [controller_server]: Passing new path to controller.
[component_container_isolated-1] [INFO] [1773124023.037563311] [planner_server]: RRT 规划结束 | 采样节点数: 802 | 耗时: 12.34 ms | 结果: 成功
[component_container_isolated-1] [INFO] [1773124023.067630333] [controller_server]: Passing new path to controller.
[component_container_isolated-1] [INFO] [1773124024.082972628] [planner_server]: RRT 规划结束 | 采样节点数: 952 | 耗时: 17.70 ms | 结果: 成功
[component_container_isolated-1] [WARN] [1773124024.083187926] [planner_server]: Planner loop missed its desired rate of 20.0000 Hz. Current loop rate is 10.0000 Hz
[component_container_isolated-1] [INFO] [1773124024.117635935] [controller_server]: Passing new path to controller.
[component_container_isolated-1] [INFO] [1773124025.124544985] [planner_server]: RRT 规划结束 | 采样节点数: 1009 | 耗时: 19.34 ms | 结果: 成功
[component_container_isolated-1] [INFO] [1773124025.167631206] [controller_server]: Passing new path to controller.
[component_container_isolated-1] [INFO] [1773124026.166441524] [planner_server]: RRT 规划结束 | 采样节点数: 1047 | 耗时: 21.19 ms | 结果: 成功
[component_container_isolated-1] [INFO] [1773124026.217610293] [controller_server]: Passing new path to controller.
[component_container_isolated-1] [INFO] [1773124027.202410994] [planner_server]: RRT 规划结束 | 采样节点数: 598 | 耗时: 7.17 ms | 结果: 成功
[component_container_isolated-1] [INFO] [1773124027.217600644] [controller_server]: Passing new path to controller.
[component_container_isolated-1] [INFO] [1773124028.242690025] [planner_server]: RRT 规划结束 | 采样节点数: 915 | 耗时: 17.40 ms | 结果: 成功
[component_container_isolated-1] [INFO] [1773124028.267604614] [controller_server]: Passing new path to controller.
[component_container_isolated-1] [INFO] [1773124029.285628781] [planner_server]: RRT 规划结束 | 采样节点数: 1010 | 耗时: 20.26 ms | 结果: 成功
[component_container_isolated-1] [WARN] [1773124029.285858165] [planner_server]: Planner loop missed its desired rate of 20.0000 Hz. Current loop rate is 10.0000 Hz
[component_container_isolated-1] [INFO] [1773124029.317597671] [controller_server]: Passing new path to controller.
[component_container_isolated-1] [INFO] [1773124030.322954003] [planner_server]: RRT 规划结束 | 采样节点数: 580 | 耗时: 7.74 ms | 结果: 成功
[component_container_isolated-1] [INFO] [1773124030.367610773] [controller_server]: Passing new path to controller.
[component_container_isolated-1] [INFO] [1773124031.356082975] [planner_server]: RRT 规划结束 | 采样节点数: 748 | 耗时: 10.82 ms | 结果: 成功
[component_container_isolated-1] [INFO] [1773124031.417628091] [controller_server]: Passing new path to controller.
[component_container_isolated-1] [INFO] [1773124032.406308817] [planner_server]: RRT 规划结束 | 采样节点数: 1007 | 耗时: 20.80 ms | 结果: 成功
[component_container_isolated-1] [INFO] [1773124032.467605762] [controller_server]: Passing new path to controller.
[component_container_isolated-1] [INFO] [1773124033.447710925] [planner_server]: RRT 规划结束 | 采样节点数: 777 | 耗时: 12.52 ms | 结果: 成功
[component_container_isolated-1] [INFO] [1773124033.467593532] [controller_server]: Passing new path to controller.
[component_container_isolated-1] [INFO] [1773124034.521876333] [planner_server]: RRT 规划结束 | 采样节点数: 1501 | 耗时: 46.64 ms | 结果: 成功
[component_container_isolated-1] [WARN] [1773124034.521979248] [planner_server]: Planner loop missed its desired rate of 20.0000 Hz. Current loop rate is 10.0000 Hz
[component_container_isolated-1] [INFO] [1773124034.567619598] [controller_server]: Passing new path to controller.
[component_container_isolated-1] [INFO] [1773124035.592005894] [planner_server]: RRT 规划结束 | 采样节点数: 1677 | 耗时: 46.77 ms | 结果: 成功
[component_container_isolated-1] [WARN] [1773124035.592230971] [planner_server]: Planner loop missed its desired rate of 20.0000 Hz. Current loop rate is 10.0000 Hz
[component_container_isolated-1] [INFO] [1773124035.617607802] [controller_server]: Passing new path to controller.
[component_container_isolated-1] [INFO] [1773124036.630248693] [planner_server]: RRT 规划结束 | 采样节点数: 865 | 耗时: 14.63 ms | 结果: 成功
[component_container_isolated-1] [INFO] [1773124036.667603389] [controller_server]: Passing new path to controller.
[component_container_isolated-1] [INFO] [1773124037.670719440] [planner_server]: RRT 规划结束 | 采样节点数: 828 | 耗时: 15.30 ms | 结果: 成功
[component_container_isolated-1] [INFO] [1773124037.717605517] [controller_server]: Passing new path to controller.
[component_container_isolated-1] [INFO] [1773124038.746444893] [planner_server]: RRT 规划结束 | 采样节点数: 1638 | 耗时: 50.94 ms | 结果: 成功
[component_container_isolated-1] [INFO] [1773124038.767594046] [controller_server]: Passing new path to controller.
[component_container_isolated-1] [INFO] [1773124039.782655659] [planner_server]: RRT 规划结束 | 采样节点数: 576 | 耗时: 7.21 ms | 结果: 成功
[component_container_isolated-1] [INFO] [1773124039.817617871] [controller_server]: Passing new path to controller.
[component_container_isolated-1] [INFO] [1773124040.820033624] [planner_server]: RRT 规划结束 | 采样节点数: 872 | 耗时: 14.74 ms | 结果: 成功
[component_container_isolated-1] [INFO] [1773124040.867605998] [controller_server]: Passing new path to controller.
[component_container_isolated-1] [INFO] [1773124041.856529038] [planner_server]: RRT 规划结束 | 采样节点数: 726 | 耗时: 11.34 ms | 结果: 成功
[component_container_isolated-1] [INFO] [1773124041.917613729] [controller_server]: Passing new path to controller.
[component_container_isolated-1] [INFO] [1773124042.896867197] [planner_server]: RRT 规划结束 | 采样节点数: 780 | 耗时: 11.58 ms | 结果: 成功
[component_container_isolated-1] [WARN] [1773124042.896956917] [planner_server]: Planner loop missed its desired rate of 20.0000 Hz. Current loop rate is 10.0000 Hz
[component_container_isolated-1] [INFO] [1773124042.917617444] [controller_server]: Passing new path to controller.
[component_container_isolated-1] [INFO] [1773124043.935611548] [planner_server]: RRT 规划结束 | 采样节点数: 736 | 耗时: 10.30 ms | 结果: 成功
[component_container_isolated-1] [INFO] [1773124043.967634902] [controller_server]: Passing new path to controller.
[component_container_isolated-1] [INFO] [1773124044.977538705] [planner_server]: RRT 规划结束 | 采样节点数: 706 | 耗时: 12.32 ms | 结果: 成功
[component_container_isolated-1] [INFO] [1773124045.017630498] [controller_server]: Passing new path to controller.
[component_container_isolated-1] [INFO] [1773124046.019074971] [planner_server]: RRT 规划结束 | 采样节点数: 868 | 耗时: 13.88 ms | 结果: 成功
[component_container_isolated-1] [INFO] [1773124046.067598370] [controller_server]: Passing new path to controller.
[component_container_isolated-1] [INFO] [1773124047.053713945] [planner_server]: RRT 规划结束 | 采样节点数: 641 | 耗时: 8.51 ms | 结果: 成功
[component_container_isolated-1] [INFO] [1773124047.067626070] [controller_server]: Passing new path to controller.
[component_container_isolated-1] [INFO] [1773124048.088821826] [planner_server]: RRT 规划结束 | 采样节点数: 858 | 耗时: 13.61 ms | 结果: 成功
[component_container_isolated-1] [INFO] [1773124048.117601385] [controller_server]: Passing new path to controller.
[component_container_isolated-1] [INFO] [1773124049.129941661] [planner_server]: RRT 规划结束 | 采样节点数: 863 | 耗时: 14.50 ms | 结果: 成功
[component_container_isolated-1] [INFO] [1773124049.167613709] [controller_server]: Passing new path to controller.
[component_container_isolated-1] [INFO] [1773124050.167334138] [planner_server]: RRT 规划结束 | 采样节点数: 773 | 耗时: 12.09 ms | 结果: 成功
[component_container_isolated-1] [INFO] [1773124050.217627885] [controller_server]: Passing new path to controller.
[component_container_isolated-1] [INFO] [1773124051.206174506] [planner_server]: RRT 规划结束 | 采样节点数: 714 | 耗时: 10.93 ms | 结果: 成功
[component_container_isolated-1] [WARN] [1773124051.206355970] [planner_server]: Planner loop missed its desired rate of 20.0000 Hz. Current loop rate is 10.0000 Hz
[component_container_isolated-1] [INFO] [1773124051.267595273] [controller_server]: Passing new path to controller.
[component_container_isolated-1] [INFO] [1773124052.254019426] [planner_server]: RRT 规划结束 | 采样节点数: 990 | 耗时: 18.81 ms | 结果: 成功
[component_container_isolated-1] [INFO] [1773124052.267592608] [controller_server]: Passing new path to controller.
[component_container_isolated-1] [INFO] [1773124053.289262783] [planner_server]: RRT 规划结束 | 采样节点数: 825 | 耗时: 13.97 ms | 结果: 成功
[component_container_isolated-1] [INFO] [1773124053.317617244] [controller_server]: Passing new path to controller.
[component_container_isolated-1] [INFO] [1773124054.327101755] [planner_server]: RRT 规划结束 | 采样节点数: 771 | 耗时: 11.66 ms | 结果: 成功
[component_container_isolated-1] [INFO] [1773124054.367606863] [controller_server]: Passing new path to controller.
[component_container_isolated-1] [INFO] [1773124055.365469578] [planner_server]: RRT 规划结束 | 采样节点数: 752 | 耗时: 10.24 ms | 结果: 成功
[component_container_isolated-1] [INFO] [1773124055.417636889] [controller_server]: Passing new path to controller.
[component_container_isolated-1] [INFO] [1773124056.408798275] [planner_server]: RRT 规划结束 | 采样节点数: 818 | 耗时: 13.31 ms | 结果: 成功
[component_container_isolated-1] [WARN] [1773124056.409022901] [planner_server]: Planner loop missed its desired rate of 20.0000 Hz. Current loop rate is 10.0000 Hz
[component_container_isolated-1] [INFO] [1773124056.467610186] [controller_server]: Passing new path to controller.
[component_container_isolated-1] [INFO] [1773124057.454367355] [planner_server]: RRT 规划结束 | 采样节点数: 968 | 耗时: 19.12 ms | 结果: 成功
[component_container_isolated-1] [INFO] [1773124057.467598879] [controller_server]: Passing new path to controller.
[component_container_isolated-1] [INFO] [1773124058.484411849] [planner_server]: RRT 规划结束 | 采样节点数: 668 | 耗时: 9.18 ms | 结果: 成功
[component_container_isolated-1] [INFO] [1773124058.517602274] [controller_server]: Passing new path to controller.
[component_container_isolated-1] [INFO] [1773124059.524381948] [planner_server]: RRT 规划结束 | 采样节点数: 1005 | 耗时: 19.04 ms | 结果: 成功
[component_container_isolated-1] [INFO] [1773124059.567627211] [controller_server]: Passing new path to controller.
[component_container_isolated-1] [INFO] [1773124060.562210271] [planner_server]: RRT 规划结束 | 采样节点数: 916 | 耗时: 16.99 ms | 结果: 成功
[component_container_isolated-1] [INFO] [1773124060.617606701] [controller_server]: Passing new path to controller.
[component_container_isolated-1] [INFO] [1773124061.592435039] [planner_server]: RRT 规划结束 | 采样节点数: 602 | 耗时: 7.17 ms | 结果: 成功
[component_container_isolated-1] [INFO] [1773124061.617600488] [controller_server]: Passing new path to controller.
[component_container_isolated-1] [INFO] [1773124062.628972109] [planner_server]: RRT 规划结束 | 采样节点数: 793 | 耗时: 13.47 ms | 结果: 成功
[component_container_isolated-1] [INFO] [1773124062.667629343] [controller_server]: Passing new path to controller.
[component_container_isolated-1] [INFO] [1773124063.670257631] [planner_server]: RRT 规划结束 | 采样节点数: 904 | 耗时: 14.83 ms | 结果: 成功
[component_container_isolated-1] [INFO] [1773124063.717623944] [controller_server]: Passing new path to controller.
[component_container_isolated-1] [INFO] [1773124064.700856801] [planner_server]: RRT 规划结束 | 采样节点数: 537 | 耗时: 5.47 ms | 结果: 成功
[component_container_isolated-1] [INFO] [1773124064.717604440] [controller_server]: Passing new path to controller.
[component_container_isolated-1] [INFO] [1773124065.741777003] [planner_server]: RRT 规划结束 | 采样节点数: 925 | 耗时: 16.44 ms | 结果: 成功
[component_container_isolated-1] [INFO] [1773124065.767619922] [controller_server]: Passing new path to controller.
[component_container_isolated-1] [INFO] [1773124066.798874775] [planner_server]: RRT 规划结束 | 采样节点数: 1297 | 耗时: 33.65 ms | 结果: 成功
[component_container_isolated-1] [INFO] [1773124066.817601811] [controller_server]: Passing new path to controller.
[component_container_isolated-1] [INFO] [1773124067.837973340] [planner_server]: RRT 规划结束 | 采样节点数: 794 | 耗时: 12.71 ms | 结果: 成功
[component_container_isolated-1] [INFO] [1773124067.867603549] [controller_server]: Passing new path to controller.
[component_container_isolated-1] [INFO] [1773124068.871899863] [planner_server]: RRT 规划结束 | 采样节点数: 563 | 耗时: 6.46 ms | 结果: 成功
[component_container_isolated-1] [INFO] [1773124068.917597643] [controller_server]: Passing new path to controller.
[component_container_isolated-1] [INFO] [1773124069.925430214] [planner_server]: RRT 规划结束 | 采样节点数: 1206 | 耗时: 29.96 ms | 结果: 成功
[component_container_isolated-1] [WARN] [1773124069.925555200] [planner_server]: Planner loop missed its desired rate of 20.0000 Hz. Current loop rate is 10.0000 Hz
[component_container_isolated-1] [INFO] [1773124069.967592699] [controller_server]: Passing new path to controller.
[component_container_isolated-1] [INFO] [1773124070.976156626] [planner_server]: RRT 规划结束 | 采样节点数: 1045 | 耗时: 20.94 ms | 结果: 成功
[component_container_isolated-1] [INFO] [1773124071.017611130] [controller_server]: Passing new path to controller.
[component_container_isolated-1] [INFO] [1773124072.011196000] [planner_server]: RRT 规划结束 | 采样节点数: 523 | 耗时: 5.97 ms | 结果: 成功
[component_container_isolated-1] [WARN] [1773124072.011317580] [planner_server]: Planner loop missed its desired rate of 20.0000 Hz. Current loop rate is 10.0000 Hz
[component_container_isolated-1] [INFO] [1773124072.067603562] [controller_server]: Passing new path to controller.
[component_container_isolated-1] [INFO] [1773124073.043485599] [planner_server]: RRT 规划结束 | 采样节点数: 671 | 耗时: 8.27 ms | 结果: 成功
[component_container_isolated-1] [INFO] [1773124073.067594933] [controller_server]: Passing new path to controller.
[component_container_isolated-1] [INFO] [1773124074.076136444] [planner_server]: RRT 规划结束 | 采样节点数: 777 | 耗时: 10.93 ms | 结果: 成功
[component_container_isolated-1] [INFO] [1773124074.117624669] [controller_server]: Passing new path to controller.
[component_container_isolated-1] [INFO] [1773124075.127242820] [planner_server]: RRT 规划结束 | 采样节点数: 1111 | 耗时: 22.01 ms | 结果: 成功
[component_container_isolated-1] [WARN] [1773124075.127472185] [planner_server]: Planner loop missed its desired rate of 20.0000 Hz. Current loop rate is 10.0000 Hz
[component_container_isolated-1] [INFO] [1773124075.167605294] [controller_server]: Passing new path to controller.
[component_container_isolated-1] [INFO] [1773124076.160162187] [planner_server]: RRT 规划结束 | 采样节点数: 452 | 耗时: 4.87 ms | 结果: 成功
[component_container_isolated-1] [INFO] [1773124076.217599736] [controller_server]: Passing new path to controller.
[component_container_isolated-1] [INFO] [1773124077.192369117] [planner_server]: RRT 规划结束 | 采样节点数: 587 | 耗时: 6.96 ms | 结果: 成功
[component_container_isolated-1] [INFO] [1773124077.217628987] [controller_server]: Passing new path to controller.
[component_container_isolated-1] [INFO] [1773124078.231530925] [planner_server]: RRT 规划结束 | 采样节点数: 849 | 耗时: 16.01 ms | 结果: 成功
[component_container_isolated-1] [INFO] [1773124078.267596482] [controller_server]: Passing new path to controller.
[component_container_isolated-1] [INFO] [1773124079.257253183] [planner_server]: RRT 规划结束 | 采样节点数: 274 | 耗时: 1.85 ms | 结果: 成功
[component_container_isolated-1] [INFO] [1773124079.317619733] [controller_server]: Passing new path to controller.
[component_container_isolated-1] [INFO] [1773124080.290514425] [planner_server]: RRT 规划结束 | 采样节点数: 509 | 耗时: 5.15 ms | 结果: 成功
[component_container_isolated-1] [INFO] [1773124080.317607184] [controller_server]: Passing new path to controller.
[component_container_isolated-1] [INFO] [1773124081.322150402] [planner_server]: RRT 规划结束 | 采样节点数: 605 | 耗时: 6.79 ms | 结果: 成功
[component_container_isolated-1] [INFO] [1773124081.367633194] [controller_server]: Passing new path to controller.
[component_container_isolated-1] [INFO] [1773124082.348043520] [planner_server]: RRT 规划结束 | 采样节点数: 422 | 耗时: 2.85 ms | 结果: 成功
[component_container_isolated-1] [INFO] [1773124082.367628957] [controller_server]: Passing new path to controller.
[component_container_isolated-1] [ERROR] [1773124082.617702741] [controller_server]: Failed to make progress
[component_container_isolated-1] [WARN] [1773124082.617786981] [controller_server]: [follow_path] [ActionServer] Aborting handle.
[component_container_isolated-1] [INFO] [1773124082.635567711] [behavior_server]: Running spin
[component_container_isolated-1] [INFO] [1773124082.635774903] [behavior_server]: Turning 1.57 for spin behavior.
[component_container_isolated-1] [WARN] [1773124083.235956118] [behavior_server]: Collision Ahead - Exiting Spin
[component_container_isolated-1] [WARN] [1773124083.235995002] [behavior_server]: spin failed
[component_container_isolated-1] [WARN] [1773124083.236007616] [behavior_server]: [spin] [ActionServer] Aborting handle.
[component_container_isolated-1] [INFO] [1773124083.265342358] [behavior_server]: Running wait
[component_container_isolated-1] [INFO] [1773124088.265502612] [behavior_server]: wait completed successfully
[component_container_isolated-1] [INFO] [1773124088.301280529] [planner_server]: RRT 规划结束 | 采样节点数: 471 | 耗时: 5.60 ms | 结果: 成功
[component_container_isolated-1] [INFO] [1773124088.315234723] [controller_server]: Received a goal, begin computing control effort.
[component_container_isolated-1] [INFO] [1773124089.343136677] [planner_server]: RRT 规划结束 | 采样节点数: 926 | 耗时: 17.85 ms | 结果: 成功
[component_container_isolated-1] [INFO] [1773124089.365551206] [controller_server]: Passing new path to controller.
[component_container_isolated-1] [INFO] [1773124090.368989725] [planner_server]: RRT 规划结束 | 采样节点数: 455 | 耗时: 3.73 ms | 结果: 成功
[component_container_isolated-1] [INFO] [1773124090.415540733] [controller_server]: Passing new path to controller.
[component_container_isolated-1] [INFO] [1773124091.410438748] [planner_server]: RRT 规划结束 | 采样节点数: 855 | 耗时: 15.20 ms | 结果: 成功
[component_container_isolated-1] [INFO] [1773124091.465545751] [controller_server]: Passing new path to controller.
[component_container_isolated-1] [INFO] [1773124092.440671863] [planner_server]: RRT 规划结束 | 采样节点数: 540 | 耗时: 5.20 ms | 结果: 成功
[component_container_isolated-1] [INFO] [1773124092.465498818] [controller_server]: Passing new path to controller.
[component_container_isolated-1] [INFO] [1773124093.469968619] [planner_server]: RRT 规划结束 | 采样节点数: 525 | 耗时: 4.77 ms | 结果: 成功
[component_container_isolated-1] [INFO] [1773124093.515540411] [controller_server]: Passing new path to controller.
[component_container_isolated-1] [INFO] [1773124094.509617454] [planner_server]: RRT 规划结束 | 采样节点数: 879 | 耗时: 14.33 ms | 结果: 成功
[component_container_isolated-1] [INFO] [1773124094.565566287] [controller_server]: Passing new path to controller.
[component_container_isolated-1] [INFO] [1773124095.551785520] [planner_server]: RRT 规划结束 | 采样节点数: 890 | 耗时: 16.51 ms | 结果: 成功
[component_container_isolated-1] [INFO] [1773124095.565541167] [controller_server]: Passing new path to controller.
[component_container_isolated-1] [INFO] [1773124096.580280097] [planner_server]: RRT 规划结束 | 采样节点数: 495 | 耗时: 4.89 ms | 结果: 成功
[component_container_isolated-1] [INFO] [1773124096.615541311] [controller_server]: Passing new path to controller.
[component_container_isolated-1] [INFO] [1773124097.620290004] [planner_server]: RRT 规划结束 | 采样节点数: 823 | 耗时: 15.07 ms | 结果: 成功
[component_container_isolated-1] [INFO] [1773124097.665543010] [controller_server]: Passing new path to controller.
[component_container_isolated-1] [ERROR] [1773124098.365636595] [controller_server]: Failed to make progress
[component_container_isolated-1] [WARN] [1773124098.365764797] [controller_server]: [follow_path] [ActionServer] Aborting handle.
[component_container_isolated-1] [INFO] [1773124098.385110255] [local_costmap.local_costmap]: Received request to clear entirely the local_costmap
[component_container_isolated-1] [INFO] [1773124098.385431663] [controller_server]: Received a goal, begin computing control effort.
[component_container_isolated-1] [WARN] [1773124098.517753131] [controller_server]: Control loop missed its desired rate of 20.0000Hz
[component_container_isolated-1] [INFO] [1773124098.654633329] [planner_server]: RRT 规划结束 | 采样节点数: 674 | 耗时: 9.32 ms | 结果: 成功
[component_container_isolated-1] [INFO] [1773124098.676663748] [controller_server]: Passing new path to controller.
[component_container_isolated-1] [INFO] [1773124099.688093415] [planner_server]: RRT 规划结束 | 采样节点数: 797 | 耗时: 12.80 ms | 结果: 成功
[component_container_isolated-1] [INFO] [1773124099.717813990] [controller_server]: Passing new path to controller.
[component_container_isolated-1] [INFO] [1773124100.716915185] [planner_server]: RRT 规划结束 | 采样节点数: 1 | 耗时: 1.54 ms | 结果: 失败
[component_container_isolated-1] [WARN] [1773124100.717002751] [planner_server]: RRT 未能在最大迭代次数内找到路径
[component_container_isolated-1] [WARN] [1773124100.717027558] [planner_server]: Planning algorithm GridBased failed to generate a valid path to (-5.04, 1.98)
[component_container_isolated-1] [WARN] [1773124100.717043318] [planner_server]: [compute_path_to_pose] [ActionServer] Aborting handle.
[component_container_isolated-1] [INFO] [1773124100.735174907] [global_costmap.global_costmap]: Received request to clear entirely the global_costmap
[component_container_isolated-1] [INFO] [1773124101.687135431] [planner_server]: RRT 规划结束 | 采样节点数: 1 | 耗时: 1.28 ms | 结果: 失败
[component_container_isolated-1] [WARN] [1773124101.687190034] [planner_server]: RRT 未能在最大迭代次数内找到路径
[component_container_isolated-1] [WARN] [1773124101.687206906] [planner_server]: Planning algorithm GridBased failed to generate a valid path to (-5.04, 1.98)
[component_container_isolated-1] [WARN] [1773124101.687218859] [planner_server]: [compute_path_to_pose] [ActionServer] Aborting handle.
[component_container_isolated-1] [INFO] [1773124101.717817244] [controller_server]: Goal was canceled. Stopping the robot.
[component_container_isolated-1] [INFO] [1773124101.717887808] [controller_server]: [follow_path] [ActionServer] Client requested to cancel the goal. Cancelling.
[component_container_isolated-1] [INFO] [1773124101.718397943] [behavior_server]: Running backup
[component_container_isolated-1] [WARN] [1773124101.718468768] [BehaviorTreeEngine]: Behavior Tree tick rate 100.00 was exceeded!
[component_container_isolated-1] [INFO] [1773124101.718557936] [behavior_server]: DriveOnHeading: no acceleration or deceleration limits set
[component_container_isolated-1] [INFO] [1773124108.418649990] [behavior_server]: backup completed successfully
[component_container_isolated-1] [INFO] [1773124108.465319319] [planner_server]: RRT 规划结束 | 采样节点数: 994 | 耗时: 19.60 ms | 结果: 成功
[component_container_isolated-1] [INFO] [1773124108.485220184] [controller_server]: Received a goal, begin computing control effort.
[component_container_isolated-1] [INFO] [1773124109.504756423] [planner_server]: RRT 规划结束 | 采样节点数: 696 | 耗时: 9.55 ms | 结果: 成功
[component_container_isolated-1] [INFO] [1773124109.535478539] [controller_server]: Passing new path to controller.
[component_container_isolated-1] [INFO] [1773124110.528891841] [planner_server]: RRT 规划结束 | 采样节点数: 388 | 耗时: 3.46 ms | 结果: 成功
[component_container_isolated-1] [INFO] [1773124110.585477496] [controller_server]: Passing new path to controller.
[component_container_isolated-1] [INFO] [1773124111.560222602] [planner_server]: RRT 规划结束 | 采样节点数: 443 | 耗时: 4.66 ms | 结果: 成功
[component_container_isolated-1] [INFO] [1773124111.585481787] [controller_server]: Passing new path to controller.
[component_container_isolated-1] [INFO] [1773124112.592119107] [planner_server]: RRT 规划结束 | 采样节点数: 555 | 耗时: 6.72 ms | 结果: 成功
[component_container_isolated-1] [INFO] [1773124112.635490231] [controller_server]: Passing new path to controller.
[component_container_isolated-1] [INFO] [1773124113.619871995] [planner_server]: RRT 规划结束 | 采样节点数: 459 | 耗时: 4.65 ms | 结果: 成功
[component_container_isolated-1] [INFO] [1773124113.635474294] [controller_server]: Passing new path to controller.
[component_container_isolated-1] [INFO] [1773124114.648882427] [planner_server]: RRT 规划结束 | 采样节点数: 438 | 耗时: 3.64 ms | 结果: 成功
[component_container_isolated-1] [INFO] [1773124114.685480822] [controller_server]: Passing new path to controller.
[component_container_isolated-1] [INFO] [1773124115.721018572] [planner_server]: RRT 规划结束 | 采样节点数: 1558 | 耗时: 45.62 ms | 结果: 成功
[component_container_isolated-1] [INFO] [1773124115.735474360] [controller_server]: Passing new path to controller.
[component_container_isolated-1] [INFO] [1773124116.750839958] [planner_server]: RRT 规划结束 | 采样节点数: 520 | 耗时: 5.56 ms | 结果: 成功
[component_container_isolated-1] [INFO] [1773124116.785483552] [controller_server]: Passing new path to controller.
[component_container_isolated-1] [INFO] [1773124117.780070119] [planner_server]: RRT 规划结束 | 采样节点数: 513 | 耗时: 4.67 ms | 结果: 成功
[component_container_isolated-1] [INFO] [1773124117.835484672] [controller_server]: Passing new path to controller.
[component_container_isolated-1] [ERROR] [1773124118.585510692] [controller_server]: Failed to make progress
[component_container_isolated-1] [WARN] [1773124118.585596364] [controller_server]: [follow_path] [ActionServer] Aborting handle.
[component_container_isolated-1] [INFO] [1773124118.605194935] [local_costmap.local_costmap]: Received request to clear entirely the local_costmap
[component_container_isolated-1] [INFO] [1773124118.605844304] [controller_server]: Received a goal, begin computing control effort.
[component_container_isolated-1] [WARN] [1773124118.719555743] [controller_server]: Control loop missed its desired rate of 20.0000Hz
[component_container_isolated-1] [INFO] [1773124118.812717021] [planner_server]: RRT 规划结束 | 采样节点数: 628 | 耗时: 7.46 ms | 结果: 成功
[component_container_isolated-1] [INFO] [1773124118.876526120] [controller_server]: Passing new path to controller.
[component_container_isolated-1] [INFO] [1773124119.839862858] [planner_server]: RRT 规划结束 | 采样节点数: 456 | 耗时: 4.48 ms | 结果: 成功
[component_container_isolated-1] [WARN] [1773124119.839991441] [planner_server]: Planner loop missed its desired rate of 20.0000 Hz. Current loop rate is 10.0000 Hz
[component_container_isolated-1] [INFO] [1773124119.869604313] [controller_server]: Passing new path to controller.
[component_container_isolated-1] [INFO] [1773124120.873810762] [planner_server]: RRT 规划结束 | 采样节点数: 639 | 耗时: 8.34 ms | 结果: 成功
[component_container_isolated-1] [INFO] [1773124120.919598053] [controller_server]: Passing new path to controller.
[component_container_isolated-1] [INFO] [1773124121.904870666] [planner_server]: RRT 规划结束 | 采样节点数: 686 | 耗时: 9.60 ms | 结果: 成功
[component_container_isolated-1] [INFO] [1773124121.919605791] [controller_server]: Passing new path to controller.
[component_container_isolated-1] [INFO] [1773124122.934746734] [planner_server]: RRT 规划结束 | 采样节点数: 674 | 耗时: 9.30 ms | 结果: 成功
[component_container_isolated-1] [INFO] [1773124122.969599701] [controller_server]: Passing new path to controller.
[component_container_isolated-1] [INFO] [1773124123.958798735] [planner_server]: RRT 规划结束 | 采样节点数: 427 | 耗时: 3.42 ms | 结果: 成功
[component_container_isolated-1] [INFO] [1773124124.019602051] [controller_server]: Passing new path to controller.
[component_container_isolated-1] [INFO] [1773124124.994049855] [planner_server]: RRT 规划结束 | 采样节点数: 632 | 耗时: 8.77 ms | 结果: 成功
[component_container_isolated-1] [INFO] [1773124125.019623702] [controller_server]: Passing new path to controller.
[component_container_isolated-1] [INFO] [1773124126.028909429] [planner_server]: RRT 规划结束 | 采样节点数: 810 | 耗时: 13.39 ms | 结果: 成功
[component_container_isolated-1] [INFO] [1773124126.069601354] [controller_server]: Passing new path to controller.
[component_container_isolated-1] [INFO] [1773124127.062378837] [planner_server]: RRT 规划结束 | 采样节点数: 514 | 耗时: 6.76 ms | 结果: 成功
[component_container_isolated-1] [INFO] [1773124127.119606444] [controller_server]: Passing new path to controller.
[component_container_isolated-1] [INFO] [1773124128.090609688] [planner_server]: RRT 规划结束 | 采样节点数: 508 | 耗时: 5.24 ms | 结果: 成功
[component_container_isolated-1] [INFO] [1773124128.119623382] [controller_server]: Passing new path to controller.
[component_container_isolated-1] [ERROR] [1773124128.769856279] [controller_server]: Failed to make progress
[component_container_isolated-1] [WARN] [1773124128.770147561] [controller_server]: [follow_path] [ActionServer] Aborting handle.
[component_container_isolated-1] [INFO] [1773124128.785109845] [local_costmap.local_costmap]: Received request to clear entirely the local_costmap
[component_container_isolated-1] [INFO] [1773124128.785245882] [global_costmap.global_costmap]: Received request to clear entirely the global_costmap
[component_container_isolated-1] [INFO] [1773124129.691150143] [planner_server]: RRT 规划结束 | 采样节点数: 548 | 耗时: 5.42 ms | 结果: 成功
[component_container_isolated-1] [WARN] [1773124129.691295067] [planner_server]: Planner loop missed its desired rate of 20.0000 Hz. Current loop rate is 1.1111 Hz
[component_container_isolated-1] [INFO] [1773124129.705302605] [controller_server]: Received a goal, begin computing control effort.
[component_container_isolated-1] [INFO] [1773124130.722312474] [planner_server]: RRT 规划结束 | 采样节点数: 611 | 耗时: 7.02 ms | 结果: 成功
[component_container_isolated-1] [INFO] [1773124130.755508071] [controller_server]: Passing new path to controller.
[component_container_isolated-1] [INFO] [1773124131.750133126] [planner_server]: RRT 规划结束 | 采样节点数: 512 | 耗时: 4.81 ms | 结果: 成功
[component_container_isolated-1] [WARN] [1773124131.750227204] [planner_server]: Planner loop missed its desired rate of 20.0000 Hz. Current loop rate is 10.0000 Hz
[component_container_isolated-1] [INFO] [1773124131.805517161] [controller_server]: Passing new path to controller.
[component_container_isolated-1] [INFO] [1773124132.784877796] [planner_server]: RRT 规划结束 | 采样节点数: 716 | 耗时: 9.67 ms | 结果: 成功
[component_container_isolated-1] [INFO] [1773124132.805507193] [controller_server]: Passing new path to controller.
[component_container_isolated-1] [INFO] [1773124133.821666079] [planner_server]: RRT 规划结束 | 采样节点数: 547 | 耗时: 6.43 ms | 结果: 成功
[component_container_isolated-1] [INFO] [1773124133.855514551] [controller_server]: Passing new path to controller.
[component_container_isolated-1] [INFO] [1773124134.851306802] [planner_server]: RRT 规划结束 | 采样节点数: 549 | 耗时: 5.64 ms | 结果: 成功
[component_container_isolated-1] [WARN] [1773124134.851468348] [planner_server]: Planner loop missed its desired rate of 20.0000 Hz. Current loop rate is 10.0000 Hz
[component_container_isolated-1] [INFO] [1773124134.905505912] [controller_server]: Passing new path to controller.
[component_container_isolated-1] [INFO] [1773124135.879993155] [planner_server]: RRT 规划结束 | 采样节点数: 515 | 耗时: 4.77 ms | 结果: 成功
[component_container_isolated-1] [INFO] [1773124135.905513938] [controller_server]: Passing new path to controller.
[component_container_isolated-1] [INFO] [1773124136.910158804] [planner_server]: RRT 规划结束 | 采样节点数: 484 | 耗时: 4.86 ms | 结果: 成功
[component_container_isolated-1] [INFO] [1773124136.955514137] [controller_server]: Passing new path to controller.
[component_container_isolated-1] [INFO] [1773124137.943269841] [planner_server]: RRT 规划结束 | 采样节点数: 647 | 耗时: 7.99 ms | 结果: 成功
[component_container_isolated-1] [INFO] [1773124138.005506768] [controller_server]: Passing new path to controller.
[component_container_isolated-1] [INFO] [1773124138.975501400] [planner_server]: RRT 规划结束 | 采样节点数: 603 | 耗时: 10.21 ms | 结果: 成功
[component_container_isolated-1] [INFO] [1773124139.005516896] [controller_server]: Passing new path to controller.
[component_container_isolated-1] [ERROR] [1773124139.755625753] [controller_server]: Failed to make progress
[component_container_isolated-1] [WARN] [1773124139.755723358] [controller_server]: [follow_path] [ActionServer] Aborting handle.
[component_container_isolated-1] [INFO] [1773124139.775141431] [local_costmap.local_costmap]: Received request to clear entirely the local_costmap
[component_container_isolated-1] [INFO] [1773124139.775561546] [controller_server]: Received a goal, begin computing control effort.
[component_container_isolated-1] [WARN] [1773124139.918474679] [controller_server]: Control loop missed its desired rate of 20.0000Hz
[component_container_isolated-1] [INFO] [1773124140.010942658] [planner_server]: RRT 规划结束 | 采样节点数: 537 | 耗时: 5.71 ms | 结果: 成功
[component_container_isolated-1] [INFO] [1773124140.076275892] [controller_server]: Passing new path to controller.
[component_container_isolated-1] [INFO] [1773124141.048445523] [planner_server]: RRT 规划结束 | 采样节点数: 775 | 耗时: 12.97 ms | 结果: 成功
[component_container_isolated-1] [INFO] [1773124141.068546708] [controller_server]: Passing new path to controller.
[component_container_isolated-1] [INFO] [1773124142.079881243] [planner_server]: RRT 规划结束 | 采样节点数: 451 | 耗时: 4.51 ms | 结果: 成功
[component_container_isolated-1] [INFO] [1773124142.118544741] [controller_server]: Passing new path to controller.
[component_container_isolated-1] [INFO] [1773124143.111434131] [planner_server]: RRT 规划结束 | 采样节点数: 563 | 耗时: 6.22 ms | 结果: 成功
[component_container_isolated-1] [INFO] [1773124143.168540786] [controller_server]: Passing new path to controller.
[component_container_isolated-1] [INFO] [1773124144.142408962] [planner_server]: RRT 规划结束 | 采样节点数: 595 | 耗时: 7.13 ms | 结果: 成功
[component_container_isolated-1] [INFO] [1773124144.168538022] [controller_server]: Passing new path to controller.
[component_container_isolated-1] [INFO] [1773124145.171085339] [planner_server]: RRT 规划结束 | 采样节点数: 530 | 耗时: 5.45 ms | 结果: 成功
[component_container_isolated-1] [INFO] [1773124145.218553335] [controller_server]: Passing new path to controller.
[component_container_isolated-1] [INFO] [1773124146.199469901] [planner_server]: RRT 规划结束 | 采样节点数: 469 | 耗时: 4.20 ms | 结果: 成功
[component_container_isolated-1] [INFO] [1773124146.218552117] [controller_server]: Passing new path to controller.
[component_container_isolated-1] [INFO] [1773124147.228827500] [planner_server]: RRT 规划结束 | 采样节点数: 417 | 耗时: 3.63 ms | 结果: 成功
[component_container_isolated-1] [INFO] [1773124147.268552645] [controller_server]: Passing new path to controller.
[component_container_isolated-1] [INFO] [1773124148.273912995] [planner_server]: RRT 规划结束 | 采样节点数: 931 | 耗时: 18.59 ms | 结果: 成功
[component_container_isolated-1] [WARN] [1773124148.274075903] [planner_server]: Planner loop missed its desired rate of 20.0000 Hz. Current loop rate is 10.0000 Hz
[component_container_isolated-1] [INFO] [1773124148.318541036] [controller_server]: Passing new path to controller.
[component_container_isolated-1] [INFO] [1773124149.299281640] [planner_server]: RRT 规划结束 | 采样节点数: 437 | 耗时: 3.97 ms | 结果: 成功
[component_container_isolated-1] [INFO] [1773124149.318542112] [controller_server]: Passing new path to controller.
[component_container_isolated-1] [ERROR] [1773124149.968573377] [controller_server]: Failed to make progress
[component_container_isolated-1] [WARN] [1773124149.968634903] [controller_server]: [follow_path] [ActionServer] Aborting handle.
[component_container_isolated-1] [INFO] [1773124149.985546271] [behavior_server]: Running spin
[component_container_isolated-1] [INFO] [1773124149.985729388] [behavior_server]: Turning 1.57 for spin behavior.
[component_container_isolated-1] [INFO] [1773124152.585920452] [behavior_server]: spin completed successfully
[component_container_isolated-1] [INFO] [1773124152.625474420] [planner_server]: RRT 规划结束 | 采样节点数: 634 | 耗时: 10.11 ms | 结果: 成功
[component_container_isolated-1] [INFO] [1773124152.645305972] [controller_server]: Received a goal, begin computing control effort.
[component_container_isolated-1] [INFO] [1773124153.660386535] [planner_server]: RRT 规划结束 | 采样节点数: 508 | 耗时: 5.03 ms | 结果: 成功
[component_container_isolated-1] [WARN] [1773124153.660555184] [planner_server]: Planner loop missed its desired rate of 20.0000 Hz. Current loop rate is 10.0000 Hz
[component_container_isolated-1] [INFO] [1773124153.695538794] [controller_server]: Passing new path to controller.
[component_container_isolated-1] [INFO] [1773124154.689816434] [planner_server]: RRT 规划结束 | 采样节点数: 446 | 耗时: 4.32 ms | 结果: 成功
[component_container_isolated-1] [INFO] [1773124154.745529875] [controller_server]: Passing new path to controller.
[component_container_isolated-1] [INFO] [1773124155.718753878] [planner_server]: RRT 规划结束 | 采样节点数: 386 | 耗时: 3.52 ms | 结果: 成功
[component_container_isolated-1] [INFO] [1773124155.745531061] [controller_server]: Passing new path to controller.
[component_container_isolated-1] [INFO] [1773124156.748663228] [planner_server]: RRT 规划结束 | 采样节点数: 423 | 耗时: 3.36 ms | 结果: 成功
[component_container_isolated-1] [INFO] [1773124156.795536743] [controller_server]: Passing new path to controller.
[component_container_isolated-1] [INFO] [1773124157.775844584] [planner_server]: RRT 规划结束 | 采样节点数: 55 | 耗时: 0.30 ms | 结果: 成功
[component_container_isolated-1] [INFO] [1773124157.795529698] [controller_server]: Passing new path to controller.
[component_container_isolated-1] [INFO] [1773124158.805418884] [planner_server]: RRT 规划结束 | 采样节点数: 49 | 耗时: 0.18 ms | 结果: 成功
[component_container_isolated-1] [INFO] [1773124158.845543719] [controller_server]: Passing new path to controller.
[component_container_isolated-1] [INFO] [1773124159.835480512] [planner_server]: RRT 规划结束 | 采样节点数: 33 | 耗时: 0.14 ms | 结果: 成功
[component_container_isolated-1] [INFO] [1773124159.895531196] [controller_server]: Passing new path to controller.
[component_container_isolated-1] [INFO] [1773124160.865615507] [planner_server]: RRT 规划结束 | 采样节点数: 42 | 耗时: 0.24 ms | 结果: 成功
[component_container_isolated-1] [INFO] [1773124160.895536376] [controller_server]: Passing new path to controller.
[component_container_isolated-1] [INFO] [1773124161.895445903] [planner_server]: RRT 规划结束 | 采样节点数: 49 | 耗时: 0.20 ms | 结果: 成功
[component_container_isolated-1] [INFO] [1773124161.945535689] [controller_server]: Passing new path to controller.
[component_container_isolated-1] [INFO] [1773124162.925569069] [planner_server]: RRT 规划结束 | 采样节点数: 44 | 耗时: 0.22 ms | 结果: 成功
[component_container_isolated-1] [INFO] [1773124162.945529002] [controller_server]: Passing new path to controller.
[component_container_isolated-1] [INFO] [1773124163.955411292] [planner_server]: RRT 规划结束 | 采样节点数: 32 | 耗时: 0.15 ms | 结果: 成功
[component_container_isolated-1] [INFO] [1773124163.995539761] [controller_server]: Passing new path to controller.
[component_container_isolated-1] [INFO] [1773124164.985416740] [planner_server]: RRT 规划结束 | 采样节点数: 40 | 耗时: 0.15 ms | 结果: 成功
[component_container_isolated-1] [INFO] [1773124165.045538344] [controller_server]: Passing new path to controller.
[component_container_isolated-1] [INFO] [1773124166.015534047] [planner_server]: RRT 规划结束 | 采样节点数: 41 | 耗时: 0.17 ms | 结果: 成功
[component_container_isolated-1] [INFO] [1773124166.045499749] [controller_server]: Passing new path to controller.
[component_container_isolated-1] [INFO] [1773124167.045425845] [planner_server]: RRT 规划结束 | 采样节点数: 29 | 耗时: 0.14 ms | 结果: 成功
[component_container_isolated-1] [INFO] [1773124167.095531158] [controller_server]: Passing new path to controller.
[component_container_isolated-1] [INFO] [1773124168.075878000] [planner_server]: RRT 规划结束 | 采样节点数: 48 | 耗时: 0.32 ms | 结果: 成功
[component_container_isolated-1] [INFO] [1773124168.095545829] [controller_server]: Passing new path to controller.
[component_container_isolated-1] [INFO] [1773124169.105651790] [planner_server]: RRT 规划结束 | 采样节点数: 36 | 耗时: 0.15 ms | 结果: 成功
[component_container_isolated-1] [INFO] [1773124169.145531035] [controller_server]: Passing new path to controller.
[component_container_isolated-1] [INFO] [1773124170.135480270] [planner_server]: RRT 规划结束 | 采样节点数: 33 | 耗时: 0.17 ms | 结果: 成功
[component_container_isolated-1] [INFO] [1773124170.195535464] [controller_server]: Passing new path to controller.
[component_container_isolated-1] [INFO] [1773124171.165718934] [planner_server]: RRT 规划结束 | 采样节点数: 26 | 耗时: 0.19 ms | 结果: 成功
[component_container_isolated-1] [INFO] [1773124171.195537084] [controller_server]: Passing new path to controller.
[component_container_isolated-1] [INFO] [1773124172.195626699] [planner_server]: RRT 规划结束 | 采样节点数: 24 | 耗时: 0.14 ms | 结果: 成功
[component_container_isolated-1] [INFO] [1773124172.245531429] [controller_server]: Passing new path to controller.
[component_container_isolated-1] [INFO] [1773124173.225400910] [planner_server]: RRT 规划结束 | 采样节点数: 27 | 耗时: 0.12 ms | 结果: 成功
[component_container_isolated-1] [INFO] [1773124173.245546722] [controller_server]: Passing new path to controller.
[component_container_isolated-1] [INFO] [1773124174.255621513] [planner_server]: RRT 规划结束 | 采样节点数: 29 | 耗时: 0.16 ms | 结果: 成功
[component_container_isolated-1] [INFO] [1773124174.295535521] [controller_server]: Passing new path to controller.
[component_container_isolated-1] [INFO] [1773124175.285566722] [planner_server]: RRT 规划结束 | 采样节点数: 22 | 耗时: 0.15 ms | 结果: 成功
[component_container_isolated-1] [INFO] [1773124175.345531331] [controller_server]: Passing new path to controller.
[component_container_isolated-1] [INFO] [1773124176.315378347] [planner_server]: RRT 规划结束 | 采样节点数: 3 | 耗时: 0.08 ms | 结果: 成功
[component_container_isolated-1] [INFO] [1773124176.345530758] [controller_server]: Passing new path to controller.
[component_container_isolated-1] [INFO] [1773124177.345410306] [planner_server]: RRT 规划结束 | 采样节点数: 2 | 耗时: 0.07 ms | 结果: 成功
[component_container_isolated-1] [INFO] [1773124177.395533406] [controller_server]: Passing new path to controller.
[component_container_isolated-1] [INFO] [1773124178.375318920] [planner_server]: RRT 规划结束 | 采样节点数: 2 | 耗时: 0.07 ms | 结果: 成功
[component_container_isolated-1] [INFO] [1773124178.395542758] [controller_server]: Passing new path to controller.
[component_container_isolated-1] [INFO] [1773124179.405300850] [planner_server]: RRT 规划结束 | 采样节点数: 2 | 耗时: 0.07 ms | 结果: 成功
[component_container_isolated-1] [INFO] [1773124179.445529652] [controller_server]: Passing new path to controller.
[component_container_isolated-1] [INFO] [1773124180.248571164] [controller_server]: Reached the goal!
[component_container_isolated-1] [INFO] [1773124180.285273514] [bt_navigator]: Goal succeeded
[WARNING] [launch]: user interrupted with ctrl-c (SIGINT)
[component_container_isolated-1] [INFO] [1773124214.036329936] [rclcpp]: signal_handler(signum=2)
[component_container_isolated-1] [INFO] [1773124214.036406551] [lifecycle_manager_navigation]: Running Nav2 LifecycleManager rcl preshutdown (lifecycle_manager_navigation)
[component_container_isolated-1] [INFO] [1773124214.036482334] [lifecycle_manager_navigation]: [34m[1mTerminating bond timer...[0m[0m
[rviz2-2] [INFO] [1773124214.036335226] [rclcpp]: signal_handler(signum=2)
[component_container_isolated-1] [INFO] [1773124214.123882810] [velocity_smoother]: Running Nav2 LifecycleNode rcl preshutdown (velocity_smoother)
[component_container_isolated-1] [INFO] [1773124214.124013106] [velocity_smoother]: Deactivating
[component_container_isolated-1] [INFO] [1773124214.124060486] [velocity_smoother]: Destroying bond (velocity_smoother) to lifecycle manager.
[component_container_isolated-1] [INFO] [1773124214.134194443] [velocity_smoother]: Cleaning up
[component_container_isolated-1] [INFO] [1773124214.134234448] [velocity_smoother]: Destroying bond (velocity_smoother) to lifecycle manager.
[component_container_isolated-1] [INFO] [1773124214.134244838] [bt_navigator]: Running Nav2 LifecycleNode rcl preshutdown (bt_navigator)
[component_container_isolated-1] [INFO] [1773124214.134263263] [bt_navigator]: Deactivating
[component_container_isolated-1] [INFO] [1773124214.134276157] [bt_navigator]: Destroying bond (bt_navigator) to lifecycle manager.
[component_container_isolated-1] [INFO] [1773124214.144427166] [bt_navigator]: Cleaning up
[component_container_isolated-1] [INFO] [1773124214.256085332] [bt_navigator]: Completed Cleaning up
[component_container_isolated-1] [INFO] [1773124214.256163570] [bt_navigator]: Destroying bond (bt_navigator) to lifecycle manager.
[component_container_isolated-1] [INFO] [1773124214.256179340] [lifecycle_manager_localization]: Running Nav2 LifecycleManager rcl preshutdown (lifecycle_manager_localization)
[component_container_isolated-1] [INFO] [1773124214.256192274] [lifecycle_manager_localization]: [34m[1mTerminating bond timer...[0m[0m
[component_container_isolated-1] [INFO] [1773124214.280703744] [planner_server]: Running Nav2 LifecycleNode rcl preshutdown (planner_server)
[component_container_isolated-1] [INFO] [1773124214.280769488] [planner_server]: Deactivating
[component_container_isolated-1] [INFO] [1773124214.280803753] [global_costmap.global_costmap]: Deactivating
[component_container_isolated-1] [INFO] [1773124214.675645620] [planner_server]: 正在停用类型为 RRTOriginPlanner 的插件 GridBased
[component_container_isolated-1] [INFO] [1773124214.675732223] [planner_server]: Destroying bond (planner_server) to lifecycle manager.
[component_container_isolated-1] [INFO] [1773124214.685864828] [planner_server]: Cleaning up
[component_container_isolated-1] [INFO] [1773124214.695384443] [global_costmap.global_costmap]: Cleaning up
[component_container_isolated-1] [INFO] [1773124214.699594676] [planner_server]: 正在清理类型为 RRTOriginPlanner 的插件 GridBased
[component_container_isolated-1] [INFO] [1773124214.709714336] [planner_server]: Destroying bond (planner_server) to lifecycle manager.
[component_container_isolated-1] [INFO] [1773124214.709747879] [amcl]: Running Nav2 LifecycleNode rcl preshutdown (amcl)
[component_container_isolated-1] [INFO] [1773124214.709768238] [amcl]: Deactivating
[component_container_isolated-1] [INFO] [1773124214.709789608] [amcl]: Destroying bond (amcl) to lifecycle manager.
[component_container_isolated-1] [INFO] [1773124214.719899189] [amcl]: Cleaning up
[component_container_isolated-1] [INFO] [1773124214.724772326] [amcl]: Destroying bond (amcl) to lifecycle manager.
[component_container_isolated-1] [INFO] [1773124214.724798185] [map_server]: Running Nav2 LifecycleNode rcl preshutdown (map_server)
[component_container_isolated-1] [INFO] [1773124214.724813754] [map_server]: Deactivating
[component_container_isolated-1] [INFO] [1773124214.724823292] [map_server]: Destroying bond (map_server) to lifecycle manager.
[component_container_isolated-1] [INFO] [1773124214.734943693] [map_server]: Cleaning up
[component_container_isolated-1] [INFO] [1773124214.735015379] [map_server]: Destroying bond (map_server) to lifecycle manager.
[component_container_isolated-1] [INFO] [1773124214.735026520] [waypoint_follower]: Running Nav2 LifecycleNode rcl preshutdown (waypoint_follower)
[component_container_isolated-1] [INFO] [1773124214.735046207] [waypoint_follower]: Deactivating
[component_container_isolated-1] [INFO] [1773124214.735062218] [waypoint_follower]: Destroying bond (waypoint_follower) to lifecycle manager.
[component_container_isolated-1] [INFO] [1773124214.745203088] [waypoint_follower]: Cleaning up
[component_container_isolated-1] [INFO] [1773124214.751810214] [waypoint_follower]: Destroying bond (waypoint_follower) to lifecycle manager.
[component_container_isolated-1] [INFO] [1773124214.751832566] [behavior_server]: Running Nav2 LifecycleNode rcl preshutdown (behavior_server)
[component_container_isolated-1] [INFO] [1773124214.751847665] [behavior_server]: Deactivating
[component_container_isolated-1] [INFO] [1773124214.751873584] [behavior_server]: Destroying bond (behavior_server) to lifecycle manager.
[component_container_isolated-1] [INFO] [1773124214.761981161] [behavior_server]: Cleaning up
[component_container_isolated-1] [INFO] [1773124214.766244995] [behavior_server]: Destroying bond (behavior_server) to lifecycle manager.
[component_container_isolated-1] [INFO] [1773124214.766266185] [smoother_server]: Running Nav2 LifecycleNode rcl preshutdown (smoother_server)
[component_container_isolated-1] [INFO] [1773124214.766281925] [smoother_server]: Deactivating
[component_container_isolated-1] [INFO] [1773124214.766296473] [smoother_server]: Destroying bond (smoother_server) to lifecycle manager.
[component_container_isolated-1] [INFO] [1773124214.776403799] [smoother_server]: Cleaning up
[component_container_isolated-1] [INFO] [1773124214.784800881] [smoother_server]: Destroying bond (smoother_server) to lifecycle manager.
[component_container_isolated-1] [INFO] [1773124214.784824636] [controller_server]: Running Nav2 LifecycleNode rcl preshutdown (controller_server)
[component_container_isolated-1] [INFO] [1773124214.784838582] [controller_server]: Deactivating
[component_container_isolated-1] [INFO] [1773124214.784869000] [local_costmap.local_costmap]: Deactivating
[component_container_isolated-1] [INFO] [1773124214.913970046] [controller_server]: Destroying bond (controller_server) to lifecycle manager.
[component_container_isolated-1] [INFO] [1773124214.924119322] [controller_server]: Cleaning up
[component_container_isolated-1] [INFO] [1773124214.924815759] [local_costmap.local_costmap]: Cleaning up
[component_container_isolated-1] [INFO] [1773124214.939355910] [controller_server]: Destroying bond (controller_server) to lifecycle manager.
[ERROR] [rviz2-2]: process has died [pid 9772, exit code -11, cmd '/opt/ros/humble/lib/rviz2/rviz2 -d /opt/ros/humble/share/nav2_bringup/rviz/nav2_default_view.rviz --ros-args -r __node:=rviz2 --params-file /tmp/launch_params_vfiuae7j'].
[ERROR] [component_container_isolated-1]: process[component_container_isolated-1] failed to terminate '5' seconds after receiving 'SIGINT', escalating to 'SIGTERM'
[INFO] [component_container_isolated-1]: sending signal 'SIGTERM' to process[component_container_isolated-1]
[component_container_isolated-1] [INFO] [1773124219.501345263] [rclcpp]: signal_handler(signum=15)
[ERROR] [component_container_isolated-1]: process[component_container_isolated-1] failed to terminate '10.0' seconds after receiving 'SIGTERM', escalating to 'SIGKILL'
[INFO] [component_container_isolated-1]: sending signal 'SIGKILL' to process[component_container_isolated-1]
[ERROR] [component_container_isolated-1]: process has died [pid 9770, exit code -9, cmd '/opt/ros/humble/lib/rclcpp_components/component_container_isolated --ros-args --log-level info --ros-args -r __node:=nav2_container --params-file /tmp/launch_params_dmx4_w4v --params-file /tmp/launch_params_syqkzjs6 -r /tf:=tf -r /tf_static:=tf_static'].
